{
  "id": 13,
  "duration": 355,
  "timestamp": 1171,
  "datapoints": [
    {
      "timeInShot": 300,
      "pressure": 0.1,
      "pumpFlow": 4,
      "weightFlow": 3.2,
      "temperature": 89.80000000000001,
      "shotWeight": 0.1,
      "waterPumped": 1.4000000000000001,
      "targetTemperature": 90,
      "targetPumpFlow": 4,
      "targetPressure": 4
    },
    {
      "timeInShot": 500,
      "pressure": 0.1,
      "pumpFlow": 4,
      "weightFlow": 2.7,
      "temperature": 89.80000000000001,
      "shotWeight": 0.1,
      "waterPumped": 1.4000000000000001,
      "targetTemperature": 90,
      "targetPumpFlow": 4,
      "targetPressure": 4
    },
    {
      "timeInShot": 600,
      "pressure": 0.1,
      "pumpFlow": 3.9000000000000004,
      "weightFlow": 2.3000000000000003,
      "temperature": 90,
      "shotWeight": 0.2,
      "waterPumped": 2.4000000000000004,
      "targetTemperature": 90,
      "targetPumpFlow": 4,
      "targetPressure": 4
    },
    {
      "timeInShot": 800,
      "pressure": 0.1,
      "pumpFlow": 3.9000000000000004,
      "weightFlow": 2.3000000000000003,
      "temperature": 89.5,
      "shotWeight": 0.2,
      "waterPumped": 2.4000000000000004,
      "targetTemperature": 90,
      "targetPumpFlow": 4,
      "targetPressure": 4
    },
    {
      "timeInShot": 900,
      "pressure": 0.1,
      "pumpFlow": 4,
      "weightFlow": 2,
      "temperature": 90,
      "shotWeight": 0.2,
      "waterPumped": 3.4000000000000004,
      "targetTemperature": 90,
      "targetPumpFlow": 4,
      "targetPressure": 4
    },
    {
      "timeInShot": 1100,
      "pressure": 0.1,
      "pumpFlow": 3.9000000000000004,
      "weightFlow": 1.7000000000000002,
      "temperature": 90,
      "shotWeight": 0.2,
      "waterPumped": 4.4,
      "targetTemperature": 90,
      "targetPumpFlow": 4,
      "targetPressure": 4
    },
    {
      "timeInShot": 1200,
      "pressure": 0.2,
      "pumpFlow": 3.9000000000000004,
      "weightFlow": 1.7000000000000002,
      "temperature": 90,
      "shotWeight": 0.2,
      "waterPumped": 4.4,
      "targetTemperature": 90,
      "targetPumpFlow": 4,
      "targetPressure": 4
    },
    {
      "timeInShot": 1400,
      "pressure": 0.2,
      "pumpFlow": 4,
      "weightFlow": 1.4000000000000001,
      "temperature": 90,
      "shotWeight": 0.2,
      "waterPumped": 5.4,
      "targetTemperature": 90,
      "targetPumpFlow": 4,
      "targetPressure": 4
    },
    {
      "timeInShot": 1500,
      "pressure": 0.1,
      "pumpFlow": 4,
      "weightFlow": 1.4000000000000001,
      "temperature": 90,
      "shotWeight": 0.2,
      "waterPumped": 5.4,
      "targetTemperature": 90,
      "targetPumpFlow": 4,
      "targetPressure": 4
    },
    {
      "timeInShot": 1700,
      "pressure": 0.1,
      "pumpFlow": 3.9000000000000004,
      "weightFlow": 1.2000000000000002,
      "temperature": 89.80000000000001,
      "shotWeight": 0.2,
      "waterPumped": 6.4,
      "targetTemperature": 90,
      "targetPumpFlow": 4,
      "targetPressure": 4
    },
    {
      "timeInShot": 1800,
      "pressure": 0.2,
      "pumpFlow": 4,
      "weightFlow": 1,
      "temperature": 90,
      "shotWeight": 0.1,
      "waterPumped": 7.4,
      "targetTemperature": 90,
      "targetPumpFlow": 4,
      "targetPressure": 4
    },
    {
      "timeInShot": 2000,
      "pressure": 0.1,
      "pumpFlow": 4,
      "weightFlow": 1,
      "temperature": 90,
      "shotWeight": 0.1,
      "waterPumped": 7.4,
      "targetTemperature": 90,
      "targetPumpFlow": 4,
      "targetPressure": 4
    },
    {
      "timeInShot": 2100,
      "pressure": 0.1,
      "pumpFlow": 3.9000000000000004,
      "weightFlow": 0.8,
      "temperature": 90,
      "shotWeight": 0.1,
      "waterPumped": 8.4,
      "targetTemperature": 90,
      "targetPumpFlow": 4,
      "targetPressure": 4
    },
    {
      "timeInShot": 2300,
      "pressure": 0.1,
      "pumpFlow": 3.9000000000000004,
      "weightFlow": 0.8,
      "temperature": 90,
      "shotWeight": 0.1,
      "waterPumped": 8.4,
      "targetTemperature": 90,
      "targetPumpFlow": 4,
      "targetPressure": 4
    },
    {
      "timeInShot": 2400,
      "pressure": 0.1,
      "pumpFlow": 4,
      "weightFlow": 0.7000000000000001,
      "temperature": 90,
      "shotWeight": 0.1,
      "waterPumped": 9.4,
      "targetTemperature": 90,
      "targetPumpFlow": 4,
      "targetPressure": 4
    },
    {
      "timeInShot": 2600,
      "pressure": 0.1,
      "pumpFlow": 4,
      "weightFlow": 0.6000000000000001,
      "temperature": 90,
      "shotWeight": 0.1,
      "waterPumped": 10.4,
      "targetTemperature": 90,
      "targetPumpFlow": 4,
      "targetPressure": 4
    },
    {
      "timeInShot": 2700,
      "pressure": 0,
      "pumpFlow": 4,
      "weightFlow": 0.6000000000000001,
      "temperature": 90,
      "shotWeight": 0.1,
      "waterPumped": 10.4,
      "targetTemperature": 90,
      "targetPumpFlow": 4,
      "targetPressure": 4
    },
    {
      "timeInShot": 2900,
      "pressure": 0.1,
      "pumpFlow": 4.1000000000000005,
      "weightFlow": 0.6000000000000001,
      "temperature": 90,
      "shotWeight": 0.2,
      "waterPumped": 11.4,
      "targetTemperature": 90,
      "targetPumpFlow": 4,
      "targetPressure": 4
    },
    {
      "timeInShot": 3000,
      "pressure": 0.2,
      "pumpFlow": 4.1000000000000005,
      "weightFlow": 0.6000000000000001,
      "temperature": 90,
      "shotWeight": 0.2,
      "waterPumped": 11.4,
      "targetTemperature": 90,
      "targetPumpFlow": 4,
      "targetPressure": 4
    },
    {
      "timeInShot": 3200,
      "pressure": 0.2,
      "pumpFlow": 4,
      "weightFlow": 0.5,
      "temperature": 89.80000000000001,
      "shotWeight": 0.2,
      "waterPumped": 12.4,
      "targetTemperature": 90,
      "targetPumpFlow": 4,
      "targetPressure": 4
    },
    {
      "timeInShot": 3300,
      "pressure": 0.1,
      "pumpFlow": 3.9000000000000004,
      "weightFlow": 0.5,
      "temperature": 90.9,
      "shotWeight": 0.1,
      "waterPumped": 13.4,
      "targetTemperature": 90,
      "targetPumpFlow": 4,
      "targetPressure": 4
    },
    {
      "timeInShot": 3500,
      "pressure": 0.2,
      "pumpFlow": 3.9000000000000004,
      "weightFlow": 0.5,
      "temperature": 90,
      "shotWeight": 0.1,
      "waterPumped": 13.4,
      "targetTemperature": 90,
      "targetPumpFlow": 4,
      "targetPressure": 4
    },
    {
      "timeInShot": 3600,
      "pressure": 0.30000000000000004,
      "pumpFlow": 4,
      "weightFlow": 0.5,
      "temperature": 90,
      "shotWeight": 0.2,
      "waterPumped": 14.4,
      "targetTemperature": 90,
      "targetPumpFlow": 4,
      "targetPressure": 4
    },
    {
      "timeInShot": 3800,
      "pressure": 0.2,
      "pumpFlow": 4,
      "weightFlow": 0.5,
      "temperature": 90,
      "shotWeight": 0.2,
      "waterPumped": 14.4,
      "targetTemperature": 90,
      "targetPumpFlow": 4,
      "targetPressure": 4
    },
    {
      "timeInShot": 3900,
      "pressure": 0.1,
      "pumpFlow": 3.9000000000000004,
      "weightFlow": 0.5,
      "temperature": 90.9,
      "shotWeight": 0.2,
      "waterPumped": 15.4,
      "targetTemperature": 90,
      "targetPumpFlow": 4,
      "targetPressure": 4
    },
    {
      "timeInShot": 4100,
      "pressure": 0.2,
      "pumpFlow": 4,
      "weightFlow": 0.4,
      "temperature": 90.9,
      "shotWeight": 0.1,
      "waterPumped": 16.400000000000002,
      "targetTemperature": 90,
      "targetPumpFlow": 4,
      "targetPressure": 4
    },
    {
      "timeInShot": 4300,
      "pressure": 0.30000000000000004,
      "pumpFlow": 4,
      "weightFlow": 0.4,
      "temperature": 90,
      "shotWeight": 0.1,
      "waterPumped": 16.400000000000002,
      "targetTemperature": 90,
      "targetPumpFlow": 4,
      "targetPressure": 4
    },
    {
      "timeInShot": 4400,
      "pressure": 0.30000000000000004,
      "pumpFlow": 3.9000000000000004,
      "weightFlow": 0.4,
      "temperature": 90.9,
      "shotWeight": 0.1,
      "waterPumped": 17.400000000000002,
      "targetTemperature": 90,
      "targetPumpFlow": 4,
      "targetPressure": 4
    },
    {
      "timeInShot": 4600,
      "pressure": 0.2,
      "pumpFlow": 3.9000000000000004,
      "weightFlow": 0.4,
      "temperature": 89.80000000000001,
      "shotWeight": 0.1,
      "waterPumped": 17.400000000000002,
      "targetTemperature": 90,
      "targetPumpFlow": 4,
      "targetPressure": 4
    },
    {
      "timeInShot": 4700,
      "pressure": 0.2,
      "pumpFlow": 4,
      "weightFlow": 0.4,
      "temperature": 90,
      "shotWeight": 0.1,
      "waterPumped": 18.400000000000002,
      "targetTemperature": 90,
      "targetPumpFlow": 4,
      "targetPressure": 4
    },
    {
      "timeInShot": 4900,
      "pressure": 0.30000000000000004,
      "pumpFlow": 3.9000000000000004,
      "weightFlow": 0.4,
      "temperature": 90.9,
      "shotWeight": 0.2,
      "waterPumped": 19.3,
      "targetTemperature": 90,
      "targetPumpFlow": 4,
      "targetPressure": 4
    },
    {
      "timeInShot": 5000,
      "pressure": 0.2,
      "pumpFlow": 3.9000000000000004,
      "weightFlow": 0.4,
      "temperature": 90,
      "shotWeight": 0.2,
      "waterPumped": 19.3,
      "targetTemperature": 90,
      "targetPumpFlow": 4,
      "targetPressure": 4
    },
    {
      "timeInShot": 5200,
      "pressure": 0.30000000000000004,
      "pumpFlow": 4,
      "weightFlow": 0.4,
      "temperature": 90,
      "shotWeight": 0.2,
      "waterPumped": 20.400000000000002,
      "targetTemperature": 90,
      "targetPumpFlow": 4,
      "targetPressure": 4
    },
    {
      "timeInShot": 5300,
      "pressure": 0.30000000000000004,
      "pumpFlow": 4,
      "weightFlow": 0.4,
      "temperature": 90.9,
      "shotWeight": 0.2,
      "waterPumped": 20.400000000000002,
      "targetTemperature": 90,
      "targetPumpFlow": 4,
      "targetPressure": 4
    },
    {
      "timeInShot": 5500,
      "pressure": 0.2,
      "pumpFlow": 4.1000000000000005,
      "weightFlow": 0.4,
      "temperature": 90,
      "shotWeight": 0.2,
      "waterPumped": 21.400000000000002,
      "targetTemperature": 90,
      "targetPumpFlow": 4,
      "targetPressure": 4
    },
    {
      "timeInShot": 5600,
      "pressure": 0.2,
      "pumpFlow": 4,
      "weightFlow": 0.30000000000000004,
      "temperature": 90,
      "shotWeight": 0.1,
      "waterPumped": 22.400000000000002,
      "targetTemperature": 90,
      "targetPumpFlow": 4,
      "targetPressure": 4
    },
    {
      "timeInShot": 5800,
      "pressure": 0.30000000000000004,
      "pumpFlow": 4,
      "weightFlow": 0.30000000000000004,
      "temperature": 90.9,
      "shotWeight": 0.1,
      "waterPumped": 22.400000000000002,
      "targetTemperature": 90,
      "targetPumpFlow": 4,
      "targetPressure": 4
    },
    {
      "timeInShot": 5900,
      "pressure": 0.30000000000000004,
      "pumpFlow": 4.1000000000000005,
      "weightFlow": 0.30000000000000004,
      "temperature": 90,
      "shotWeight": 0.2,
      "waterPumped": 23.400000000000002,
      "targetTemperature": 90,
      "targetPumpFlow": 4,
      "targetPressure": 4
    },
    {
      "timeInShot": 6100,
      "pressure": 0.30000000000000004,
      "pumpFlow": 4.1000000000000005,
      "weightFlow": 0.30000000000000004,
      "temperature": 90.9,
      "shotWeight": 0.2,
      "waterPumped": 23.400000000000002,
      "targetTemperature": 90,
      "targetPumpFlow": 4,
      "targetPressure": 4
    },
    {
      "timeInShot": 6200,
      "pressure": 0.4,
      "pumpFlow": 4,
      "weightFlow": 0.30000000000000004,
      "temperature": 90.9,
      "shotWeight": 0.2,
      "waterPumped": 24.400000000000002,
      "targetTemperature": 90,
      "targetPumpFlow": 4,
      "targetPressure": 4
    },
    {
      "timeInShot": 6400,
      "pressure": 0.5,
      "pumpFlow": 4,
      "weightFlow": 0.30000000000000004,
      "temperature": 90.9,
      "shotWeight": 0.2,
      "waterPumped": 25.400000000000002,
      "targetTemperature": 90,
      "targetPumpFlow": 4,
      "targetPressure": 4
    },
    {
      "timeInShot": 6500,
      "pressure": 0.4,
      "pumpFlow": 4,
      "weightFlow": 0.30000000000000004,
      "temperature": 90.9,
      "shotWeight": 0.2,
      "waterPumped": 25.400000000000002,
      "targetTemperature": 90,
      "targetPumpFlow": 4,
      "targetPressure": 4
    },
    {
      "timeInShot": 6700,
      "pressure": 0.6000000000000001,
      "pumpFlow": 4.1000000000000005,
      "weightFlow": 0.30000000000000004,
      "temperature": 90,
      "shotWeight": 0.2,
      "waterPumped": 26.400000000000002,
      "targetTemperature": 90,
      "targetPumpFlow": 4,
      "targetPressure": 4
    },
    {
      "timeInShot": 6800,
      "pressure": 0.6000000000000001,
      "pumpFlow": 4.1000000000000005,
      "weightFlow": 0.30000000000000004,
      "temperature": 90.9,
      "shotWeight": 0.2,
      "waterPumped": 26.400000000000002,
      "targetTemperature": 90,
      "targetPumpFlow": 4,
      "targetPressure": 4
    },
    {
      "timeInShot": 7000,
      "pressure": 0.6000000000000001,
      "pumpFlow": 4,
      "weightFlow": 0.30000000000000004,
      "temperature": 90.9,
      "shotWeight": 0.2,
      "waterPumped": 27.400000000000002,
      "targetTemperature": 90,
      "targetPumpFlow": 4,
      "targetPressure": 4
    },
    {
      "timeInShot": 7100,
      "pressure": 0.8,
      "pumpFlow": 4,
      "weightFlow": 0.30000000000000004,
      "temperature": 90.9,
      "shotWeight": 0.1,
      "waterPumped": 28.400000000000002,
      "targetTemperature": 90,
      "targetPumpFlow": 4,
      "targetPressure": 4
    },
    {
      "timeInShot": 7300,
      "pressure": 0.6000000000000001,
      "pumpFlow": 4,
      "weightFlow": 0.30000000000000004,
      "temperature": 90.9,
      "shotWeight": 0.1,
      "waterPumped": 28.400000000000002,
      "targetTemperature": 90,
      "targetPumpFlow": 4,
      "targetPressure": 4
    },
    {
      "timeInShot": 7400,
      "pressure": 0.9,
      "pumpFlow": 4,
      "weightFlow": 0.30000000000000004,
      "temperature": 90.9,
      "shotWeight": 0.2,
      "waterPumped": 29.400000000000002,
      "targetTemperature": 90,
      "targetPumpFlow": 4,
      "targetPressure": 4
    },
    {
      "timeInShot": 7600,
      "pressure": 0.9,
      "pumpFlow": 4,
      "weightFlow": 0.30000000000000004,
      "temperature": 90.9,
      "shotWeight": 0.2,
      "waterPumped": 29.400000000000002,
      "targetTemperature": 90,
      "targetPumpFlow": 4,
      "targetPressure": 4
    },
    {
      "timeInShot": 7700,
      "pressure": 1.2000000000000002,
      "pumpFlow": 4,
      "weightFlow": 0.30000000000000004,
      "temperature": 90.9,
      "shotWeight": 0.2,
      "waterPumped": 30.400000000000002,
      "targetTemperature": 90,
      "targetPumpFlow": 4,
      "targetPressure": 4
    },
    {
      "timeInShot": 7900,
      "pressure": 0.8,
      "pumpFlow": 4,
      "weightFlow": 0.30000000000000004,
      "temperature": 90.9,
      "shotWeight": 0.2,
      "waterPumped": 31.400000000000002,
      "targetTemperature": 90,
      "targetPumpFlow": 4,
      "targetPressure": 4
    },
    {
      "timeInShot": 8000,
      "pressure": 1,
      "pumpFlow": 4,
      "weightFlow": 0.30000000000000004,
      "temperature": 90.9,
      "shotWeight": 0.2,
      "waterPumped": 31.400000000000002,
      "targetTemperature": 90,
      "targetPumpFlow": 4,
      "targetPressure": 4
    },
    {
      "timeInShot": 8200,
      "pressure": 1.2000000000000002,
      "pumpFlow": 4,
      "weightFlow": 0.30000000000000004,
      "temperature": 90.9,
      "shotWeight": 0.2,
      "waterPumped": 32.4,
      "targetTemperature": 90,
      "targetPumpFlow": 4,
      "targetPressure": 4
    },
    {
      "timeInShot": 8300,
      "pressure": 1.2000000000000002,
      "pumpFlow": 4,
      "weightFlow": 0.30000000000000004,
      "temperature": 90.9,
      "shotWeight": 0.2,
      "waterPumped": 32.4,
      "targetTemperature": 90,
      "targetPumpFlow": 4,
      "targetPressure": 4
    },
    {
      "timeInShot": 8500,
      "pressure": 1,
      "pumpFlow": 4,
      "weightFlow": 0.30000000000000004,
      "temperature": 90.9,
      "shotWeight": 0.2,
      "waterPumped": 33.4,
      "targetTemperature": 90,
      "targetPumpFlow": 4,
      "targetPressure": 4
    },
    {
      "timeInShot": 8600,
      "pressure": 1.3,
      "pumpFlow": 4,
      "weightFlow": 0.30000000000000004,
      "temperature": 90.9,
      "shotWeight": 0.2,
      "waterPumped": 34.5,
      "targetTemperature": 90,
      "targetPumpFlow": 4,
      "targetPressure": 4
    },
    {
      "timeInShot": 8800,
      "pressure": 1.5,
      "pumpFlow": 4,
      "weightFlow": 0.30000000000000004,
      "temperature": 90.9,
      "shotWeight": 0.2,
      "waterPumped": 34.5,
      "targetTemperature": 90,
      "targetPumpFlow": 4,
      "targetPressure": 4
    },
    {
      "timeInShot": 8900,
      "pressure": 1.7000000000000002,
      "pumpFlow": 4,
      "weightFlow": 0.30000000000000004,
      "temperature": 90.9,
      "shotWeight": 0.2,
      "waterPumped": 35.5,
      "targetTemperature": 90,
      "targetPumpFlow": 4,
      "targetPressure": 4
    },
    {
      "timeInShot": 9100,
      "pressure": 1.7000000000000002,
      "pumpFlow": 4,
      "weightFlow": 0.30000000000000004,
      "temperature": 90.9,
      "shotWeight": 0.2,
      "waterPumped": 35.5,
      "targetTemperature": 90,
      "targetPumpFlow": 4,
      "targetPressure": 4
    },
    {
      "timeInShot": 9200,
      "pressure": 1.5,
      "pumpFlow": 4,
      "weightFlow": 0.2,
      "temperature": 90.9,
      "shotWeight": 0.2,
      "waterPumped": 36.5,
      "targetTemperature": 90,
      "targetPumpFlow": 4,
      "targetPressure": 4
    },
    {
      "timeInShot": 9400,
      "pressure": 1.8,
      "pumpFlow": 4,
      "weightFlow": 0.2,
      "temperature": 90.9,
      "shotWeight": 0.2,
      "waterPumped": 37.5,
      "targetTemperature": 90,
      "targetPumpFlow": 4,
      "targetPressure": 4
    },
    {
      "timeInShot": 9600,
      "pressure": 1.9000000000000001,
      "pumpFlow": 4,
      "weightFlow": 0.2,
      "temperature": 90.9,
      "shotWeight": 0.2,
      "waterPumped": 37.5,
      "targetTemperature": 90,
      "targetPumpFlow": 4,
      "targetPressure": 4
    },
    {
      "timeInShot": 9700,
      "pressure": 2.3000000000000003,
      "pumpFlow": 4,
      "weightFlow": 0.2,
      "temperature": 90.9,
      "shotWeight": 0.2,
      "waterPumped": 38.5,
      "targetTemperature": 90,
      "targetPumpFlow": 4,
      "targetPressure": 4
    },
    {
      "timeInShot": 9900,
      "pressure": 2.2,
      "pumpFlow": 3.9000000000000004,
      "weightFlow": 0.2,
      "temperature": 90.9,
      "shotWeight": 0.2,
      "waterPumped": 39.400000000000006,
      "targetTemperature": 90,
      "targetPumpFlow": 4,
      "targetPressure": 4
    },
    {
      "timeInShot": 10000,
      "pressure": 3,
      "pumpFlow": 3.9000000000000004,
      "weightFlow": 0.2,
      "temperature": 90.9,
      "shotWeight": 0.2,
      "waterPumped": 39.400000000000006,
      "targetTemperature": 90,
      "targetPumpFlow": 4,
      "targetPressure": 4
    },
    {
      "timeInShot": 10200,
      "pressure": 2.8000000000000003,
      "pumpFlow": 3.9000000000000004,
      "weightFlow": 0.2,
      "temperature": 90.9,
      "shotWeight": 0.1,
      "waterPumped": 40.400000000000006,
      "targetTemperature": 90,
      "targetPumpFlow": 4,
      "targetPressure": 4
    },
    {
      "timeInShot": 10300,
      "pressure": 3.1,
      "pumpFlow": 3.9000000000000004,
      "weightFlow": 0.2,
      "temperature": 90.9,
      "shotWeight": 0.1,
      "waterPumped": 40.400000000000006,
      "targetTemperature": 90,
      "targetPumpFlow": 4,
      "targetPressure": 4
    },
    {
      "timeInShot": 10500,
      "pressure": 3.6,
      "pumpFlow": 3.9000000000000004,
      "weightFlow": 0.2,
      "temperature": 90.9,
      "shotWeight": 0.1,
      "waterPumped": 41.400000000000006,
      "targetTemperature": 90,
      "targetPumpFlow": 4,
      "targetPressure": 4
    },
    {
      "timeInShot": 10600,
      "pressure": 3.9000000000000004,
      "pumpFlow": 3.8000000000000003,
      "weightFlow": 0.2,
      "temperature": 90.9,
      "shotWeight": 0.30000000000000004,
      "waterPumped": 42.400000000000006,
      "targetTemperature": 90,
      "targetPumpFlow": 4,
      "targetPressure": 4
    },
    {
      "timeInShot": 10800,
      "pressure": 4.6000000000000005,
      "pumpFlow": 3.8000000000000003,
      "weightFlow": 0.2,
      "temperature": 90.9,
      "shotWeight": 0.30000000000000004,
      "waterPumped": 42.400000000000006,
      "targetTemperature": 90,
      "targetPumpFlow": 3.8000000000000003,
      "targetPressure": 9
    },
    {
      "timeInShot": 10900,
      "pressure": 5.1000000000000005,
      "pumpFlow": 3.8000000000000003,
      "weightFlow": 0.2,
      "temperature": 90.9,
      "shotWeight": 0.2,
      "waterPumped": 43.300000000000004,
      "targetTemperature": 90,
      "targetPumpFlow": 3.8000000000000003,
      "targetPressure": 9
    },
    {
      "timeInShot": 11100,
      "pressure": 5.9,
      "pumpFlow": 3.8000000000000003,
      "weightFlow": 0.2,
      "temperature": 90.9,
      "shotWeight": 0.2,
      "waterPumped": 43.300000000000004,
      "targetTemperature": 90,
      "targetPumpFlow": 3.8000000000000003,
      "targetPressure": 9
    },
    {
      "timeInShot": 11200,
      "pressure": 6.4,
      "pumpFlow": 3.8000000000000003,
      "weightFlow": 0.2,
      "temperature": 91,
      "shotWeight": 0.2,
      "waterPumped": 44.300000000000004,
      "targetTemperature": 90,
      "targetPumpFlow": 3.9000000000000004,
      "targetPressure": 9
    },
    {
      "timeInShot": 11400,
      "pressure": 7.300000000000001,
      "pumpFlow": 3.8000000000000003,
      "weightFlow": 0.30000000000000004,
      "temperature": 91,
      "shotWeight": 1,
      "waterPumped": 45.2,
      "targetTemperature": 90,
      "targetPumpFlow": 3.9000000000000004,
      "targetPressure": 9
    },
    {
      "timeInShot": 11500,
      "pressure": 8.1,
      "pumpFlow": 3.8000000000000003,
      "weightFlow": 0.30000000000000004,
      "temperature": 91,
      "shotWeight": 1,
      "waterPumped": 45.2,
      "targetTemperature": 90,
      "targetPumpFlow": 3.9000000000000004,
      "targetPressure": 9
    },
    {
      "timeInShot": 11700,
      "pressure": 9,
      "pumpFlow": 3.7,
      "weightFlow": 0.5,
      "temperature": 91,
      "shotWeight": 2.1,
      "waterPumped": 46.1,
      "targetTemperature": 90,
      "targetPumpFlow": 3.9000000000000004,
      "targetPressure": 9
    },
    {
      "timeInShot": 11800,
      "pressure": 9,
      "pumpFlow": 3.7,
      "weightFlow": 0.5,
      "temperature": 91,
      "shotWeight": 2.1,
      "waterPumped": 46.1,
      "targetTemperature": 90,
      "targetPumpFlow": 3.9000000000000004,
      "targetPressure": 9
    },
    {
      "timeInShot": 12000,
      "pressure": 8.8,
      "pumpFlow": 3.6,
      "weightFlow": 0.7000000000000001,
      "temperature": 91,
      "shotWeight": 2.9000000000000004,
      "waterPumped": 47.1,
      "targetTemperature": 90,
      "targetPumpFlow": 3.9000000000000004,
      "targetPressure": 9
    },
    {
      "timeInShot": 12100,
      "pressure": 9.1,
      "pumpFlow": 3.5,
      "weightFlow": 0.8,
      "temperature": 91,
      "shotWeight": 3.4000000000000004,
      "waterPumped": 47.900000000000006,
      "targetTemperature": 90,
      "targetPumpFlow": 3.9000000000000004,
      "targetPressure": 9
    },
    {
      "timeInShot": 12300,
      "pressure": 9.1,
      "pumpFlow": 3.5,
      "weightFlow": 0.8,
      "temperature": 91,
      "shotWeight": 3.4000000000000004,
      "waterPumped": 47.900000000000006,
      "targetTemperature": 90,
      "targetPumpFlow": 3.9000000000000004,
      "targetPressure": 9
    },
    {
      "timeInShot": 12400,
      "pressure": 8.9,
      "pumpFlow": 3.2,
      "weightFlow": 1.2000000000000002,
      "temperature": 91,
      "shotWeight": 4.5,
      "waterPumped": 48.7,
      "targetTemperature": 90,
      "targetPumpFlow": 3.9000000000000004,
      "targetPressure": 9
    },
    {
      "timeInShot": 12600,
      "pressure": 9.200000000000001,
      "pumpFlow": 3.2,
      "weightFlow": 1.2000000000000002,
      "temperature": 91,
      "shotWeight": 4.5,
      "waterPumped": 48.7,
      "targetTemperature": 90,
      "targetPumpFlow": 3.9000000000000004,
      "targetPressure": 9
    },
    {
      "timeInShot": 12700,
      "pressure": 8.9,
      "pumpFlow": 2.9000000000000004,
      "weightFlow": 1.3,
      "temperature": 91,
      "shotWeight": 5,
      "waterPumped": 49.5,
      "targetTemperature": 90,
      "targetPumpFlow": 3.9000000000000004,
      "targetPressure": 9
    },
    {
      "timeInShot": 12900,
      "pressure": 9.1,
      "pumpFlow": 2.8000000000000003,
      "weightFlow": 1.5,
      "temperature": 91,
      "shotWeight": 5.800000000000001,
      "waterPumped": 50.2,
      "targetTemperature": 90,
      "targetPumpFlow": 3.9000000000000004,
      "targetPressure": 9
    },
    {
      "timeInShot": 13000,
      "pressure": 8.9,
      "pumpFlow": 2.8000000000000003,
      "weightFlow": 1.5,
      "temperature": 91,
      "shotWeight": 5.800000000000001,
      "waterPumped": 50.2,
      "targetTemperature": 90,
      "targetPumpFlow": 3.9000000000000004,
      "targetPressure": 9
    },
    {
      "timeInShot": 13200,
      "pressure": 9,
      "pumpFlow": 2.6,
      "weightFlow": 1.6,
      "temperature": 91,
      "shotWeight": 6.300000000000001,
      "waterPumped": 50.800000000000004,
      "targetTemperature": 90,
      "targetPumpFlow": 3.9000000000000004,
      "targetPressure": 9
    },
    {
      "timeInShot": 13300,
      "pressure": 8.9,
      "pumpFlow": 2.6,
      "weightFlow": 1.6,
      "temperature": 91,
      "shotWeight": 6.300000000000001,
      "waterPumped": 50.800000000000004,
      "targetTemperature": 90,
      "targetPumpFlow": 3.9000000000000004,
      "targetPressure": 9
    },
    {
      "timeInShot": 13500,
      "pressure": 9.1,
      "pumpFlow": 2.4000000000000004,
      "weightFlow": 1.7000000000000002,
      "temperature": 91,
      "shotWeight": 7,
      "waterPumped": 51.400000000000006,
      "targetTemperature": 90,
      "targetPumpFlow": 3.9000000000000004,
      "targetPressure": 9
    },
    {
      "timeInShot": 13700,
      "pressure": 8.8,
      "pumpFlow": 2.2,
      "weightFlow": 1.9000000000000001,
      "temperature": 91,
      "shotWeight": 7.800000000000001,
      "waterPumped": 52,
      "targetTemperature": 90,
      "targetPumpFlow": 3.9000000000000004,
      "targetPressure": 9
    },
    {
      "timeInShot": 13800,
      "pressure": 9.1,
      "pumpFlow": 2.2,
      "weightFlow": 1.9000000000000001,
      "temperature": 91,
      "shotWeight": 7.800000000000001,
      "waterPumped": 52,
      "targetTemperature": 90,
      "targetPumpFlow": 3.9000000000000004,
      "targetPressure": 9
    },
    {
      "timeInShot": 14000,
      "pressure": 8.9,
      "pumpFlow": 2.1,
      "weightFlow": 1.9000000000000001,
      "temperature": 91,
      "shotWeight": 8.3,
      "waterPumped": 52.5,
      "targetTemperature": 90,
      "targetPumpFlow": 3.9000000000000004,
      "targetPressure": 9
    },
    {
      "timeInShot": 14100,
      "pressure": 8.700000000000001,
      "pumpFlow": 2.1,
      "weightFlow": 1.9000000000000001,
      "temperature": 91,
      "shotWeight": 8.3,
      "waterPumped": 52.5,
      "targetTemperature": 90,
      "targetPumpFlow": 3.9000000000000004,
      "targetPressure": 9
    },
    {
      "timeInShot": 14300,
      "pressure": 8.8,
      "pumpFlow": 2.1,
      "weightFlow": 2.1,
      "temperature": 91,
      "shotWeight": 9.200000000000001,
      "waterPumped": 53,
      "targetTemperature": 90,
      "targetPumpFlow": 4,
      "targetPressure": 9
    },
    {
      "timeInShot": 14400,
      "pressure": 8.9,
      "pumpFlow": 2.1,
      "weightFlow": 2.1,
      "temperature": 91,
      "shotWeight": 9.700000000000001,
      "waterPumped": 53.6,
      "targetTemperature": 90,
      "targetPumpFlow": 4,
      "targetPressure": 9
    },
    {
      "timeInShot": 14600,
      "pressure": 9.1,
      "pumpFlow": 2.1,
      "weightFlow": 2.1,
      "temperature": 91,
      "shotWeight": 9.700000000000001,
      "waterPumped": 53.6,
      "targetTemperature": 90,
      "targetPumpFlow": 4,
      "targetPressure": 9
    },
    {
      "timeInShot": 14700,
      "pressure": 8.8,
      "pumpFlow": 2.1,
      "weightFlow": 2.1,
      "temperature": 91,
      "shotWeight": 10.3,
      "waterPumped": 54.1,
      "targetTemperature": 90,
      "targetPumpFlow": 4,
      "targetPressure": 9
    },
    {
      "timeInShot": 14900,
      "pressure": 8.9,
      "pumpFlow": 2.1,
      "weightFlow": 2.1,
      "temperature": 91,
      "shotWeight": 10.3,
      "waterPumped": 54.1,
      "targetTemperature": 90,
      "targetPumpFlow": 4,
      "targetPressure": 9
    },
    {
      "timeInShot": 15000,
      "pressure": 8.9,
      "pumpFlow": 2.1,
      "weightFlow": 2.3000000000000003,
      "temperature": 91,
      "shotWeight": 11.200000000000001,
      "waterPumped": 54.6,
      "targetTemperature": 90,
      "targetPumpFlow": 4,
      "targetPressure": 9
    },
    {
      "timeInShot": 15200,
      "pressure": 9,
      "pumpFlow": 2,
      "weightFlow": 2.3000000000000003,
      "temperature": 91,
      "shotWeight": 11.8,
      "waterPumped": 55.1,
      "targetTemperature": 90,
      "targetPumpFlow": 4,
      "targetPressure": 9
    },
    {
      "timeInShot": 15300,
      "pressure": 8.700000000000001,
      "pumpFlow": 2,
      "weightFlow": 2.3000000000000003,
      "temperature": 91,
      "shotWeight": 11.8,
      "waterPumped": 55.1,
      "targetTemperature": 90,
      "targetPumpFlow": 4,
      "targetPressure": 9
    },
    {
      "timeInShot": 15500,
      "pressure": 8.9,
      "pumpFlow": 2.1,
      "weightFlow": 2.3000000000000003,
      "temperature": 91,
      "shotWeight": 12.5,
      "waterPumped": 55.6,
      "targetTemperature": 90,
      "targetPumpFlow": 4,
      "targetPressure": 9
    },
    {
      "timeInShot": 15600,
      "pressure": 9,
      "pumpFlow": 2.1,
      "weightFlow": 2.3000000000000003,
      "temperature": 91,
      "shotWeight": 12.5,
      "waterPumped": 55.6,
      "targetTemperature": 90,
      "targetPumpFlow": 4,
      "targetPressure": 9
    },
    {
      "timeInShot": 15800,
      "pressure": 8.200000000000001,
      "pumpFlow": 2.1,
      "weightFlow": 2.3000000000000003,
      "temperature": 91,
      "shotWeight": 13.100000000000001,
      "waterPumped": 56.2,
      "targetTemperature": 90,
      "targetPumpFlow": 4,
      "targetPressure": 6
    },
    {
      "timeInShot": 15900,
      "pressure": 7.1000000000000005,
      "pumpFlow": 1.8,
      "weightFlow": 2.4000000000000004,
      "temperature": 91,
      "shotWeight": 13.8,
      "waterPumped": 56.6,
      "targetTemperature": 90,
      "targetPumpFlow": 4,
      "targetPressure": 6
    },
    {
      "timeInShot": 16100,
      "pressure": 6.300000000000001,
      "pumpFlow": 1.8,
      "weightFlow": 2.4000000000000004,
      "temperature": 91,
      "shotWeight": 13.8,
      "waterPumped": 56.6,
      "targetTemperature": 90,
      "targetPumpFlow": 4,
      "targetPressure": 6
    },
    {
      "timeInShot": 16200,
      "pressure": 5.9,
      "pumpFlow": 1.8,
      "weightFlow": 2.4000000000000004,
      "temperature": 91,
      "shotWeight": 14.600000000000001,
      "waterPumped": 57.1,
      "targetTemperature": 90,
      "targetPumpFlow": 4,
      "targetPressure": 6
    },
    {
      "timeInShot": 16400,
      "pressure": 6,
      "pumpFlow": 1.8,
      "weightFlow": 2.4000000000000004,
      "temperature": 91,
      "shotWeight": 14.600000000000001,
      "waterPumped": 57.1,
      "targetTemperature": 90,
      "targetPumpFlow": 4,
      "targetPressure": 6
    },
    {
      "timeInShot": 16500,
      "pressure": 6.1000000000000005,
      "pumpFlow": 1.7000000000000002,
      "weightFlow": 2.4000000000000004,
      "temperature": 91,
      "shotWeight": 15,
      "waterPumped": 57.5,
      "targetTemperature": 90,
      "targetPumpFlow": 4,
      "targetPressure": 6
    },
    {
      "timeInShot": 16700,
      "pressure": 5.9,
      "pumpFlow": 1.6,
      "weightFlow": 2.4000000000000004,
      "temperature": 91,
      "shotWeight": 15.600000000000001,
      "waterPumped": 57.900000000000006,
      "targetTemperature": 90,
      "targetPumpFlow": 4,
      "targetPressure": 6
    },
    {
      "timeInShot": 16800,
      "pressure": 5.9,
      "pumpFlow": 1.6,
      "weightFlow": 2.4000000000000004,
      "temperature": 91,
      "shotWeight": 15.600000000000001,
      "waterPumped": 57.900000000000006,
      "targetTemperature": 90,
      "targetPumpFlow": 4,
      "targetPressure": 6
    },
    {
      "timeInShot": 17000,
      "pressure": 6,
      "pumpFlow": 1.7000000000000002,
      "weightFlow": 2.3000000000000003,
      "temperature": 91,
      "shotWeight": 16,
      "waterPumped": 58.300000000000004,
      "targetTemperature": 90,
      "targetPumpFlow": 4,
      "targetPressure": 6
    },
    {
      "timeInShot": 17100,
      "pressure": 6,
      "pumpFlow": 1.7000000000000002,
      "weightFlow": 2.3000000000000003,
      "temperature": 91,
      "shotWeight": 16,
      "waterPumped": 58.300000000000004,
      "targetTemperature": 90,
      "targetPumpFlow": 4,
      "targetPressure": 6
    },
    {
      "timeInShot": 17300,
      "pressure": 5.9,
      "pumpFlow": 1.7000000000000002,
      "weightFlow": 2.3000000000000003,
      "temperature": 91,
      "shotWeight": 16.6,
      "waterPumped": 58.800000000000004,
      "targetTemperature": 90,
      "targetPumpFlow": 4,
      "targetPressure": 6
    },
    {
      "timeInShot": 17400,
      "pressure": 6,
      "pumpFlow": 1.7000000000000002,
      "weightFlow": 2.3000000000000003,
      "temperature": 91,
      "shotWeight": 17.3,
      "waterPumped": 59.2,
      "targetTemperature": 90,
      "targetPumpFlow": 4,
      "targetPressure": 6
    },
    {
      "timeInShot": 17600,
      "pressure": 6,
      "pumpFlow": 1.7000000000000002,
      "weightFlow": 2.3000000000000003,
      "temperature": 91,
      "shotWeight": 17.3,
      "waterPumped": 59.2,
      "targetTemperature": 90,
      "targetPumpFlow": 4,
      "targetPressure": 6
    },
    {
      "timeInShot": 17700,
      "pressure": 5.9,
      "pumpFlow": 1.6,
      "weightFlow": 2.3000000000000003,
      "temperature": 91,
      "shotWeight": 17.7,
      "waterPumped": 59.6,
      "targetTemperature": 90,
      "targetPumpFlow": 4,
      "targetPressure": 6
    },
    {
      "timeInShot": 17900,
      "pressure": 6,
      "pumpFlow": 1.6,
      "weightFlow": 2.3000000000000003,
      "temperature": 91,
      "shotWeight": 17.7,
      "waterPumped": 59.6,
      "targetTemperature": 90,
      "targetPumpFlow": 4,
      "targetPressure": 6
    },
    {
      "timeInShot": 18000,
      "pressure": 6,
      "pumpFlow": 1.8,
      "weightFlow": 2.4000000000000004,
      "temperature": 91,
      "shotWeight": 18.5,
      "waterPumped": 60.1,
      "targetTemperature": 90,
      "targetPumpFlow": 4,
      "targetPressure": 6
    },
    {
      "timeInShot": 18200,
      "pressure": 5.9,
      "pumpFlow": 1.7000000000000002,
      "weightFlow": 2.3000000000000003,
      "temperature": 91,
      "shotWeight": 19,
      "waterPumped": 60.5,
      "targetTemperature": 90,
      "targetPumpFlow": 4,
      "targetPressure": 6
    },
    {
      "timeInShot": 18300,
      "pressure": 6,
      "pumpFlow": 1.7000000000000002,
      "weightFlow": 2.3000000000000003,
      "temperature": 91,
      "shotWeight": 19,
      "waterPumped": 60.5,
      "targetTemperature": 90,
      "targetPumpFlow": 4,
      "targetPressure": 6
    },
    {
      "timeInShot": 18500,
      "pressure": 5.9,
      "pumpFlow": 1.6,
      "weightFlow": 2.3000000000000003,
      "temperature": 91,
      "shotWeight": 19.400000000000002,
      "waterPumped": 60.900000000000006,
      "targetTemperature": 90,
      "targetPumpFlow": 4,
      "targetPressure": 6
    },
    {
      "timeInShot": 18600,
      "pressure": 5.9,
      "pumpFlow": 1.6,
      "weightFlow": 2.3000000000000003,
      "temperature": 91,
      "shotWeight": 20.1,
      "waterPumped": 61.300000000000004,
      "targetTemperature": 90,
      "targetPumpFlow": 4,
      "targetPressure": 6
    },
    {
      "timeInShot": 18800,
      "pressure": 6,
      "pumpFlow": 1.6,
      "weightFlow": 2.3000000000000003,
      "temperature": 91,
      "shotWeight": 20.1,
      "waterPumped": 61.300000000000004,
      "targetTemperature": 90,
      "targetPumpFlow": 4,
      "targetPressure": 6
    },
    {
      "timeInShot": 19000,
      "pressure": 5.7,
      "pumpFlow": 1.6,
      "weightFlow": 2.3000000000000003,
      "temperature": 91,
      "shotWeight": 20.5,
      "waterPumped": 61.7,
      "targetTemperature": 90,
      "targetPumpFlow": 4,
      "targetPressure": 6
    },
    {
      "timeInShot": 19100,
      "pressure": 5.9,
      "pumpFlow": 1.6,
      "weightFlow": 2.3000000000000003,
      "temperature": 91,
      "shotWeight": 20.5,
      "waterPumped": 61.7,
      "targetTemperature": 90,
      "targetPumpFlow": 4,
      "targetPressure": 6
    },
    {
      "timeInShot": 19300,
      "pressure": 6,
      "pumpFlow": 1.7000000000000002,
      "weightFlow": 2.3000000000000003,
      "temperature": 91,
      "shotWeight": 21.200000000000003,
      "waterPumped": 62.1,
      "targetTemperature": 90,
      "targetPumpFlow": 4,
      "targetPressure": 6
    },
    {
      "timeInShot": 19400,
      "pressure": 5.9,
      "pumpFlow": 1.6,
      "weightFlow": 2.3000000000000003,
      "temperature": 91,
      "shotWeight": 21.700000000000003,
      "waterPumped": 62.6,
      "targetTemperature": 90,
      "targetPumpFlow": 4,
      "targetPressure": 6
    },
    {
      "timeInShot": 19600,
      "pressure": 6,
      "pumpFlow": 1.6,
      "weightFlow": 2.3000000000000003,
      "temperature": 91,
      "shotWeight": 21.700000000000003,
      "waterPumped": 62.6,
      "targetTemperature": 90,
      "targetPumpFlow": 4,
      "targetPressure": 6
    },
    {
      "timeInShot": 19700,
      "pressure": 6,
      "pumpFlow": 1.7000000000000002,
      "weightFlow": 2.3000000000000003,
      "temperature": 91,
      "shotWeight": 22.400000000000002,
      "waterPumped": 63,
      "targetTemperature": 90,
      "targetPumpFlow": 4,
      "targetPressure": 6
    },
    {
      "timeInShot": 19900,
      "pressure": 6,
      "pumpFlow": 1.7000000000000002,
      "weightFlow": 2.3000000000000003,
      "temperature": 91,
      "shotWeight": 22.400000000000002,
      "waterPumped": 63,
      "targetTemperature": 90,
      "targetPumpFlow": 4,
      "targetPressure": 6
    },
    {
      "timeInShot": 20000,
      "pressure": 5.9,
      "pumpFlow": 1.7000000000000002,
      "weightFlow": 2.3000000000000003,
      "temperature": 91,
      "shotWeight": 22.900000000000002,
      "waterPumped": 63.400000000000006,
      "targetTemperature": 90,
      "targetPumpFlow": 4,
      "targetPressure": 6
    },
    {
      "timeInShot": 20200,
      "pressure": 6,
      "pumpFlow": 1.7000000000000002,
      "weightFlow": 2.2,
      "temperature": 91,
      "shotWeight": 23.3,
      "waterPumped": 63.800000000000004,
      "targetTemperature": 90,
      "targetPumpFlow": 4,
      "targetPressure": 6
    },
    {
      "timeInShot": 20300,
      "pressure": 5.9,
      "pumpFlow": 1.7000000000000002,
      "weightFlow": 2.2,
      "temperature": 91,
      "shotWeight": 23.3,
      "waterPumped": 63.800000000000004,
      "targetTemperature": 90,
      "targetPumpFlow": 4,
      "targetPressure": 6
    },
    {
      "timeInShot": 20500,
      "pressure": 5.9,
      "pumpFlow": 1.7000000000000002,
      "weightFlow": 2.3000000000000003,
      "temperature": 91,
      "shotWeight": 23.900000000000002,
      "waterPumped": 64.3,
      "targetTemperature": 90,
      "targetPumpFlow": 4,
      "targetPressure": 6
    },
    {
      "timeInShot": 20600,
      "pressure": 6.1000000000000005,
      "pumpFlow": 1.7000000000000002,
      "weightFlow": 2.3000000000000003,
      "temperature": 91,
      "shotWeight": 23.900000000000002,
      "waterPumped": 64.3,
      "targetTemperature": 90,
      "targetPumpFlow": 4,
      "targetPressure": 6
    },
    {
      "timeInShot": 20800,
      "pressure": 5.9,
      "pumpFlow": 1.7000000000000002,
      "weightFlow": 2.3000000000000003,
      "temperature": 91,
      "shotWeight": 24.6,
      "waterPumped": 64.7,
      "targetTemperature": 90,
      "targetPumpFlow": 4,
      "targetPressure": 6
    },
    {
      "timeInShot": 20900,
      "pressure": 6,
      "pumpFlow": 1.8,
      "weightFlow": 2.3000000000000003,
      "temperature": 91,
      "shotWeight": 25.200000000000003,
      "waterPumped": 65.2,
      "targetTemperature": 90,
      "targetPumpFlow": 4,
      "targetPressure": 6
    },
    {
      "timeInShot": 21100,
      "pressure": 5.9,
      "pumpFlow": 1.8,
      "weightFlow": 2.3000000000000003,
      "temperature": 91,
      "shotWeight": 25.200000000000003,
      "waterPumped": 65.2,
      "targetTemperature": 90,
      "targetPumpFlow": 4,
      "targetPressure": 6
    },
    {
      "timeInShot": 21200,
      "pressure": 6,
      "pumpFlow": 1.7000000000000002,
      "weightFlow": 2.3000000000000003,
      "temperature": 91,
      "shotWeight": 25.700000000000003,
      "waterPumped": 65.60000000000001,
      "targetTemperature": 90,
      "targetPumpFlow": 4,
      "targetPressure": 6
    },
    {
      "timeInShot": 21400,
      "pressure": 6,
      "pumpFlow": 1.7000000000000002,
      "weightFlow": 2.3000000000000003,
      "temperature": 91,
      "shotWeight": 25.700000000000003,
      "waterPumped": 65.60000000000001,
      "targetTemperature": 90,
      "targetPumpFlow": 4,
      "targetPressure": 6
    },
    {
      "timeInShot": 21500,
      "pressure": 5.800000000000001,
      "pumpFlow": 1.7000000000000002,
      "weightFlow": 2.3000000000000003,
      "temperature": 91,
      "shotWeight": 26.200000000000003,
      "waterPumped": 66,
      "targetTemperature": 90,
      "targetPumpFlow": 4,
      "targetPressure": 6
    },
    {
      "timeInShot": 21700,
      "pressure": 6,
      "pumpFlow": 1.7000000000000002,
      "weightFlow": 2.3000000000000003,
      "temperature": 91,
      "shotWeight": 26.900000000000002,
      "waterPumped": 66.5,
      "targetTemperature": 90,
      "targetPumpFlow": 4,
      "targetPressure": 6
    },
    {
      "timeInShot": 21800,
      "pressure": 5.9,
      "pumpFlow": 1.7000000000000002,
      "weightFlow": 2.3000000000000003,
      "temperature": 91,
      "shotWeight": 26.900000000000002,
      "waterPumped": 66.5,
      "targetTemperature": 90,
      "targetPumpFlow": 4,
      "targetPressure": 6
    },
    {
      "timeInShot": 22000,
      "pressure": 5.800000000000001,
      "pumpFlow": 1.7000000000000002,
      "weightFlow": 2.2,
      "temperature": 91,
      "shotWeight": 27.3,
      "waterPumped": 66.9,
      "targetTemperature": 90,
      "targetPumpFlow": 4,
      "targetPressure": 6
    },
    {
      "timeInShot": 22100,
      "pressure": 6,
      "pumpFlow": 1.7000000000000002,
      "weightFlow": 2.2,
      "temperature": 91,
      "shotWeight": 27.3,
      "waterPumped": 66.9,
      "targetTemperature": 90,
      "targetPumpFlow": 4,
      "targetPressure": 6
    },
    {
      "timeInShot": 22300,
      "pressure": 5.800000000000001,
      "pumpFlow": 1.7000000000000002,
      "weightFlow": 2.3000000000000003,
      "temperature": 91,
      "shotWeight": 28,
      "waterPumped": 67.3,
      "targetTemperature": 90,
      "targetPumpFlow": 4,
      "targetPressure": 6
    },
    {
      "timeInShot": 22400,
      "pressure": 5.9,
      "pumpFlow": 1.7000000000000002,
      "weightFlow": 2.3000000000000003,
      "temperature": 91,
      "shotWeight": 28.5,
      "waterPumped": 67.8,
      "targetTemperature": 90,
      "targetPumpFlow": 4,
      "targetPressure": 6
    },
    {
      "timeInShot": 22600,
      "pressure": 6,
      "pumpFlow": 1.7000000000000002,
      "weightFlow": 2.3000000000000003,
      "temperature": 91,
      "shotWeight": 28.5,
      "waterPumped": 67.8,
      "targetTemperature": 90,
      "targetPumpFlow": 4,
      "targetPressure": 6
    },
    {
      "timeInShot": 22700,
      "pressure": 5.9,
      "pumpFlow": 1.7000000000000002,
      "weightFlow": 2.2,
      "temperature": 91,
      "shotWeight": 28.900000000000002,
      "waterPumped": 68.2,
      "targetTemperature": 90,
      "targetPumpFlow": 4,
      "targetPressure": 6
    },
    {
      "timeInShot": 22900,
      "pressure": 6,
      "pumpFlow": 1.7000000000000002,
      "weightFlow": 2.2,
      "temperature": 91,
      "shotWeight": 28.900000000000002,
      "waterPumped": 68.2,
      "targetTemperature": 90,
      "targetPumpFlow": 4,
      "targetPressure": 6
    },
    {
      "timeInShot": 23000,
      "pressure": 6.1000000000000005,
      "pumpFlow": 1.8,
      "weightFlow": 2.3000000000000003,
      "temperature": 91,
      "shotWeight": 29.700000000000003,
      "waterPumped": 68.60000000000001,
      "targetTemperature": 90,
      "targetPumpFlow": 4,
      "targetPressure": 6
    },
    {
      "timeInShot": 23200,
      "pressure": 5.9,
      "pumpFlow": 1.7000000000000002,
      "weightFlow": 2.2,
      "temperature": 91,
      "shotWeight": 30.1,
      "waterPumped": 69.10000000000001,
      "targetTemperature": 90,
      "targetPumpFlow": 4,
      "targetPressure": 6
    },
    {
      "timeInShot": 23400,
      "pressure": 5.9,
      "pumpFlow": 1.7000000000000002,
      "weightFlow": 2.2,
      "temperature": 91,
      "shotWeight": 30.1,
      "waterPumped": 69.10000000000001,
      "targetTemperature": 90,
      "targetPumpFlow": 4,
      "targetPressure": 6
    },
    {
      "timeInShot": 23500,
      "pressure": 6,
      "pumpFlow": 1.7000000000000002,
      "weightFlow": 2.3000000000000003,
      "temperature": 91,
      "shotWeight": 30.8,
      "waterPumped": 69.5,
      "targetTemperature": 90,
      "targetPumpFlow": 4,
      "targetPressure": 6
    },
    {
      "timeInShot": 23700,
      "pressure": 6,
      "pumpFlow": 1.7000000000000002,
      "weightFlow": 2.3000000000000003,
      "temperature": 91,
      "shotWeight": 30.8,
      "waterPumped": 69.5,
      "targetTemperature": 90,
      "targetPumpFlow": 4,
      "targetPressure": 6
    },
    {
      "timeInShot": 23800,
      "pressure": 6,
      "pumpFlow": 1.8,
      "weightFlow": 2.2,
      "temperature": 91,
      "shotWeight": 31.200000000000003,
      "waterPumped": 69.9,
      "targetTemperature": 90,
      "targetPumpFlow": 4,
      "targetPressure": 6
    },
    {
      "timeInShot": 24000,
      "pressure": 6,
      "pumpFlow": 1.7000000000000002,
      "weightFlow": 2.2,
      "temperature": 91,
      "shotWeight": 31.700000000000003,
      "waterPumped": 70.4,
      "targetTemperature": 90,
      "targetPumpFlow": 4,
      "targetPressure": 6
    },
    {
      "timeInShot": 24100,
      "pressure": 5.9,
      "pumpFlow": 1.7000000000000002,
      "weightFlow": 2.2,
      "temperature": 91,
      "shotWeight": 31.700000000000003,
      "waterPumped": 70.4,
      "targetTemperature": 90,
      "targetPumpFlow": 4,
      "targetPressure": 6
    },
    {
      "timeInShot": 24300,
      "pressure": 6.1000000000000005,
      "pumpFlow": 1.8,
      "weightFlow": 2.3000000000000003,
      "temperature": 91,
      "shotWeight": 32.5,
      "waterPumped": 70.8,
      "targetTemperature": 90,
      "targetPumpFlow": 4,
      "targetPressure": 6
    },
    {
      "timeInShot": 24400,
      "pressure": 5.9,
      "pumpFlow": 1.8,
      "weightFlow": 2.3000000000000003,
      "temperature": 91,
      "shotWeight": 32.5,
      "waterPumped": 70.8,
      "targetTemperature": 90,
      "targetPumpFlow": 4,
      "targetPressure": 6
    },
    {
      "timeInShot": 24600,
      "pressure": 5.9,
      "pumpFlow": 1.7000000000000002,
      "weightFlow": 2.2,
      "temperature": 91,
      "shotWeight": 32.9,
      "waterPumped": 71.2,
      "targetTemperature": 90,
      "targetPumpFlow": 4,
      "targetPressure": 6
    },
    {
      "timeInShot": 24700,
      "pressure": 6,
      "pumpFlow": 1.7000000000000002,
      "weightFlow": 2.3000000000000003,
      "temperature": 91,
      "shotWeight": 33.6,
      "waterPumped": 71.7,
      "targetTemperature": 90,
      "targetPumpFlow": 4,
      "targetPressure": 6
    },
    {
      "timeInShot": 24900,
      "pressure": 6,
      "pumpFlow": 1.7000000000000002,
      "weightFlow": 2.3000000000000003,
      "temperature": 91,
      "shotWeight": 33.6,
      "waterPumped": 71.7,
      "targetTemperature": 90,
      "targetPumpFlow": 4,
      "targetPressure": 6
    },
    {
      "timeInShot": 25000,
      "pressure": 5.9,
      "pumpFlow": 1.7000000000000002,
      "weightFlow": 2.2,
      "temperature": 91,
      "shotWeight": 33.9,
      "waterPumped": 72.10000000000001,
      "targetTemperature": 90,
      "targetPumpFlow": 4,
      "targetPressure": 6
    },
    {
      "timeInShot": 25200,
      "pressure": 6,
      "pumpFlow": 1.7000000000000002,
      "weightFlow": 2.2,
      "temperature": 91,
      "shotWeight": 33.9,
      "waterPumped": 72.10000000000001,
      "targetTemperature": 90,
      "targetPumpFlow": 4,
      "targetPressure": 6
    },
    {
      "timeInShot": 25300,
      "pressure": 5.800000000000001,
      "pumpFlow": 1.7000000000000002,
      "weightFlow": 2.2,
      "temperature": 91,
      "shotWeight": 34.5,
      "waterPumped": 72.5,
      "targetTemperature": 90,
      "targetPumpFlow": 4,
      "targetPressure": 6
    },
    {
      "timeInShot": 25500,
      "pressure": 5.9,
      "pumpFlow": 1.8,
      "weightFlow": 2.2,
      "temperature": 91,
      "shotWeight": 35.2,
      "waterPumped": 73,
      "targetTemperature": 90,
      "targetPumpFlow": 4,
      "targetPressure": 6
    },
    {
      "timeInShot": 25600,
      "pressure": 6.1000000000000005,
      "pumpFlow": 1.8,
      "weightFlow": 2.2,
      "temperature": 91,
      "shotWeight": 35.2,
      "waterPumped": 73,
      "targetTemperature": 90,
      "targetPumpFlow": 4,
      "targetPressure": 6
    },
    {
      "timeInShot": 25800,
      "pressure": 5.9,
      "pumpFlow": 1.7000000000000002,
      "weightFlow": 2.2,
      "temperature": 91,
      "shotWeight": 35.6,
      "waterPumped": 73.4,
      "targetTemperature": 90,
      "targetPumpFlow": 4,
      "targetPressure": 6
    },
    {
      "timeInShot": 25900,
      "pressure": 5.9,
      "pumpFlow": 1.7000000000000002,
      "weightFlow": 2.2,
      "temperature": 91,
      "shotWeight": 35.6,
      "waterPumped": 73.4,
      "targetTemperature": 90,
      "targetPumpFlow": 4,
      "targetPressure": 6
    },
    {
      "timeInShot": 26100,
      "pressure": 6.1000000000000005,
      "pumpFlow": 1.7000000000000002,
      "weightFlow": 2.2,
      "temperature": 91,
      "shotWeight": 36.300000000000004,
      "waterPumped": 73.8,
      "targetTemperature": 90,
      "targetPumpFlow": 4,
      "targetPressure": 6
    },
    {
      "timeInShot": 26200,
      "pressure": 5.9,
      "pumpFlow": 1.7000000000000002,
      "weightFlow": 2.2,
      "temperature": 91,
      "shotWeight": 36.6,
      "waterPumped": 74.3,
      "targetTemperature": 90,
      "targetPumpFlow": 4,
      "targetPressure": 6
    },
    {
      "timeInShot": 26400,
      "pressure": 6,
      "pumpFlow": 1.7000000000000002,
      "weightFlow": 2.2,
      "temperature": 91,
      "shotWeight": 36.6,
      "waterPumped": 74.3,
      "targetTemperature": 90,
      "targetPumpFlow": 4,
      "targetPressure": 6
    },
    {
      "timeInShot": 26500,
      "pressure": 6,
      "pumpFlow": 1.7000000000000002,
      "weightFlow": 2.2,
      "temperature": 91,
      "shotWeight": 37.2,
      "waterPumped": 74.7,
      "targetTemperature": 90,
      "targetPumpFlow": 4,
      "targetPressure": 6
    },
    {
      "timeInShot": 26700,
      "pressure": 5.800000000000001,
      "pumpFlow": 1.8,
      "weightFlow": 2.2,
      "temperature": 91,
      "shotWeight": 37.9,
      "waterPumped": 75.10000000000001,
      "targetTemperature": 90,
      "targetPumpFlow": 4,
      "targetPressure": 6
    },
    {
      "timeInShot": 26800,
      "pressure": 6,
      "pumpFlow": 1.8,
      "weightFlow": 2.2,
      "temperature": 91,
      "shotWeight": 37.9,
      "waterPumped": 75.10000000000001,
      "targetTemperature": 90,
      "targetPumpFlow": 4,
      "targetPressure": 6
    },
    {
      "timeInShot": 27000,
      "pressure": 5.7,
      "pumpFlow": 1.7000000000000002,
      "weightFlow": 2.2,
      "temperature": 91,
      "shotWeight": 38.300000000000004,
      "waterPumped": 75.60000000000001,
      "targetTemperature": 90,
      "targetPumpFlow": 4,
      "targetPressure": 6
    },
    {
      "timeInShot": 27100,
      "pressure": 6.1000000000000005,
      "pumpFlow": 1.7000000000000002,
      "weightFlow": 2.2,
      "temperature": 91,
      "shotWeight": 38.300000000000004,
      "waterPumped": 75.60000000000001,
      "targetTemperature": 90,
      "targetPumpFlow": 4,
      "targetPressure": 6
    },
    {
      "timeInShot": 27300,
      "pressure": 5.9,
      "pumpFlow": 1.7000000000000002,
      "weightFlow": 2.2,
      "temperature": 91,
      "shotWeight": 39,
      "waterPumped": 76,
      "targetTemperature": 90,
      "targetPumpFlow": 4,
      "targetPressure": 6
    },
    {
      "timeInShot": 27400,
      "pressure": 6.1000000000000005,
      "pumpFlow": 1.8,
      "weightFlow": 2.2,
      "temperature": 91,
      "shotWeight": 39.300000000000004,
      "waterPumped": 76.4,
      "targetTemperature": 90,
      "targetPumpFlow": 4,
      "targetPressure": 6
    },
    {
      "timeInShot": 27600,
      "pressure": 5.9,
      "pumpFlow": 1.8,
      "weightFlow": 2.2,
      "temperature": 91,
      "shotWeight": 39.300000000000004,
      "waterPumped": 76.4,
      "targetTemperature": 90,
      "targetPumpFlow": 4,
      "targetPressure": 6
    },
    {
      "timeInShot": 27700,
      "pressure": 5.800000000000001,
      "pumpFlow": 1.7000000000000002,
      "weightFlow": 2.2,
      "temperature": 91,
      "shotWeight": 39.900000000000006,
      "waterPumped": 76.9,
      "targetTemperature": 90,
      "targetPumpFlow": 4,
      "targetPressure": 6
    },
    {
      "timeInShot": 27900,
      "pressure": 6,
      "pumpFlow": 1.7000000000000002,
      "weightFlow": 2.2,
      "temperature": 91,
      "shotWeight": 39.900000000000006,
      "waterPumped": 76.9,
      "targetTemperature": 90,
      "targetPumpFlow": 4,
      "targetPressure": 6
    },
    {
      "timeInShot": 28100,
      "pressure": 6,
      "pumpFlow": 1.8,
      "weightFlow": 2.2,
      "temperature": 91,
      "shotWeight": 40.6,
      "waterPumped": 77.30000000000001,
      "targetTemperature": 90,
      "targetPumpFlow": 4,
      "targetPressure": 6
    },
    {
      "timeInShot": 28200,
      "pressure": 5.9,
      "pumpFlow": 1.7000000000000002,
      "weightFlow": 2.2,
      "temperature": 91,
      "shotWeight": 41,
      "waterPumped": 77.80000000000001,
      "targetTemperature": 90,
      "targetPumpFlow": 4,
      "targetPressure": 6
    },
    {
      "timeInShot": 28400,
      "pressure": 6,
      "pumpFlow": 1.7000000000000002,
      "weightFlow": 2.2,
      "temperature": 91,
      "shotWeight": 41,
      "waterPumped": 77.80000000000001,
      "targetTemperature": 90,
      "targetPumpFlow": 4,
      "targetPressure": 6
    },
    {
      "timeInShot": 28500,
      "pressure": 6,
      "pumpFlow": 1.7000000000000002,
      "weightFlow": 2.2,
      "temperature": 91,
      "shotWeight": 41.6,
      "waterPumped": 78.2,
      "targetTemperature": 90,
      "targetPumpFlow": 4,
      "targetPressure": 6
    },
    {
      "timeInShot": 28700,
      "pressure": 5.9,
      "pumpFlow": 1.7000000000000002,
      "weightFlow": 2.2,
      "temperature": 91,
      "shotWeight": 41.6,
      "waterPumped": 78.2,
      "targetTemperature": 90,
      "targetPumpFlow": 4,
      "targetPressure": 6
    },
    {
      "timeInShot": 28800,
      "pressure": 6,
      "pumpFlow": 1.7000000000000002,
      "weightFlow": 2.2,
      "temperature": 91,
      "shotWeight": 42.1,
      "waterPumped": 78.60000000000001,
      "targetTemperature": 90,
      "targetPumpFlow": 4,
      "targetPressure": 6
    },
    {
      "timeInShot": 29000,
      "pressure": 5.9,
      "pumpFlow": 1.7000000000000002,
      "weightFlow": 2.2,
      "temperature": 91,
      "shotWeight": 42.7,
      "waterPumped": 79,
      "targetTemperature": 90,
      "targetPumpFlow": 4,
      "targetPressure": 6
    },
    {
      "timeInShot": 29100,
      "pressure": 5.9,
      "pumpFlow": 1.7000000000000002,
      "weightFlow": 2.2,
      "temperature": 91,
      "shotWeight": 42.7,
      "waterPumped": 79,
      "targetTemperature": 90,
      "targetPumpFlow": 4,
      "targetPressure": 6
    },
    {
      "timeInShot": 29300,
      "pressure": 6,
      "pumpFlow": 1.8,
      "weightFlow": 2.2,
      "temperature": 91,
      "shotWeight": 43.300000000000004,
      "waterPumped": 79.5,
      "targetTemperature": 90,
      "targetPumpFlow": 4,
      "targetPressure": 6
    },
    {
      "timeInShot": 29400,
      "pressure": 6,
      "pumpFlow": 1.8,
      "weightFlow": 2.2,
      "temperature": 91,
      "shotWeight": 43.300000000000004,
      "waterPumped": 79.5,
      "targetTemperature": 90,
      "targetPumpFlow": 4,
      "targetPressure": 6
    },
    {
      "timeInShot": 29600,
      "pressure": 5.800000000000001,
      "pumpFlow": 1.7000000000000002,
      "weightFlow": 2.2,
      "temperature": 91,
      "shotWeight": 43.7,
      "waterPumped": 79.9,
      "targetTemperature": 90,
      "targetPumpFlow": 4,
      "targetPressure": 6
    },
    {
      "timeInShot": 29700,
      "pressure": 6,
      "pumpFlow": 1.8,
      "weightFlow": 2.2,
      "temperature": 91,
      "shotWeight": 44.5,
      "waterPumped": 80.4,
      "targetTemperature": 90,
      "targetPumpFlow": 4,
      "targetPressure": 6
    },
    {
      "timeInShot": 29900,
      "pressure": 5.9,
      "pumpFlow": 1.8,
      "weightFlow": 2.2,
      "temperature": 90.9,
      "shotWeight": 44.5,
      "waterPumped": 80.4,
      "targetTemperature": 90,
      "targetPumpFlow": 4,
      "targetPressure": 6
    },
    {
      "timeInShot": 30000,
      "pressure": 6.1000000000000005,
      "pumpFlow": 1.8,
      "weightFlow": 2.1,
      "temperature": 91,
      "shotWeight": 44.7,
      "waterPumped": 80.80000000000001,
      "targetTemperature": 90,
      "targetPumpFlow": 4,
      "targetPressure": 6
    },
    {
      "timeInShot": 30200,
      "pressure": 6,
      "pumpFlow": 1.8,
      "weightFlow": 2.1,
      "temperature": 90.9,
      "shotWeight": 44.7,
      "waterPumped": 80.80000000000001,
      "targetTemperature": 90,
      "targetPumpFlow": 4,
      "targetPressure": 6
    },
    {
      "timeInShot": 30300,
      "pressure": 5.800000000000001,
      "pumpFlow": 1.7000000000000002,
      "weightFlow": 2.2,
      "temperature": 90.9,
      "shotWeight": 45.300000000000004,
      "waterPumped": 81.2,
      "targetTemperature": 90,
      "targetPumpFlow": 4,
      "targetPressure": 6
    },
    {
      "timeInShot": 30500,
      "pressure": 5.9,
      "pumpFlow": 1.8,
      "weightFlow": 2.2,
      "temperature": 90.9,
      "shotWeight": 46,
      "waterPumped": 81.7,
      "targetTemperature": 90,
      "targetPumpFlow": 4,
      "targetPressure": 6
    },
    {
      "timeInShot": 30600,
      "pressure": 6,
      "pumpFlow": 1.8,
      "weightFlow": 2.2,
      "temperature": 90.9,
      "shotWeight": 46,
      "waterPumped": 81.7,
      "targetTemperature": 90,
      "targetPumpFlow": 4,
      "targetPressure": 6
    },
    {
      "timeInShot": 30800,
      "pressure": 6,
      "pumpFlow": 1.8,
      "weightFlow": 2.2,
      "temperature": 90.9,
      "shotWeight": 46.400000000000006,
      "waterPumped": 82.10000000000001,
      "targetTemperature": 90,
      "targetPumpFlow": 4,
      "targetPressure": 6
    },
    {
      "timeInShot": 30900,
      "pressure": 5.9,
      "pumpFlow": 1.8,
      "weightFlow": 2.2,
      "temperature": 90.9,
      "shotWeight": 46.400000000000006,
      "waterPumped": 82.10000000000001,
      "targetTemperature": 90,
      "targetPumpFlow": 4,
      "targetPressure": 6
    },
    {
      "timeInShot": 31100,
      "pressure": 5.9,
      "pumpFlow": 1.7000000000000002,
      "weightFlow": 2.2,
      "temperature": 90.9,
      "shotWeight": 47.2,
      "waterPumped": 82.60000000000001,
      "targetTemperature": 90,
      "targetPumpFlow": 4,
      "targetPressure": 6
    },
    {
      "timeInShot": 31200,
      "pressure": 6,
      "pumpFlow": 1.8,
      "weightFlow": 2.2,
      "temperature": 90.9,
      "shotWeight": 47.5,
      "waterPumped": 83,
      "targetTemperature": 90,
      "targetPumpFlow": 4,
      "targetPressure": 6
    },
    {
      "timeInShot": 31400,
      "pressure": 6,
      "pumpFlow": 1.8,
      "weightFlow": 2.2,
      "temperature": 90.9,
      "shotWeight": 47.5,
      "waterPumped": 83,
      "targetTemperature": 90,
      "targetPumpFlow": 4,
      "targetPressure": 6
    },
    {
      "timeInShot": 31500,
      "pressure": 6,
      "pumpFlow": 1.7000000000000002,
      "weightFlow": 2.1,
      "temperature": 90.9,
      "shotWeight": 48,
      "waterPumped": 83.4,
      "targetTemperature": 90,
      "targetPumpFlow": 4,
      "targetPressure": 6
    },
    {
      "timeInShot": 31700,
      "pressure": 5.9,
      "pumpFlow": 1.7000000000000002,
      "weightFlow": 2.1,
      "temperature": 90.9,
      "shotWeight": 48,
      "waterPumped": 83.4,
      "targetTemperature": 90,
      "targetPumpFlow": 4,
      "targetPressure": 6
    },
    {
      "timeInShot": 31800,
      "pressure": 6.1000000000000005,
      "pumpFlow": 1.8,
      "weightFlow": 2.2,
      "temperature": 90.9,
      "shotWeight": 48.7,
      "waterPumped": 83.9,
      "targetTemperature": 90,
      "targetPumpFlow": 4,
      "targetPressure": 6
    },
    {
      "timeInShot": 32000,
      "pressure": 5.800000000000001,
      "pumpFlow": 1.6,
      "weightFlow": 2.1,
      "temperature": 90.9,
      "shotWeight": 49,
      "waterPumped": 84.30000000000001,
      "targetTemperature": 90,
      "targetPumpFlow": 4,
      "targetPressure": 6
    },
    {
      "timeInShot": 32100,
      "pressure": 5.9,
      "pumpFlow": 1.6,
      "weightFlow": 2.1,
      "temperature": 90.9,
      "shotWeight": 49,
      "waterPumped": 84.30000000000001,
      "targetTemperature": 90,
      "targetPumpFlow": 4,
      "targetPressure": 6
    },
    {
      "timeInShot": 32300,
      "pressure": 6,
      "pumpFlow": 1.8,
      "weightFlow": 2.2,
      "temperature": 90.9,
      "shotWeight": 49.900000000000006,
      "waterPumped": 84.80000000000001,
      "targetTemperature": 90,
      "targetPumpFlow": 4,
      "targetPressure": 6
    },
    {
      "timeInShot": 32400,
      "pressure": 6,
      "pumpFlow": 1.8,
      "weightFlow": 2.2,
      "temperature": 90.9,
      "shotWeight": 49.900000000000006,
      "waterPumped": 84.80000000000001,
      "targetTemperature": 90,
      "targetPumpFlow": 4,
      "targetPressure": 6
    },
    {
      "timeInShot": 32600,
      "pressure": 6.1000000000000005,
      "pumpFlow": 1.8,
      "weightFlow": 2.1,
      "temperature": 90.9,
      "shotWeight": 50.2,
      "waterPumped": 85.2,
      "targetTemperature": 90,
      "targetPumpFlow": 4,
      "targetPressure": 6
    },
    {
      "timeInShot": 32700,
      "pressure": 5.9,
      "pumpFlow": 1.7000000000000002,
      "weightFlow": 2.1,
      "temperature": 90.9,
      "shotWeight": 50.7,
      "waterPumped": 85.60000000000001,
      "targetTemperature": 90,
      "targetPumpFlow": 4,
      "targetPressure": 6
    },
    {
      "timeInShot": 32900,
      "pressure": 6,
      "pumpFlow": 1.7000000000000002,
      "weightFlow": 2.1,
      "temperature": 90.9,
      "shotWeight": 50.7,
      "waterPumped": 85.60000000000001,
      "targetTemperature": 90,
      "targetPumpFlow": 4,
      "targetPressure": 6
    },
    {
      "timeInShot": 33100,
      "pressure": 6,
      "pumpFlow": 1.7000000000000002,
      "weightFlow": 2.1,
      "temperature": 90.9,
      "shotWeight": 51.300000000000004,
      "waterPumped": 86.10000000000001,
      "targetTemperature": 90,
      "targetPumpFlow": 4,
      "targetPressure": 6
    },
    {
      "timeInShot": 33200,
      "pressure": 5.9,
      "pumpFlow": 1.7000000000000002,
      "weightFlow": 2.1,
      "temperature": 90.9,
      "shotWeight": 51.300000000000004,
      "waterPumped": 86.10000000000001,
      "targetTemperature": 90,
      "targetPumpFlow": 4,
      "targetPressure": 6
    },
    {
      "timeInShot": 33400,
      "pressure": 6.1000000000000005,
      "pumpFlow": 1.7000000000000002,
      "weightFlow": 2.1,
      "temperature": 90.9,
      "shotWeight": 51.800000000000004,
      "waterPumped": 86.5,
      "targetTemperature": 90,
      "targetPumpFlow": 4,
      "targetPressure": 6
    },
    {
      "timeInShot": 33500,
      "pressure": 5.9,
      "pumpFlow": 1.7000000000000002,
      "weightFlow": 2.1,
      "temperature": 90.9,
      "shotWeight": 52.300000000000004,
      "waterPumped": 86.9,
      "targetTemperature": 90,
      "targetPumpFlow": 4,
      "targetPressure": 6
    },
    {
      "timeInShot": 33700,
      "pressure": 6,
      "pumpFlow": 1.7000000000000002,
      "weightFlow": 2.1,
      "temperature": 90.9,
      "shotWeight": 52.300000000000004,
      "waterPumped": 86.9,
      "targetTemperature": 90,
      "targetPumpFlow": 4,
      "targetPressure": 6
    },
    {
      "timeInShot": 33800,
      "pressure": 6,
      "pumpFlow": 1.7000000000000002,
      "weightFlow": 2.1,
      "temperature": 90.9,
      "shotWeight": 52.900000000000006,
      "waterPumped": 87.4,
      "targetTemperature": 90,
      "targetPumpFlow": 4,
      "targetPressure": 6
    },
    {
      "timeInShot": 34000,
      "pressure": 5.9,
      "pumpFlow": 1.7000000000000002,
      "weightFlow": 2.1,
      "temperature": 90.9,
      "shotWeight": 52.900000000000006,
      "waterPumped": 87.4,
      "targetTemperature": 90,
      "targetPumpFlow": 4,
      "targetPressure": 6
    },
    {
      "timeInShot": 34100,
      "pressure": 6,
      "pumpFlow": 1.6,
      "weightFlow": 2.1,
      "temperature": 90.9,
      "shotWeight": 53.400000000000006,
      "waterPumped": 87.80000000000001,
      "targetTemperature": 90,
      "targetPumpFlow": 4,
      "targetPressure": 6
    },
    {
      "timeInShot": 34300,
      "pressure": 6,
      "pumpFlow": 1.7000000000000002,
      "weightFlow": 2.1,
      "temperature": 90.9,
      "shotWeight": 53.900000000000006,
      "waterPumped": 88.2,
      "targetTemperature": 90,
      "targetPumpFlow": 4,
      "targetPressure": 6
    },
    {
      "timeInShot": 34400,
      "pressure": 5.9,
      "pumpFlow": 1.7000000000000002,
      "weightFlow": 2.1,
      "temperature": 90.9,
      "shotWeight": 53.900000000000006,
      "waterPumped": 88.2,
      "targetTemperature": 90,
      "targetPumpFlow": 4,
      "targetPressure": 6
    },
    {
      "timeInShot": 34600,
      "pressure": 6,
      "pumpFlow": 1.7000000000000002,
      "weightFlow": 2.2,
      "temperature": 90.9,
      "shotWeight": 54.6,
      "waterPumped": 88.60000000000001,
      "targetTemperature": 90,
      "targetPumpFlow": 4,
      "targetPressure": 6
    },
    {
      "timeInShot": 34700,
      "pressure": 5.9,
      "pumpFlow": 1.7000000000000002,
      "weightFlow": 2.2,
      "temperature": 90.9,
      "shotWeight": 54.6,
      "waterPumped": 88.60000000000001,
      "targetTemperature": 90,
      "targetPumpFlow": 4,
      "targetPressure": 6
    },
    {
      "timeInShot": 34900,
      "pressure": 5.9,
      "pumpFlow": 1.7000000000000002,
      "weightFlow": 2.1,
      "temperature": 90.9,
      "shotWeight": 54.900000000000006,
      "waterPumped": 89.10000000000001,
      "targetTemperature": 90,
      "targetPumpFlow": 4,
      "targetPressure": 6
    },
    {
      "timeInShot": 35000,
      "pressure": 6.1000000000000005,
      "pumpFlow": 1.7000000000000002,
      "weightFlow": 2.1,
      "temperature": 90.9,
      "shotWeight": 55.6,
      "waterPumped": 89.5,
      "targetTemperature": 90,
      "targetPumpFlow": 4,
      "targetPressure": 6
    },
    {
      "timeInShot": 35200,
      "pressure": 5.9,
      "pumpFlow": 1.7000000000000002,
      "weightFlow": 2.1,
      "temperature": 90.9,
      "shotWeight": 55.6,
      "waterPumped": 89.5,
      "targetTemperature": 90,
      "targetPumpFlow": 4,
      "targetPressure": 6
    },
    {
      "timeInShot": 35300,
      "pressure": 5.7,
      "pumpFlow": 1.7000000000000002,
      "weightFlow": 2.1,
      "temperature": 90.9,
      "shotWeight": 55.900000000000006,
      "waterPumped": 89.9,
      "targetTemperature": 90,
      "targetPumpFlow": 4,
      "targetPressure": 6
    },
    {
      "timeInShot": 35500,
      "pressure": 6,
      "pumpFlow": 1.8,
      "weightFlow": 2.1,
      "temperature": 90.9,
      "shotWeight": 55.900000000000006,
      "waterPumped": 90.4,
      "targetTemperature": 90,
      "targetPumpFlow": 4,
      "targetPressure": 6
    }
  ],
  "profile": {
    "id": 15,
    "name": "Allonge'",
    "phases": [
      {
        "target": {
          "end": 4,
          "curve": "INSTANT"
        },
        "stopConditions": {
          "time": 20000,
          "pressureAbove": 4,
          "waterPumpedInPhase": 65
        },
        "type": "FLOW",
        "skip": false,
        "restriction": 4
      },
      {
        "target": {
          "end": 4,
          "curve": "LINEAR",
          "time": 5000
        },
        "stopConditions": {
          "time": 5000
        },
        "type": "FLOW",
        "skip": false,
        "restriction": 9
      },
      {
        "target": {
          "end": 4,
          "curve": "INSTANT"
        },
        "stopConditions": {
          "time": 20000
        },
        "type": "FLOW",
        "skip": false,
        "restriction": 6
      }
    ],
    "globalStopConditions": {
      "weight": 75
    },
    "waterTemperature": 90,
    "recipe": {}
  }
}