{
  "id": 10,
  "duration": 240,
  "timestamp": 2192,
  "datapoints": [
    {
      "timeInShot": 500,
      "pressure": 0.6000000000000001,
      "pumpFlow": 2.2,
      "weightFlow": 0,
      "temperature": 93.9,
      "shotWeight": 0,
      "waterPumped": 1.2000000000000002,
      "targetTemperature": 93,
      "targetPumpFlow": 4,
      "targetPressure": 4
    },
    {
      "timeInShot": 600,
      "pressure": 0.6000000000000001,
      "pumpFlow": 2.2,
      "weightFlow": 0,
      "temperature": 93.9,
      "shotWeight": 0,
      "waterPumped": 1.2000000000000002,
      "targetTemperature": 93,
      "targetPumpFlow": 4,
      "targetPressure": 4
    },
    {
      "timeInShot": 800,
      "pressure": 0.5,
      "pumpFlow": 2.9000000000000004,
      "weightFlow": 0,
      "temperature": 93.9,
      "shotWeight": 0,
      "waterPumped": 1.9000000000000001,
      "targetTemperature": 93,
      "targetPumpFlow": 4,
      "targetPressure": 4
    },
    {
      "timeInShot": 900,
      "pressure": 0.6000000000000001,
      "pumpFlow": 2.9000000000000004,
      "weightFlow": 0,
      "temperature": 93.9,
      "shotWeight": 0,
      "waterPumped": 1.9000000000000001,
      "targetTemperature": 93,
      "targetPumpFlow": 4,
      "targetPressure": 4
    },
    {
      "timeInShot": 1100,
      "pressure": 0.5,
      "pumpFlow": 3.6,
      "weightFlow": 0,
      "temperature": 93.9,
      "shotWeight": 0,
      "waterPumped": 2.8000000000000003,
      "targetTemperature": 93,
      "targetPumpFlow": 4,
      "targetPressure": 4
    },
    {
      "timeInShot": 1200,
      "pressure": 0.4,
      "pumpFlow": 3.9000000000000004,
      "weightFlow": 0,
      "temperature": 93.9,
      "shotWeight": 0,
      "waterPumped": 3.8000000000000003,
      "targetTemperature": 93,
      "targetPumpFlow": 4,
      "targetPressure": 4
    },
    {
      "timeInShot": 1400,
      "pressure": 0.5,
      "pumpFlow": 3.9000000000000004,
      "weightFlow": 0,
      "temperature": 93.9,
      "shotWeight": 0,
      "waterPumped": 3.8000000000000003,
      "targetTemperature": 93,
      "targetPumpFlow": 4,
      "targetPressure": 4
    },
    {
      "timeInShot": 1500,
      "pressure": 0.2,
      "pumpFlow": 4.1000000000000005,
      "weightFlow": 0,
      "temperature": 93.9,
      "shotWeight": 0,
      "waterPumped": 4.800000000000001,
      "targetTemperature": 93,
      "targetPumpFlow": 4,
      "targetPressure": 4
    },
    {
      "timeInShot": 1700,
      "pressure": 0.2,
      "pumpFlow": 4.1000000000000005,
      "weightFlow": 0,
      "temperature": 93.9,
      "shotWeight": 0,
      "waterPumped": 4.800000000000001,
      "targetTemperature": 93,
      "targetPumpFlow": 4,
      "targetPressure": 4
    },
    {
      "timeInShot": 1800,
      "pressure": 0.2,
      "pumpFlow": 3.9000000000000004,
      "weightFlow": 0,
      "temperature": 93.9,
      "shotWeight": 0.1,
      "waterPumped": 5.800000000000001,
      "targetTemperature": 93,
      "targetPumpFlow": 4,
      "targetPressure": 4
    },
    {
      "timeInShot": 2000,
      "pressure": 0.1,
      "pumpFlow": 4,
      "weightFlow": 0,
      "temperature": 93.9,
      "shotWeight": 0,
      "waterPumped": 6.800000000000001,
      "targetTemperature": 93,
      "targetPumpFlow": 4,
      "targetPressure": 4
    },
    {
      "timeInShot": 2100,
      "pressure": 0.2,
      "pumpFlow": 4,
      "weightFlow": 0,
      "temperature": 93.9,
      "shotWeight": 0,
      "waterPumped": 6.800000000000001,
      "targetTemperature": 93,
      "targetPumpFlow": 4,
      "targetPressure": 4
    },
    {
      "timeInShot": 2300,
      "pressure": 0.2,
      "pumpFlow": 3.9000000000000004,
      "weightFlow": 0.1,
      "temperature": 93.9,
      "shotWeight": 0,
      "waterPumped": 7.800000000000001,
      "targetTemperature": 93,
      "targetPumpFlow": 4,
      "targetPressure": 4
    },
    {
      "timeInShot": 2400,
      "pressure": 0.30000000000000004,
      "pumpFlow": 3.9000000000000004,
      "weightFlow": 0.1,
      "temperature": 93.9,
      "shotWeight": 0,
      "waterPumped": 7.800000000000001,
      "targetTemperature": 93,
      "targetPumpFlow": 4,
      "targetPressure": 4
    },
    {
      "timeInShot": 2600,
      "pressure": 0.2,
      "pumpFlow": 4,
      "weightFlow": 0.1,
      "temperature": 93.9,
      "shotWeight": 0,
      "waterPumped": 8.8,
      "targetTemperature": 93,
      "targetPumpFlow": 4,
      "targetPressure": 4
    },
    {
      "timeInShot": 2800,
      "pressure": 0.2,
      "pumpFlow": 3.9000000000000004,
      "weightFlow": 0.1,
      "temperature": 93.9,
      "shotWeight": 0,
      "waterPumped": 9.700000000000001,
      "targetTemperature": 93,
      "targetPumpFlow": 4,
      "targetPressure": 4
    },
    {
      "timeInShot": 2900,
      "pressure": 0.30000000000000004,
      "pumpFlow": 3.9000000000000004,
      "weightFlow": 0.1,
      "temperature": 93.9,
      "shotWeight": 0,
      "waterPumped": 9.700000000000001,
      "targetTemperature": 93,
      "targetPumpFlow": 4,
      "targetPressure": 4
    },
    {
      "timeInShot": 3100,
      "pressure": 0.30000000000000004,
      "pumpFlow": 4,
      "weightFlow": 0.2,
      "temperature": 93.9,
      "shotWeight": 0,
      "waterPumped": 10.700000000000001,
      "targetTemperature": 93,
      "targetPumpFlow": 4,
      "targetPressure": 4
    },
    {
      "timeInShot": 3200,
      "pressure": 0.30000000000000004,
      "pumpFlow": 4,
      "weightFlow": 0.2,
      "temperature": 93.9,
      "shotWeight": 0,
      "waterPumped": 10.700000000000001,
      "targetTemperature": 93,
      "targetPumpFlow": 4,
      "targetPressure": 4
    },
    {
      "timeInShot": 3400,
      "pressure": 0.30000000000000004,
      "pumpFlow": 3.9000000000000004,
      "weightFlow": 0.1,
      "temperature": 93.9,
      "shotWeight": 0,
      "waterPumped": 11.700000000000001,
      "targetTemperature": 93,
      "targetPumpFlow": 4,
      "targetPressure": 4
    },
    {
      "timeInShot": 3500,
      "pressure": 0.30000000000000004,
      "pumpFlow": 4,
      "weightFlow": 0.2,
      "temperature": 93.9,
      "shotWeight": 0.1,
      "waterPumped": 12.700000000000001,
      "targetTemperature": 93,
      "targetPumpFlow": 4,
      "targetPressure": 4
    },
    {
      "timeInShot": 3700,
      "pressure": 0.2,
      "pumpFlow": 4,
      "weightFlow": 0.2,
      "temperature": 93.9,
      "shotWeight": 0.1,
      "waterPumped": 12.700000000000001,
      "targetTemperature": 93,
      "targetPumpFlow": 4,
      "targetPressure": 4
    },
    {
      "timeInShot": 3800,
      "pressure": 0.30000000000000004,
      "pumpFlow": 4.1000000000000005,
      "weightFlow": 0.2,
      "temperature": 93.9,
      "shotWeight": 0,
      "waterPumped": 13.700000000000001,
      "targetTemperature": 93,
      "targetPumpFlow": 4,
      "targetPressure": 4
    },
    {
      "timeInShot": 4000,
      "pressure": 0.30000000000000004,
      "pumpFlow": 4.1000000000000005,
      "weightFlow": 0.2,
      "temperature": 93.9,
      "shotWeight": 0,
      "waterPumped": 13.700000000000001,
      "targetTemperature": 93,
      "targetPumpFlow": 4,
      "targetPressure": 4
    },
    {
      "timeInShot": 4100,
      "pressure": 0.30000000000000004,
      "pumpFlow": 3.9000000000000004,
      "weightFlow": 0.1,
      "temperature": 93.9,
      "shotWeight": 0,
      "waterPumped": 14.700000000000001,
      "targetTemperature": 93,
      "targetPumpFlow": 4,
      "targetPressure": 4
    },
    {
      "timeInShot": 4300,
      "pressure": 0.30000000000000004,
      "pumpFlow": 4,
      "weightFlow": 0.1,
      "temperature": 93.9,
      "shotWeight": 0,
      "waterPumped": 15.700000000000001,
      "targetTemperature": 93,
      "targetPumpFlow": 4,
      "targetPressure": 4
    },
    {
      "timeInShot": 4400,
      "pressure": 0.4,
      "pumpFlow": 4,
      "weightFlow": 0.1,
      "temperature": 93.9,
      "shotWeight": 0,
      "waterPumped": 15.700000000000001,
      "targetTemperature": 93,
      "targetPumpFlow": 4,
      "targetPressure": 4
    },
    {
      "timeInShot": 4600,
      "pressure": 0.30000000000000004,
      "pumpFlow": 3.9000000000000004,
      "weightFlow": 0.1,
      "temperature": 93.9,
      "shotWeight": 0,
      "waterPumped": 16.7,
      "targetTemperature": 93,
      "targetPumpFlow": 4,
      "targetPressure": 4
    },
    {
      "timeInShot": 4700,
      "pressure": 0.5,
      "pumpFlow": 3.9000000000000004,
      "weightFlow": 0.1,
      "temperature": 93.9,
      "shotWeight": 0,
      "waterPumped": 16.7,
      "targetTemperature": 93,
      "targetPumpFlow": 4,
      "targetPressure": 4
    },
    {
      "timeInShot": 4900,
      "pressure": 0.5,
      "pumpFlow": 4,
      "weightFlow": 0.1,
      "temperature": 93.9,
      "shotWeight": 0,
      "waterPumped": 17.7,
      "targetTemperature": 93,
      "targetPumpFlow": 4,
      "targetPressure": 4
    },
    {
      "timeInShot": 5000,
      "pressure": 0.5,
      "pumpFlow": 4,
      "weightFlow": 0.1,
      "temperature": 93.9,
      "shotWeight": 0,
      "waterPumped": 18.7,
      "targetTemperature": 93,
      "targetPumpFlow": 4,
      "targetPressure": 4
    },
    {
      "timeInShot": 5200,
      "pressure": 0.5,
      "pumpFlow": 4,
      "weightFlow": 0.1,
      "temperature": 93.9,
      "shotWeight": 0,
      "waterPumped": 18.7,
      "targetTemperature": 93,
      "targetPumpFlow": 4,
      "targetPressure": 4
    },
    {
      "timeInShot": 5300,
      "pressure": 0.5,
      "pumpFlow": 3.9000000000000004,
      "weightFlow": 0.1,
      "temperature": 93.9,
      "shotWeight": 0,
      "waterPumped": 19.700000000000003,
      "targetTemperature": 93,
      "targetPumpFlow": 4,
      "targetPressure": 4
    },
    {
      "timeInShot": 5500,
      "pressure": 0.5,
      "pumpFlow": 3.9000000000000004,
      "weightFlow": 0.1,
      "temperature": 93.9,
      "shotWeight": 0,
      "waterPumped": 19.700000000000003,
      "targetTemperature": 93,
      "targetPumpFlow": 4,
      "targetPressure": 4
    },
    {
      "timeInShot": 5600,
      "pressure": 0.4,
      "pumpFlow": 4,
      "weightFlow": 0.1,
      "temperature": 93.9,
      "shotWeight": 0,
      "waterPumped": 20.700000000000003,
      "targetTemperature": 93,
      "targetPumpFlow": 4,
      "targetPressure": 4
    },
    {
      "timeInShot": 5800,
      "pressure": 0.6000000000000001,
      "pumpFlow": 4,
      "weightFlow": 0.1,
      "temperature": 93.9,
      "shotWeight": 0,
      "waterPumped": 21.700000000000003,
      "targetTemperature": 93,
      "targetPumpFlow": 4,
      "targetPressure": 4
    },
    {
      "timeInShot": 5900,
      "pressure": 0.7000000000000001,
      "pumpFlow": 4,
      "weightFlow": 0.1,
      "temperature": 93.9,
      "shotWeight": 0,
      "waterPumped": 21.700000000000003,
      "targetTemperature": 93,
      "targetPumpFlow": 4,
      "targetPressure": 4
    },
    {
      "timeInShot": 6100,
      "pressure": 0.6000000000000001,
      "pumpFlow": 4,
      "weightFlow": 0.1,
      "temperature": 93.9,
      "shotWeight": 0,
      "waterPumped": 22.700000000000003,
      "targetTemperature": 93,
      "targetPumpFlow": 4,
      "targetPressure": 4
    },
    {
      "timeInShot": 6200,
      "pressure": 0.7000000000000001,
      "pumpFlow": 4,
      "weightFlow": 0.1,
      "temperature": 93.9,
      "shotWeight": 0,
      "waterPumped": 22.700000000000003,
      "targetTemperature": 93,
      "targetPumpFlow": 4,
      "targetPressure": 4
    },
    {
      "timeInShot": 6400,
      "pressure": 0.8,
      "pumpFlow": 3.9000000000000004,
      "weightFlow": 0.1,
      "temperature": 93.9,
      "shotWeight": 0,
      "waterPumped": 23.700000000000003,
      "targetTemperature": 93,
      "targetPumpFlow": 4,
      "targetPressure": 4
    },
    {
      "timeInShot": 6500,
      "pressure": 0.9,
      "pumpFlow": 4,
      "weightFlow": 0.1,
      "temperature": 93.9,
      "shotWeight": 0,
      "waterPumped": 24.700000000000003,
      "targetTemperature": 93,
      "targetPumpFlow": 4,
      "targetPressure": 4
    },
    {
      "timeInShot": 6700,
      "pressure": 1.1,
      "pumpFlow": 4,
      "weightFlow": 0.1,
      "temperature": 93.9,
      "shotWeight": 0,
      "waterPumped": 24.700000000000003,
      "targetTemperature": 93,
      "targetPumpFlow": 4,
      "targetPressure": 4
    },
    {
      "timeInShot": 6800,
      "pressure": 1,
      "pumpFlow": 4,
      "weightFlow": 0.1,
      "temperature": 93.9,
      "shotWeight": 0,
      "waterPumped": 25.700000000000003,
      "targetTemperature": 93,
      "targetPumpFlow": 4,
      "targetPressure": 4
    },
    {
      "timeInShot": 7000,
      "pressure": 1,
      "pumpFlow": 4,
      "weightFlow": 0.1,
      "temperature": 93.9,
      "shotWeight": 0,
      "waterPumped": 25.700000000000003,
      "targetTemperature": 93,
      "targetPumpFlow": 4,
      "targetPressure": 4
    },
    {
      "timeInShot": 7200,
      "pressure": 0.8,
      "pumpFlow": 3.9000000000000004,
      "weightFlow": 0.1,
      "temperature": 93.9,
      "shotWeight": 0,
      "waterPumped": 26.700000000000003,
      "targetTemperature": 93,
      "targetPumpFlow": 4,
      "targetPressure": 4
    },
    {
      "timeInShot": 7300,
      "pressure": 1.1,
      "pumpFlow": 4,
      "weightFlow": 0.1,
      "temperature": 93.9,
      "shotWeight": 0,
      "waterPumped": 27.700000000000003,
      "targetTemperature": 93,
      "targetPumpFlow": 4,
      "targetPressure": 4
    },
    {
      "timeInShot": 7500,
      "pressure": 1.1,
      "pumpFlow": 4,
      "weightFlow": 0.1,
      "temperature": 93.9,
      "shotWeight": 0,
      "waterPumped": 27.700000000000003,
      "targetTemperature": 93,
      "targetPumpFlow": 4,
      "targetPressure": 4
    },
    {
      "timeInShot": 7600,
      "pressure": 1,
      "pumpFlow": 4,
      "weightFlow": 0.1,
      "temperature": 93.9,
      "shotWeight": 0,
      "waterPumped": 28.700000000000003,
      "targetTemperature": 93,
      "targetPumpFlow": 4,
      "targetPressure": 4
    },
    {
      "timeInShot": 7800,
      "pressure": 1.3,
      "pumpFlow": 4,
      "weightFlow": 0.1,
      "temperature": 93.9,
      "shotWeight": 0,
      "waterPumped": 28.700000000000003,
      "targetTemperature": 93,
      "targetPumpFlow": 4,
      "targetPressure": 4
    },
    {
      "timeInShot": 7900,
      "pressure": 1.1,
      "pumpFlow": 3.9000000000000004,
      "weightFlow": 0.1,
      "temperature": 93.9,
      "shotWeight": 0,
      "waterPumped": 29.700000000000003,
      "targetTemperature": 93,
      "targetPumpFlow": 4,
      "targetPressure": 4
    },
    {
      "timeInShot": 8100,
      "pressure": 1.3,
      "pumpFlow": 3.9000000000000004,
      "weightFlow": 0.1,
      "temperature": 93.9,
      "shotWeight": 0,
      "waterPumped": 30.700000000000003,
      "targetTemperature": 93,
      "targetPumpFlow": 4,
      "targetPressure": 4
    },
    {
      "timeInShot": 8200,
      "pressure": 1.3,
      "pumpFlow": 3.9000000000000004,
      "weightFlow": 0.1,
      "temperature": 93.9,
      "shotWeight": 0,
      "waterPumped": 30.700000000000003,
      "targetTemperature": 93,
      "targetPumpFlow": 4,
      "targetPressure": 4
    },
    {
      "timeInShot": 8400,
      "pressure": 1.3,
      "pumpFlow": 4,
      "weightFlow": 0.1,
      "temperature": 93.9,
      "shotWeight": 0,
      "waterPumped": 31.700000000000003,
      "targetTemperature": 93,
      "targetPumpFlow": 4,
      "targetPressure": 4
    },
    {
      "timeInShot": 8500,
      "pressure": 1.3,
      "pumpFlow": 4,
      "weightFlow": 0.1,
      "temperature": 93.9,
      "shotWeight": 0,
      "waterPumped": 31.700000000000003,
      "targetTemperature": 93,
      "targetPumpFlow": 4,
      "targetPressure": 4
    },
    {
      "timeInShot": 8700,
      "pressure": 1.7000000000000002,
      "pumpFlow": 3.9000000000000004,
      "weightFlow": 0.1,
      "temperature": 93.9,
      "shotWeight": 0,
      "waterPumped": 32.7,
      "targetTemperature": 93,
      "targetPumpFlow": 4,
      "targetPressure": 4
    },
    {
      "timeInShot": 8800,
      "pressure": 1.7000000000000002,
      "pumpFlow": 3.9000000000000004,
      "weightFlow": 0.1,
      "temperature": 93.9,
      "shotWeight": 0,
      "waterPumped": 33.7,
      "targetTemperature": 93,
      "targetPumpFlow": 4,
      "targetPressure": 4
    },
    {
      "timeInShot": 9000,
      "pressure": 1.7000000000000002,
      "pumpFlow": 3.9000000000000004,
      "weightFlow": 0.1,
      "temperature": 93.9,
      "shotWeight": 0,
      "waterPumped": 33.7,
      "targetTemperature": 93,
      "targetPumpFlow": 4,
      "targetPressure": 4
    },
    {
      "timeInShot": 9100,
      "pressure": 1.9000000000000001,
      "pumpFlow": 3.9000000000000004,
      "weightFlow": 0.1,
      "temperature": 93.9,
      "shotWeight": 0,
      "waterPumped": 34.7,
      "targetTemperature": 93,
      "targetPumpFlow": 4,
      "targetPressure": 4
    },
    {
      "timeInShot": 9300,
      "pressure": 1.7000000000000002,
      "pumpFlow": 4,
      "weightFlow": 0.1,
      "temperature": 93.9,
      "shotWeight": 0,
      "waterPumped": 35.7,
      "targetTemperature": 93,
      "targetPumpFlow": 4,
      "targetPressure": 4
    },
    {
      "timeInShot": 9400,
      "pressure": 2,
      "pumpFlow": 4,
      "weightFlow": 0.1,
      "temperature": 93.9,
      "shotWeight": 0,
      "waterPumped": 35.7,
      "targetTemperature": 93,
      "targetPumpFlow": 4,
      "targetPressure": 4
    },
    {
      "timeInShot": 9600,
      "pressure": 2.2,
      "pumpFlow": 4,
      "weightFlow": 0.1,
      "temperature": 93.9,
      "shotWeight": 0.1,
      "waterPumped": 36.7,
      "targetTemperature": 93,
      "targetPumpFlow": 4,
      "targetPressure": 4
    },
    {
      "timeInShot": 9700,
      "pressure": 2.3000000000000003,
      "pumpFlow": 4,
      "weightFlow": 0.1,
      "temperature": 93.9,
      "shotWeight": 0.1,
      "waterPumped": 36.7,
      "targetTemperature": 93,
      "targetPumpFlow": 4,
      "targetPressure": 4
    },
    {
      "timeInShot": 9900,
      "pressure": 1.9000000000000001,
      "pumpFlow": 3.9000000000000004,
      "weightFlow": 0.1,
      "temperature": 93.9,
      "shotWeight": 0.1,
      "waterPumped": 37.7,
      "targetTemperature": 93,
      "targetPumpFlow": 4,
      "targetPressure": 4
    },
    {
      "timeInShot": 10000,
      "pressure": 2.4000000000000004,
      "pumpFlow": 3.9000000000000004,
      "weightFlow": 0.2,
      "temperature": 93.9,
      "shotWeight": 0.7000000000000001,
      "waterPumped": 38.6,
      "targetTemperature": 93,
      "targetPumpFlow": 4,
      "targetPressure": 4
    },
    {
      "timeInShot": 10200,
      "pressure": 2.4000000000000004,
      "pumpFlow": 3.9000000000000004,
      "weightFlow": 0.2,
      "temperature": 93.9,
      "shotWeight": 0.7000000000000001,
      "waterPumped": 38.6,
      "targetTemperature": 93,
      "targetPumpFlow": 4,
      "targetPressure": 4
    },
    {
      "timeInShot": 10300,
      "pressure": 2.5,
      "pumpFlow": 3.8000000000000003,
      "weightFlow": 0.2,
      "temperature": 93.9,
      "shotWeight": 1.3,
      "waterPumped": 39.6,
      "targetTemperature": 93,
      "targetPumpFlow": 4,
      "targetPressure": 4
    },
    {
      "timeInShot": 10500,
      "pressure": 2.7,
      "pumpFlow": 3.8000000000000003,
      "weightFlow": 0.2,
      "temperature": 93.9,
      "shotWeight": 1.3,
      "waterPumped": 39.6,
      "targetTemperature": 93,
      "targetPumpFlow": 4,
      "targetPressure": 4
    },
    {
      "timeInShot": 10600,
      "pressure": 2.8000000000000003,
      "pumpFlow": 3.8000000000000003,
      "weightFlow": 0.4,
      "temperature": 93.9,
      "shotWeight": 2.2,
      "waterPumped": 40.5,
      "targetTemperature": 93,
      "targetPumpFlow": 4,
      "targetPressure": 4
    },
    {
      "timeInShot": 10800,
      "pressure": 2.9000000000000004,
      "pumpFlow": 3.8000000000000003,
      "weightFlow": 0.6000000000000001,
      "temperature": 93.9,
      "shotWeight": 2.9000000000000004,
      "waterPumped": 41.5,
      "targetTemperature": 93,
      "targetPumpFlow": 4,
      "targetPressure": 4
    },
    {
      "timeInShot": 10900,
      "pressure": 2.9000000000000004,
      "pumpFlow": 3.8000000000000003,
      "weightFlow": 0.6000000000000001,
      "temperature": 93.9,
      "shotWeight": 2.9000000000000004,
      "waterPumped": 41.5,
      "targetTemperature": 93,
      "targetPumpFlow": 4,
      "targetPressure": 4
    },
    {
      "timeInShot": 11100,
      "pressure": 2.8000000000000003,
      "pumpFlow": 3.7,
      "weightFlow": 0.8,
      "temperature": 93.9,
      "shotWeight": 3.7,
      "waterPumped": 42.400000000000006,
      "targetTemperature": 93,
      "targetPumpFlow": 4,
      "targetPressure": 4
    },
    {
      "timeInShot": 11200,
      "pressure": 3,
      "pumpFlow": 3.7,
      "weightFlow": 0.8,
      "temperature": 93.9,
      "shotWeight": 3.7,
      "waterPumped": 42.400000000000006,
      "targetTemperature": 93,
      "targetPumpFlow": 4,
      "targetPressure": 4
    },
    {
      "timeInShot": 11400,
      "pressure": 3,
      "pumpFlow": 3.8000000000000003,
      "weightFlow": 1.1,
      "temperature": 94,
      "shotWeight": 4.9,
      "waterPumped": 43.400000000000006,
      "targetTemperature": 93,
      "targetPumpFlow": 4,
      "targetPressure": 4
    },
    {
      "timeInShot": 11600,
      "pressure": 3.3000000000000003,
      "pumpFlow": 3.7,
      "weightFlow": 1.3,
      "temperature": 94,
      "shotWeight": 5.6000000000000005,
      "waterPumped": 44.300000000000004,
      "targetTemperature": 93,
      "targetPumpFlow": 4,
      "targetPressure": 4
    },
    {
      "timeInShot": 11700,
      "pressure": 3.3000000000000003,
      "pumpFlow": 3.7,
      "weightFlow": 1.3,
      "temperature": 94,
      "shotWeight": 5.6000000000000005,
      "waterPumped": 44.300000000000004,
      "targetTemperature": 93,
      "targetPumpFlow": 4,
      "targetPressure": 4
    },
    {
      "timeInShot": 11900,
      "pressure": 3.1,
      "pumpFlow": 3.6,
      "weightFlow": 1.7000000000000002,
      "temperature": 94,
      "shotWeight": 6.6000000000000005,
      "waterPumped": 45.2,
      "targetTemperature": 93,
      "targetPumpFlow": 4,
      "targetPressure": 4
    },
    {
      "timeInShot": 12000,
      "pressure": 3,
      "pumpFlow": 3.6,
      "weightFlow": 1.7000000000000002,
      "temperature": 94,
      "shotWeight": 6.6000000000000005,
      "waterPumped": 45.2,
      "targetTemperature": 93,
      "targetPumpFlow": 4,
      "targetPressure": 4
    },
    {
      "timeInShot": 12200,
      "pressure": 3.2,
      "pumpFlow": 3.6,
      "weightFlow": 1.8,
      "temperature": 94,
      "shotWeight": 7.2,
      "waterPumped": 46.1,
      "targetTemperature": 93,
      "targetPumpFlow": 4,
      "targetPressure": 4
    },
    {
      "timeInShot": 12300,
      "pressure": 3.3000000000000003,
      "pumpFlow": 3.5,
      "weightFlow": 2.1,
      "temperature": 94,
      "shotWeight": 8.200000000000001,
      "waterPumped": 47,
      "targetTemperature": 93,
      "targetPumpFlow": 4,
      "targetPressure": 4
    },
    {
      "timeInShot": 12500,
      "pressure": 3.3000000000000003,
      "pumpFlow": 3.5,
      "weightFlow": 2.1,
      "temperature": 94,
      "shotWeight": 8.200000000000001,
      "waterPumped": 47,
      "targetTemperature": 93,
      "targetPumpFlow": 4,
      "targetPressure": 4
    },
    {
      "timeInShot": 12600,
      "pressure": 3.5,
      "pumpFlow": 3.5,
      "weightFlow": 2.4000000000000004,
      "temperature": 94,
      "shotWeight": 9.3,
      "waterPumped": 47.900000000000006,
      "targetTemperature": 93,
      "targetPumpFlow": 4,
      "targetPressure": 4
    },
    {
      "timeInShot": 12800,
      "pressure": 3.3000000000000003,
      "pumpFlow": 3.5,
      "weightFlow": 2.4000000000000004,
      "temperature": 94,
      "shotWeight": 9.3,
      "waterPumped": 47.900000000000006,
      "targetTemperature": 93,
      "targetPumpFlow": 4,
      "targetPressure": 4
    },
    {
      "timeInShot": 12900,
      "pressure": 3.5,
      "pumpFlow": 3.5,
      "weightFlow": 2.6,
      "temperature": 94,
      "shotWeight": 10.100000000000001,
      "waterPumped": 48.800000000000004,
      "targetTemperature": 93,
      "targetPumpFlow": 4,
      "targetPressure": 4
    },
    {
      "timeInShot": 13100,
      "pressure": 3.4000000000000004,
      "pumpFlow": 3.5,
      "weightFlow": 2.8000000000000003,
      "temperature": 94,
      "shotWeight": 11.100000000000001,
      "waterPumped": 49.6,
      "targetTemperature": 93,
      "targetPumpFlow": 4,
      "targetPressure": 4
    },
    {
      "timeInShot": 13200,
      "pressure": 3.8000000000000003,
      "pumpFlow": 3.5,
      "weightFlow": 2.8000000000000003,
      "temperature": 0,
      "shotWeight": 11.100000000000001,
      "waterPumped": 49.6,
      "targetTemperature": 93,
      "targetPumpFlow": 4,
      "targetPressure": 4
    },
    {
      "timeInShot": 13400,
      "pressure": 3.4000000000000004,
      "pumpFlow": 3.5,
      "weightFlow": 2.9000000000000004,
      "temperature": 94,
      "shotWeight": 12,
      "waterPumped": 50.5,
      "targetTemperature": 93,
      "targetPumpFlow": 4,
      "targetPressure": 4
    },
    {
      "timeInShot": 13500,
      "pressure": 3.5,
      "pumpFlow": 3.5,
      "weightFlow": 2.9000000000000004,
      "temperature": 94,
      "shotWeight": 12,
      "waterPumped": 50.5,
      "targetTemperature": 93,
      "targetPumpFlow": 4,
      "targetPressure": 4
    },
    {
      "timeInShot": 13700,
      "pressure": 3.6,
      "pumpFlow": 3.5,
      "weightFlow": 2.9000000000000004,
      "temperature": 94,
      "shotWeight": 12.700000000000001,
      "waterPumped": 51.400000000000006,
      "targetTemperature": 93,
      "targetPumpFlow": 4,
      "targetPressure": 4
    },
    {
      "timeInShot": 13800,
      "pressure": 3.7,
      "pumpFlow": 3.5,
      "weightFlow": 3.1,
      "temperature": 94,
      "shotWeight": 13.9,
      "waterPumped": 52.300000000000004,
      "targetTemperature": 93,
      "targetPumpFlow": 4,
      "targetPressure": 4
    },
    {
      "timeInShot": 14000,
      "pressure": 3.8000000000000003,
      "pumpFlow": 3.5,
      "weightFlow": 3.1,
      "temperature": 94,
      "shotWeight": 13.9,
      "waterPumped": 52.300000000000004,
      "targetTemperature": 93,
      "targetPumpFlow": 4,
      "targetPressure": 4
    },
    {
      "timeInShot": 14100,
      "pressure": 3.8000000000000003,
      "pumpFlow": 3.6,
      "weightFlow": 3.1,
      "temperature": 94,
      "shotWeight": 14.700000000000001,
      "waterPumped": 53.2,
      "targetTemperature": 93,
      "targetPumpFlow": 4,
      "targetPressure": 4
    },
    {
      "timeInShot": 14300,
      "pressure": 3.9000000000000004,
      "pumpFlow": 3.6,
      "weightFlow": 3.1,
      "temperature": 94,
      "shotWeight": 14.700000000000001,
      "waterPumped": 53.2,
      "targetTemperature": 93,
      "targetPumpFlow": 4,
      "targetPressure": 4
    },
    {
      "timeInShot": 14400,
      "pressure": 4,
      "pumpFlow": 3.6,
      "weightFlow": 3.3000000000000003,
      "temperature": 94,
      "shotWeight": 15.9,
      "waterPumped": 54.1,
      "targetTemperature": 93,
      "targetPumpFlow": 3.6,
      "targetPressure": 9
    },
    {
      "timeInShot": 14600,
      "pressure": 4.1000000000000005,
      "pumpFlow": 3.6,
      "weightFlow": 3.5,
      "temperature": 94,
      "shotWeight": 17,
      "waterPumped": 55,
      "targetTemperature": 93,
      "targetPumpFlow": 3.6,
      "targetPressure": 9
    },
    {
      "timeInShot": 14700,
      "pressure": 4.1000000000000005,
      "pumpFlow": 3.6,
      "weightFlow": 3.5,
      "temperature": 94,
      "shotWeight": 17,
      "waterPumped": 55,
      "targetTemperature": 93,
      "targetPumpFlow": 3.6,
      "targetPressure": 9
    },
    {
      "timeInShot": 14900,
      "pressure": 4.2,
      "pumpFlow": 3.6,
      "weightFlow": 3.4000000000000004,
      "temperature": 94,
      "shotWeight": 17.8,
      "waterPumped": 55.900000000000006,
      "targetTemperature": 93,
      "targetPumpFlow": 3.6,
      "targetPressure": 9
    },
    {
      "timeInShot": 15000,
      "pressure": 4.2,
      "pumpFlow": 3.6,
      "weightFlow": 3.4000000000000004,
      "temperature": 94,
      "shotWeight": 17.8,
      "waterPumped": 55.900000000000006,
      "targetTemperature": 93,
      "targetPumpFlow": 3.6,
      "targetPressure": 9
    },
    {
      "timeInShot": 15200,
      "pressure": 4.2,
      "pumpFlow": 3.6,
      "weightFlow": 3.7,
      "temperature": 94,
      "shotWeight": 19.200000000000003,
      "waterPumped": 56.800000000000004,
      "targetTemperature": 93,
      "targetPumpFlow": 3.6,
      "targetPressure": 9
    },
    {
      "timeInShot": 15300,
      "pressure": 4.1000000000000005,
      "pumpFlow": 3.6,
      "weightFlow": 3.6,
      "temperature": 94,
      "shotWeight": 20,
      "waterPumped": 57.7,
      "targetTemperature": 93,
      "targetPumpFlow": 3.7,
      "targetPressure": 9
    },
    {
      "timeInShot": 15500,
      "pressure": 4.3,
      "pumpFlow": 3.6,
      "weightFlow": 3.6,
      "temperature": 94,
      "shotWeight": 20,
      "waterPumped": 57.7,
      "targetTemperature": 93,
      "targetPumpFlow": 3.7,
      "targetPressure": 9
    },
    {
      "timeInShot": 15600,
      "pressure": 4.4,
      "pumpFlow": 3.6,
      "weightFlow": 3.8000000000000003,
      "temperature": 94,
      "shotWeight": 21.3,
      "waterPumped": 58.6,
      "targetTemperature": 93,
      "targetPumpFlow": 3.7,
      "targetPressure": 9
    },
    {
      "timeInShot": 15800,
      "pressure": 4.6000000000000005,
      "pumpFlow": 3.6,
      "weightFlow": 3.8000000000000003,
      "temperature": 94,
      "shotWeight": 21.3,
      "waterPumped": 58.6,
      "targetTemperature": 93,
      "targetPumpFlow": 3.7,
      "targetPressure": 9
    },
    {
      "timeInShot": 15900,
      "pressure": 4.6000000000000005,
      "pumpFlow": 3.6,
      "weightFlow": 3.9000000000000004,
      "temperature": 94,
      "shotWeight": 22.400000000000002,
      "waterPumped": 59.5,
      "targetTemperature": 93,
      "targetPumpFlow": 3.7,
      "targetPressure": 9
    },
    {
      "timeInShot": 16100,
      "pressure": 4.5,
      "pumpFlow": 3.6,
      "weightFlow": 3.8000000000000003,
      "temperature": 94,
      "shotWeight": 23.3,
      "waterPumped": 60.400000000000006,
      "targetTemperature": 93,
      "targetPumpFlow": 3.7,
      "targetPressure": 9
    },
    {
      "timeInShot": 16300,
      "pressure": 4.6000000000000005,
      "pumpFlow": 3.6,
      "weightFlow": 3.8000000000000003,
      "temperature": 94,
      "shotWeight": 23.3,
      "waterPumped": 60.400000000000006,
      "targetTemperature": 93,
      "targetPumpFlow": 3.7,
      "targetPressure": 9
    },
    {
      "timeInShot": 16400,
      "pressure": 4.4,
      "pumpFlow": 3.6,
      "weightFlow": 4,
      "temperature": 94,
      "shotWeight": 24.6,
      "waterPumped": 61.300000000000004,
      "targetTemperature": 93,
      "targetPumpFlow": 3.7,
      "targetPressure": 9
    },
    {
      "timeInShot": 16600,
      "pressure": 4.7,
      "pumpFlow": 3.6,
      "weightFlow": 4,
      "temperature": 94,
      "shotWeight": 24.6,
      "waterPumped": 61.300000000000004,
      "targetTemperature": 93,
      "targetPumpFlow": 3.8000000000000003,
      "targetPressure": 9
    },
    {
      "timeInShot": 16700,
      "pressure": 4.6000000000000005,
      "pumpFlow": 3.6,
      "weightFlow": 3.9000000000000004,
      "temperature": 94,
      "shotWeight": 25.5,
      "waterPumped": 62.2,
      "targetTemperature": 93,
      "targetPumpFlow": 3.8000000000000003,
      "targetPressure": 9
    },
    {
      "timeInShot": 16900,
      "pressure": 4.6000000000000005,
      "pumpFlow": 3.6,
      "weightFlow": 4.2,
      "temperature": 94,
      "shotWeight": 27,
      "waterPumped": 63.1,
      "targetTemperature": 93,
      "targetPumpFlow": 3.8000000000000003,
      "targetPressure": 9
    },
    {
      "timeInShot": 17000,
      "pressure": 4.7,
      "pumpFlow": 3.6,
      "weightFlow": 4.2,
      "temperature": 94,
      "shotWeight": 27,
      "waterPumped": 63.1,
      "targetTemperature": 93,
      "targetPumpFlow": 3.8000000000000003,
      "targetPressure": 9
    },
    {
      "timeInShot": 17200,
      "pressure": 4.800000000000001,
      "pumpFlow": 3.6,
      "weightFlow": 4.1000000000000005,
      "temperature": 94,
      "shotWeight": 27.900000000000002,
      "waterPumped": 64,
      "targetTemperature": 93,
      "targetPumpFlow": 3.8000000000000003,
      "targetPressure": 9
    },
    {
      "timeInShot": 17300,
      "pressure": 4.9,
      "pumpFlow": 3.6,
      "weightFlow": 4.1000000000000005,
      "temperature": 94,
      "shotWeight": 27.900000000000002,
      "waterPumped": 64,
      "targetTemperature": 93,
      "targetPumpFlow": 3.8000000000000003,
      "targetPressure": 9
    },
    {
      "timeInShot": 17500,
      "pressure": 4.800000000000001,
      "pumpFlow": 3.7,
      "weightFlow": 4,
      "temperature": 94,
      "shotWeight": 28.8,
      "waterPumped": 65,
      "targetTemperature": 93,
      "targetPumpFlow": 3.8000000000000003,
      "targetPressure": 9
    },
    {
      "timeInShot": 17600,
      "pressure": 5,
      "pumpFlow": 3.7,
      "weightFlow": 4.2,
      "temperature": 94,
      "shotWeight": 30.3,
      "waterPumped": 65.9,
      "targetTemperature": 93,
      "targetPumpFlow": 3.8000000000000003,
      "targetPressure": 9
    },
    {
      "timeInShot": 17800,
      "pressure": 5,
      "pumpFlow": 3.7,
      "weightFlow": 4.2,
      "temperature": 94,
      "shotWeight": 30.3,
      "waterPumped": 65.9,
      "targetTemperature": 93,
      "targetPumpFlow": 3.9000000000000004,
      "targetPressure": 9
    },
    {
      "timeInShot": 17900,
      "pressure": 5.1000000000000005,
      "pumpFlow": 3.7,
      "weightFlow": 4.1000000000000005,
      "temperature": 94,
      "shotWeight": 31.1,
      "waterPumped": 66.8,
      "targetTemperature": 93,
      "targetPumpFlow": 3.9000000000000004,
      "targetPressure": 9
    },
    {
      "timeInShot": 18100,
      "pressure": 5.2,
      "pumpFlow": 3.7,
      "weightFlow": 4.4,
      "temperature": 94,
      "shotWeight": 32.800000000000004,
      "waterPumped": 67.7,
      "targetTemperature": 93,
      "targetPumpFlow": 3.9000000000000004,
      "targetPressure": 9
    },
    {
      "timeInShot": 18200,
      "pressure": 5.300000000000001,
      "pumpFlow": 3.7,
      "weightFlow": 4.4,
      "temperature": 94,
      "shotWeight": 32.800000000000004,
      "waterPumped": 67.7,
      "targetTemperature": 93,
      "targetPumpFlow": 3.9000000000000004,
      "targetPressure": 9
    },
    {
      "timeInShot": 18400,
      "pressure": 5.2,
      "pumpFlow": 3.7,
      "weightFlow": 4.3,
      "temperature": 94,
      "shotWeight": 33.7,
      "waterPumped": 68.7,
      "targetTemperature": 93,
      "targetPumpFlow": 3.9000000000000004,
      "targetPressure": 9
    },
    {
      "timeInShot": 18500,
      "pressure": 5.300000000000001,
      "pumpFlow": 3.7,
      "weightFlow": 4.3,
      "temperature": 94,
      "shotWeight": 33.7,
      "waterPumped": 68.7,
      "targetTemperature": 93,
      "targetPumpFlow": 3.9000000000000004,
      "targetPressure": 9
    },
    {
      "timeInShot": 18700,
      "pressure": 5.4,
      "pumpFlow": 3.7,
      "weightFlow": 4.3,
      "temperature": 94,
      "shotWeight": 34.7,
      "waterPumped": 69.60000000000001,
      "targetTemperature": 93,
      "targetPumpFlow": 3.9000000000000004,
      "targetPressure": 9
    },
    {
      "timeInShot": 18800,
      "pressure": 5.4,
      "pumpFlow": 3.7,
      "weightFlow": 4.5,
      "temperature": 94,
      "shotWeight": 36.2,
      "waterPumped": 70.60000000000001,
      "targetTemperature": 93,
      "targetPumpFlow": 4,
      "targetPressure": 9
    },
    {
      "timeInShot": 19000,
      "pressure": 5.6000000000000005,
      "pumpFlow": 3.7,
      "weightFlow": 4.5,
      "temperature": 94,
      "shotWeight": 36.2,
      "waterPumped": 70.60000000000001,
      "targetTemperature": 93,
      "targetPumpFlow": 4,
      "targetPressure": 9
    },
    {
      "timeInShot": 19100,
      "pressure": 5.7,
      "pumpFlow": 3.8000000000000003,
      "weightFlow": 4.4,
      "temperature": 94,
      "shotWeight": 37.2,
      "waterPumped": 71.5,
      "targetTemperature": 93,
      "targetPumpFlow": 4,
      "targetPressure": 9
    },
    {
      "timeInShot": 19300,
      "pressure": 5.800000000000001,
      "pumpFlow": 3.8000000000000003,
      "weightFlow": 4.4,
      "temperature": 94,
      "shotWeight": 37.2,
      "waterPumped": 71.5,
      "targetTemperature": 93,
      "targetPumpFlow": 4,
      "targetPressure": 9
    },
    {
      "timeInShot": 19400,
      "pressure": 5.6000000000000005,
      "pumpFlow": 3.8000000000000003,
      "weightFlow": 4.7,
      "temperature": 94,
      "shotWeight": 38.900000000000006,
      "waterPumped": 72.5,
      "targetTemperature": 93,
      "targetPumpFlow": 4,
      "targetPressure": 6
    },
    {
      "timeInShot": 19600,
      "pressure": 5.7,
      "pumpFlow": 3.8000000000000003,
      "weightFlow": 4.6000000000000005,
      "temperature": 94,
      "shotWeight": 40,
      "waterPumped": 73.4,
      "targetTemperature": 93,
      "targetPumpFlow": 4,
      "targetPressure": 6
    },
    {
      "timeInShot": 19700,
      "pressure": 5.800000000000001,
      "pumpFlow": 3.8000000000000003,
      "weightFlow": 4.6000000000000005,
      "temperature": 94,
      "shotWeight": 40,
      "waterPumped": 73.4,
      "targetTemperature": 93,
      "targetPumpFlow": 4,
      "targetPressure": 6
    },
    {
      "timeInShot": 19900,
      "pressure": 5.800000000000001,
      "pumpFlow": 3.8000000000000003,
      "weightFlow": 4.6000000000000005,
      "temperature": 94,
      "shotWeight": 41,
      "waterPumped": 74.4,
      "targetTemperature": 93,
      "targetPumpFlow": 4,
      "targetPressure": 6
    },
    {
      "timeInShot": 20000,
      "pressure": 5.9,
      "pumpFlow": 3.8000000000000003,
      "weightFlow": 4.6000000000000005,
      "temperature": 94,
      "shotWeight": 41,
      "waterPumped": 74.4,
      "targetTemperature": 93,
      "targetPumpFlow": 4,
      "targetPressure": 6
    },
    {
      "timeInShot": 20200,
      "pressure": 5.9,
      "pumpFlow": 3.8000000000000003,
      "weightFlow": 4.800000000000001,
      "temperature": 94,
      "shotWeight": 42.6,
      "waterPumped": 75.3,
      "targetTemperature": 93,
      "targetPumpFlow": 4,
      "targetPressure": 6
    },
    {
      "timeInShot": 20300,
      "pressure": 5.9,
      "pumpFlow": 3.8000000000000003,
      "weightFlow": 4.7,
      "temperature": 94,
      "shotWeight": 43.6,
      "waterPumped": 76.3,
      "targetTemperature": 93,
      "targetPumpFlow": 4,
      "targetPressure": 6
    },
    {
      "timeInShot": 20500,
      "pressure": 6,
      "pumpFlow": 3.8000000000000003,
      "weightFlow": 4.7,
      "temperature": 94,
      "shotWeight": 43.6,
      "waterPumped": 76.3,
      "targetTemperature": 93,
      "targetPumpFlow": 4,
      "targetPressure": 6
    },
    {
      "timeInShot": 20700,
      "pressure": 5.7,
      "pumpFlow": 3.8000000000000003,
      "weightFlow": 5,
      "temperature": 94,
      "shotWeight": 45.400000000000006,
      "waterPumped": 77.30000000000001,
      "targetTemperature": 93,
      "targetPumpFlow": 4,
      "targetPressure": 6
    },
    {
      "timeInShot": 20800,
      "pressure": 5.7,
      "pumpFlow": 3.8000000000000003,
      "weightFlow": 5,
      "temperature": 94,
      "shotWeight": 45.400000000000006,
      "waterPumped": 77.30000000000001,
      "targetTemperature": 93,
      "targetPumpFlow": 4,
      "targetPressure": 6
    },
    {
      "timeInShot": 21000,
      "pressure": 5.7,
      "pumpFlow": 3.8000000000000003,
      "weightFlow": 4.9,
      "temperature": 94,
      "shotWeight": 46.5,
      "waterPumped": 78.2,
      "targetTemperature": 93,
      "targetPumpFlow": 4,
      "targetPressure": 6
    },
    {
      "timeInShot": 21100,
      "pressure": 5.800000000000001,
      "pumpFlow": 3.8000000000000003,
      "weightFlow": 4.800000000000001,
      "temperature": 94,
      "shotWeight": 47.5,
      "waterPumped": 79.2,
      "targetTemperature": 93,
      "targetPumpFlow": 4,
      "targetPressure": 6
    },
    {
      "timeInShot": 21300,
      "pressure": 5.800000000000001,
      "pumpFlow": 3.8000000000000003,
      "weightFlow": 4.800000000000001,
      "temperature": 94,
      "shotWeight": 47.5,
      "waterPumped": 79.2,
      "targetTemperature": 93,
      "targetPumpFlow": 4,
      "targetPressure": 6
    },
    {
      "timeInShot": 21400,
      "pressure": 5.800000000000001,
      "pumpFlow": 3.9000000000000004,
      "weightFlow": 5,
      "temperature": 94,
      "shotWeight": 49.1,
      "waterPumped": 80.2,
      "targetTemperature": 93,
      "targetPumpFlow": 4,
      "targetPressure": 6
    },
    {
      "timeInShot": 21600,
      "pressure": 5.800000000000001,
      "pumpFlow": 3.9000000000000004,
      "weightFlow": 5,
      "temperature": 94,
      "shotWeight": 49.1,
      "waterPumped": 80.2,
      "targetTemperature": 93,
      "targetPumpFlow": 4,
      "targetPressure": 6
    },
    {
      "timeInShot": 21700,
      "pressure": 5.9,
      "pumpFlow": 3.9000000000000004,
      "weightFlow": 4.800000000000001,
      "temperature": 94,
      "shotWeight": 50.1,
      "waterPumped": 81.10000000000001,
      "targetTemperature": 93,
      "targetPumpFlow": 4,
      "targetPressure": 6
    },
    {
      "timeInShot": 21900,
      "pressure": 5.9,
      "pumpFlow": 3.9000000000000004,
      "weightFlow": 5.2,
      "temperature": 94,
      "shotWeight": 52,
      "waterPumped": 82.10000000000001,
      "targetTemperature": 93,
      "targetPumpFlow": 4,
      "targetPressure": 6
    },
    {
      "timeInShot": 22000,
      "pressure": 5.9,
      "pumpFlow": 3.9000000000000004,
      "weightFlow": 5.2,
      "temperature": 94,
      "shotWeight": 52,
      "waterPumped": 82.10000000000001,
      "targetTemperature": 93,
      "targetPumpFlow": 4,
      "targetPressure": 6
    },
    {
      "timeInShot": 22200,
      "pressure": 5.9,
      "pumpFlow": 3.9000000000000004,
      "weightFlow": 5,
      "temperature": 94,
      "shotWeight": 53,
      "waterPumped": 83.10000000000001,
      "targetTemperature": 93,
      "targetPumpFlow": 4,
      "targetPressure": 6
    },
    {
      "timeInShot": 22300,
      "pressure": 5.800000000000001,
      "pumpFlow": 3.9000000000000004,
      "weightFlow": 5,
      "temperature": 94,
      "shotWeight": 53,
      "waterPumped": 83.10000000000001,
      "targetTemperature": 93,
      "targetPumpFlow": 4,
      "targetPressure": 6
    },
    {
      "timeInShot": 22500,
      "pressure": 5.9,
      "pumpFlow": 3.9000000000000004,
      "weightFlow": 5.2,
      "temperature": 94,
      "shotWeight": 54.6,
      "waterPumped": 84.10000000000001,
      "targetTemperature": 93,
      "targetPumpFlow": 4,
      "targetPressure": 6
    },
    {
      "timeInShot": 22600,
      "pressure": 5.800000000000001,
      "pumpFlow": 3.9000000000000004,
      "weightFlow": 5.1000000000000005,
      "temperature": 94,
      "shotWeight": 55.7,
      "waterPumped": 85,
      "targetTemperature": 93,
      "targetPumpFlow": 4,
      "targetPressure": 6
    },
    {
      "timeInShot": 22800,
      "pressure": 5.800000000000001,
      "pumpFlow": 3.9000000000000004,
      "weightFlow": 5.1000000000000005,
      "temperature": 94,
      "shotWeight": 55.7,
      "waterPumped": 85,
      "targetTemperature": 93,
      "targetPumpFlow": 4,
      "targetPressure": 6
    },
    {
      "timeInShot": 22900,
      "pressure": 5.9,
      "pumpFlow": 3.9000000000000004,
      "weightFlow": 5,
      "temperature": 94,
      "shotWeight": 56.900000000000006,
      "waterPumped": 86,
      "targetTemperature": 93,
      "targetPumpFlow": 4,
      "targetPressure": 6
    },
    {
      "timeInShot": 23100,
      "pressure": 5.800000000000001,
      "pumpFlow": 3.9000000000000004,
      "weightFlow": 5,
      "temperature": 94,
      "shotWeight": 56.900000000000006,
      "waterPumped": 86,
      "targetTemperature": 93,
      "targetPumpFlow": 4,
      "targetPressure": 6
    },
    {
      "timeInShot": 23200,
      "pressure": 5.800000000000001,
      "pumpFlow": 3.9000000000000004,
      "weightFlow": 5.2,
      "temperature": 94,
      "shotWeight": 58.5,
      "waterPumped": 87,
      "targetTemperature": 93,
      "targetPumpFlow": 4,
      "targetPressure": 6
    },
    {
      "timeInShot": 23400,
      "pressure": 5.800000000000001,
      "pumpFlow": 3.9000000000000004,
      "weightFlow": 5.1000000000000005,
      "temperature": 94,
      "shotWeight": 59.5,
      "waterPumped": 88,
      "targetTemperature": 93,
      "targetPumpFlow": 4,
      "targetPressure": 6
    },
    {
      "timeInShot": 23500,
      "pressure": 5.800000000000001,
      "pumpFlow": 3.9000000000000004,
      "weightFlow": 5.1000000000000005,
      "temperature": 94,
      "shotWeight": 59.5,
      "waterPumped": 88,
      "targetTemperature": 93,
      "targetPumpFlow": 4,
      "targetPressure": 6
    },
    {
      "timeInShot": 23700,
      "pressure": 5.7,
      "pumpFlow": 3.9000000000000004,
      "weightFlow": 5.2,
      "temperature": 94,
      "shotWeight": 61.1,
      "waterPumped": 89,
      "targetTemperature": 93,
      "targetPumpFlow": 4,
      "targetPressure": 6
    },
    {
      "timeInShot": 23800,
      "pressure": 5.7,
      "pumpFlow": 3.9000000000000004,
      "weightFlow": 5.2,
      "temperature": 94,
      "shotWeight": 61.1,
      "waterPumped": 89,
      "targetTemperature": 93,
      "targetPumpFlow": 4,
      "targetPressure": 6
    },
    {
      "timeInShot": 24000,
      "pressure": 5.7,
      "pumpFlow": 3.9000000000000004,
      "weightFlow": 5.1000000000000005,
      "temperature": 94,
      "shotWeight": 62.1,
      "waterPumped": 89.9,
      "targetTemperature": 93,
      "targetPumpFlow": 4,
      "targetPressure": 6
    }
  ],
  "profile": {
    "id": 15,
    "name": "Allonge'",
    "phases": [
      {
        "target": {
          "end": 4,
          "curve": "INSTANT"
        },
        "stopConditions": {
          "time": 20000,
          "pressureAbove": 4,
          "waterPumpedInPhase": 65
        },
        "type": "FLOW",
        "skip": false,
        "restriction": 4
      },
      {
        "target": {
          "end": 4,
          "curve": "LINEAR",
          "time": 5000
        },
        "stopConditions": {
          "time": 5000
        },
        "type": "FLOW",
        "skip": false,
        "restriction": 9
      },
      {
        "target": {
          "end": 4,
          "curve": "INSTANT"
        },
        "stopConditions": {
          "time": 20000
        },
        "type": "FLOW",
        "skip": false,
        "restriction": 6
      }
    ],
    "globalStopConditions": {
      "weight": 75
    },
    "waterTemperature": 93,
    "recipe": {}
  }
}