{
  "id": 5,
  "duration": 299,
  "timestamp": 1169,
  "datapoints": [
    {
      "timeInShot": 500,
      "pressure": 0.5,
      "pumpFlow": 0.4,
      "weightFlow": 0,
      "temperature": 14.5,
      "shotWeight": 0,
      "waterPumped": 0.2,
      "targetTemperature": 10,
      "targetPumpFlow": 1,
      "targetPressure": 0
    },
    {
      "timeInShot": 600,
      "pressure": 0.5,
      "pumpFlow": 0.4,
      "weightFlow": 1.3,
      "temperature": 14.5,
      "shotWeight": 0.4,
      "waterPumped": 0.2,
      "targetTemperature": 10,
      "targetPumpFlow": 1,
      "targetPressure": 0
    },
    {
      "timeInShot": 800,
      "pressure": 0.4,
      "pumpFlow": 0.5,
      "weightFlow": 3.3000000000000003,
      "temperature": 14.5,
      "shotWeight": 1.5,
      "waterPumped": 0.30000000000000004,
      "targetTemperature": 10,
      "targetPumpFlow": 1,
      "targetPressure": 0
    },
    {
      "timeInShot": 900,
      "pressure": 0.30000000000000004,
      "pumpFlow": 0.5,
      "weightFlow": 3.3000000000000003,
      "temperature": 14.5,
      "shotWeight": 1.5,
      "waterPumped": 0.30000000000000004,
      "targetTemperature": 10,
      "targetPumpFlow": 1,
      "targetPressure": 0
    },
    {
      "timeInShot": 1100,
      "pressure": 0.2,
      "pumpFlow": 0.6000000000000001,
      "weightFlow": 3.3000000000000003,
      "temperature": 14.5,
      "shotWeight": 1.5,
      "waterPumped": 0.5,
      "targetTemperature": 10,
      "targetPumpFlow": 1,
      "targetPressure": 0
    },
    {
      "timeInShot": 1200,
      "pressure": 0.2,
      "pumpFlow": 0.8,
      "weightFlow": 2.7,
      "temperature": 14.5,
      "shotWeight": 4.5,
      "waterPumped": 0.7000000000000001,
      "targetTemperature": 10,
      "targetPumpFlow": 1,
      "targetPressure": 0
    },
    {
      "timeInShot": 1400,
      "pressure": 0.1,
      "pumpFlow": 0.8,
      "weightFlow": 2.7,
      "temperature": 14.5,
      "shotWeight": 4.5,
      "waterPumped": 0.7000000000000001,
      "targetTemperature": 10,
      "targetPumpFlow": 1,
      "targetPressure": 0
    },
    {
      "timeInShot": 1500,
      "pressure": 0.1,
      "pumpFlow": 1,
      "weightFlow": 1.8,
      "temperature": 14.5,
      "shotWeight": 4.4,
      "waterPumped": 0.9,
      "targetTemperature": 10,
      "targetPumpFlow": 1,
      "targetPressure": 0
    },
    {
      "timeInShot": 1700,
      "pressure": 0.1,
      "pumpFlow": 1,
      "weightFlow": 1.8,
      "temperature": 14.5,
      "shotWeight": 4.4,
      "waterPumped": 0.9,
      "targetTemperature": 10,
      "targetPumpFlow": 1,
      "targetPressure": 0
    },
    {
      "timeInShot": 1900,
      "pressure": 0.1,
      "pumpFlow": 1,
      "weightFlow": 1.4000000000000001,
      "temperature": 14.5,
      "shotWeight": 4.5,
      "waterPumped": 1.2000000000000002,
      "targetTemperature": 10,
      "targetPumpFlow": 1,
      "targetPressure": 0
    },
    {
      "timeInShot": 2000,
      "pressure": 0.1,
      "pumpFlow": 1,
      "weightFlow": 1.3,
      "temperature": 14.5,
      "shotWeight": 4.7,
      "waterPumped": 1.4000000000000001,
      "targetTemperature": 10,
      "targetPumpFlow": 1,
      "targetPressure": 0
    },
    {
      "timeInShot": 2200,
      "pressure": 0.1,
      "pumpFlow": 1,
      "weightFlow": 1.3,
      "temperature": 14.5,
      "shotWeight": 4.7,
      "waterPumped": 1.4000000000000001,
      "targetTemperature": 10,
      "targetPumpFlow": 1,
      "targetPressure": 0
    },
    {
      "timeInShot": 2300,
      "pressure": 0.1,
      "pumpFlow": 0.9,
      "weightFlow": 1.4000000000000001,
      "temperature": 14.5,
      "shotWeight": 5.2,
      "waterPumped": 1.6,
      "targetTemperature": 10,
      "targetPumpFlow": 1,
      "targetPressure": 0
    },
    {
      "timeInShot": 2500,
      "pressure": 0,
      "pumpFlow": 0.9,
      "weightFlow": 1.4000000000000001,
      "temperature": 14.5,
      "shotWeight": 5.2,
      "waterPumped": 1.6,
      "targetTemperature": 10,
      "targetPumpFlow": 1,
      "targetPressure": 0
    },
    {
      "timeInShot": 2600,
      "pressure": 0,
      "pumpFlow": 0.9,
      "weightFlow": 1.3,
      "temperature": 14.5,
      "shotWeight": 5.4,
      "waterPumped": 1.9000000000000001,
      "targetTemperature": 10,
      "targetPumpFlow": 1,
      "targetPressure": 0
    },
    {
      "timeInShot": 2800,
      "pressure": 0,
      "pumpFlow": 0.9,
      "weightFlow": 1.1,
      "temperature": 14.5,
      "shotWeight": 5.5,
      "waterPumped": 2.1,
      "targetTemperature": 10,
      "targetPumpFlow": 1,
      "targetPressure": 0
    },
    {
      "timeInShot": 2900,
      "pressure": 0,
      "pumpFlow": 0.9,
      "weightFlow": 1.1,
      "temperature": 14.5,
      "shotWeight": 5.5,
      "waterPumped": 2.1,
      "targetTemperature": 10,
      "targetPumpFlow": 1,
      "targetPressure": 0
    },
    {
      "timeInShot": 3100,
      "pressure": 0,
      "pumpFlow": 0.9,
      "weightFlow": 1,
      "temperature": 14.5,
      "shotWeight": 5.6000000000000005,
      "waterPumped": 2.3000000000000003,
      "targetTemperature": 10,
      "targetPumpFlow": 1,
      "targetPressure": 0
    },
    {
      "timeInShot": 3200,
      "pressure": 0,
      "pumpFlow": 0.9,
      "weightFlow": 1,
      "temperature": 14.5,
      "shotWeight": 5.6000000000000005,
      "waterPumped": 2.3000000000000003,
      "targetTemperature": 10,
      "targetPumpFlow": 1,
      "targetPressure": 0
    },
    {
      "timeInShot": 3400,
      "pressure": 0.1,
      "pumpFlow": 0.9,
      "weightFlow": 1.1,
      "temperature": 14.5,
      "shotWeight": 6,
      "waterPumped": 2.6,
      "targetTemperature": 10,
      "targetPumpFlow": 1,
      "targetPressure": 0
    },
    {
      "timeInShot": 3500,
      "pressure": 0.1,
      "pumpFlow": 0.9,
      "weightFlow": 1.2000000000000002,
      "temperature": 14.5,
      "shotWeight": 6,
      "waterPumped": 2.8000000000000003,
      "targetTemperature": 10,
      "targetPumpFlow": 1,
      "targetPressure": 0
    },
    {
      "timeInShot": 3700,
      "pressure": 0.1,
      "pumpFlow": 0.9,
      "weightFlow": 1.2000000000000002,
      "temperature": 14.5,
      "shotWeight": 6,
      "waterPumped": 2.8000000000000003,
      "targetTemperature": 10,
      "targetPumpFlow": 1,
      "targetPressure": 0
    },
    {
      "timeInShot": 3800,
      "pressure": 0.1,
      "pumpFlow": 1,
      "weightFlow": 1.2000000000000002,
      "temperature": 14.5,
      "shotWeight": 6.4,
      "waterPumped": 3.1,
      "targetTemperature": 10,
      "targetPumpFlow": 1,
      "targetPressure": 0
    },
    {
      "timeInShot": 4000,
      "pressure": 0,
      "pumpFlow": 1,
      "weightFlow": 1.2000000000000002,
      "temperature": 14.5,
      "shotWeight": 6.4,
      "waterPumped": 3.1,
      "targetTemperature": 10,
      "targetPumpFlow": 1,
      "targetPressure": 0
    },
    {
      "timeInShot": 4100,
      "pressure": 0,
      "pumpFlow": 1,
      "weightFlow": 1.1,
      "temperature": 14.5,
      "shotWeight": 6.5,
      "waterPumped": 3.3000000000000003,
      "targetTemperature": 10,
      "targetPumpFlow": 1,
      "targetPressure": 0
    },
    {
      "timeInShot": 4300,
      "pressure": 0,
      "pumpFlow": 1,
      "weightFlow": 1.1,
      "temperature": 14.5,
      "shotWeight": 6.7,
      "waterPumped": 3.6,
      "targetTemperature": 10,
      "targetPumpFlow": 1,
      "targetPressure": 0
    },
    {
      "timeInShot": 4400,
      "pressure": 0,
      "pumpFlow": 1,
      "weightFlow": 1.1,
      "temperature": 14.5,
      "shotWeight": 6.7,
      "waterPumped": 3.6,
      "targetTemperature": 10,
      "targetPumpFlow": 1,
      "targetPressure": 0
    },
    {
      "timeInShot": 4600,
      "pressure": 0,
      "pumpFlow": 1,
      "weightFlow": 1.1,
      "temperature": 14.5,
      "shotWeight": 7,
      "waterPumped": 3.8000000000000003,
      "targetTemperature": 10,
      "targetPumpFlow": 1,
      "targetPressure": 0
    },
    {
      "timeInShot": 4700,
      "pressure": 0,
      "pumpFlow": 1,
      "weightFlow": 1.1,
      "temperature": 14.5,
      "shotWeight": 7,
      "waterPumped": 3.8000000000000003,
      "targetTemperature": 10,
      "targetPumpFlow": 1,
      "targetPressure": 0
    },
    {
      "timeInShot": 4900,
      "pressure": 0,
      "pumpFlow": 1,
      "weightFlow": 1.2000000000000002,
      "temperature": 14.5,
      "shotWeight": 7.4,
      "waterPumped": 4.1000000000000005,
      "targetTemperature": 10,
      "targetPumpFlow": 1,
      "targetPressure": 0
    },
    {
      "timeInShot": 5000,
      "pressure": 0,
      "pumpFlow": 1,
      "weightFlow": 1.1,
      "temperature": 14.5,
      "shotWeight": 7.6000000000000005,
      "waterPumped": 4.3,
      "targetTemperature": 10,
      "targetPumpFlow": 1,
      "targetPressure": 0
    },
    {
      "timeInShot": 5200,
      "pressure": 0,
      "pumpFlow": 1,
      "weightFlow": 1.1,
      "temperature": 14.5,
      "shotWeight": 7.6000000000000005,
      "waterPumped": 4.3,
      "targetTemperature": 10,
      "targetPumpFlow": 1,
      "targetPressure": 0
    },
    {
      "timeInShot": 5300,
      "pressure": 0,
      "pumpFlow": 1,
      "weightFlow": 1.2000000000000002,
      "temperature": 14.5,
      "shotWeight": 8,
      "waterPumped": 4.5,
      "targetTemperature": 10,
      "targetPumpFlow": 1,
      "targetPressure": 0
    },
    {
      "timeInShot": 5500,
      "pressure": 0,
      "pumpFlow": 1,
      "weightFlow": 1.2000000000000002,
      "temperature": 14.5,
      "shotWeight": 8,
      "waterPumped": 4.5,
      "targetTemperature": 10,
      "targetPumpFlow": 1,
      "targetPressure": 0
    },
    {
      "timeInShot": 5600,
      "pressure": 0,
      "pumpFlow": 1,
      "weightFlow": 1.1,
      "temperature": 14.5,
      "shotWeight": 8.1,
      "waterPumped": 4.800000000000001,
      "targetTemperature": 10,
      "targetPumpFlow": 1,
      "targetPressure": 0
    },
    {
      "timeInShot": 5800,
      "pressure": 0,
      "pumpFlow": 0.9,
      "weightFlow": 1,
      "temperature": 14.5,
      "shotWeight": 8.200000000000001,
      "waterPumped": 5,
      "targetTemperature": 10,
      "targetPumpFlow": 1,
      "targetPressure": 0
    },
    {
      "timeInShot": 5900,
      "pressure": 0,
      "pumpFlow": 0.9,
      "weightFlow": 1,
      "temperature": 14.5,
      "shotWeight": 8.200000000000001,
      "waterPumped": 5,
      "targetTemperature": 10,
      "targetPumpFlow": 1,
      "targetPressure": 0
    },
    {
      "timeInShot": 6100,
      "pressure": 0,
      "pumpFlow": 1,
      "weightFlow": 1,
      "temperature": 14.5,
      "shotWeight": 8.200000000000001,
      "waterPumped": 5.300000000000001,
      "targetTemperature": 10,
      "targetPumpFlow": 1,
      "targetPressure": 0
    },
    {
      "timeInShot": 6300,
      "pressure": 0.1,
      "pumpFlow": 1,
      "weightFlow": 1,
      "temperature": 14.5,
      "shotWeight": 8.200000000000001,
      "waterPumped": 5.300000000000001,
      "targetTemperature": 10,
      "targetPumpFlow": 1,
      "targetPressure": 0
    },
    {
      "timeInShot": 6400,
      "pressure": 0,
      "pumpFlow": 1,
      "weightFlow": 1,
      "temperature": 14.5,
      "shotWeight": 8.5,
      "waterPumped": 5.5,
      "targetTemperature": 10,
      "targetPumpFlow": 1,
      "targetPressure": 0
    },
    {
      "timeInShot": 6600,
      "pressure": 0,
      "pumpFlow": 1,
      "weightFlow": 1,
      "temperature": 14.5,
      "shotWeight": 8.5,
      "waterPumped": 5.800000000000001,
      "targetTemperature": 10,
      "targetPumpFlow": 1,
      "targetPressure": 0
    },
    {
      "timeInShot": 6700,
      "pressure": 0,
      "pumpFlow": 1,
      "weightFlow": 1,
      "temperature": 14.5,
      "shotWeight": 8.5,
      "waterPumped": 5.800000000000001,
      "targetTemperature": 10,
      "targetPumpFlow": 1,
      "targetPressure": 0
    },
    {
      "timeInShot": 6900,
      "pressure": 0,
      "pumpFlow": 1,
      "weightFlow": 1,
      "temperature": 14.5,
      "shotWeight": 8.700000000000001,
      "waterPumped": 6,
      "targetTemperature": 10,
      "targetPumpFlow": 1,
      "targetPressure": 0
    },
    {
      "timeInShot": 7000,
      "pressure": 0,
      "pumpFlow": 1,
      "weightFlow": 1,
      "temperature": 14.5,
      "shotWeight": 8.700000000000001,
      "waterPumped": 6,
      "targetTemperature": 10,
      "targetPumpFlow": 1,
      "targetPressure": 0
    },
    {
      "timeInShot": 7200,
      "pressure": 0,
      "pumpFlow": 1,
      "weightFlow": 1,
      "temperature": 14.5,
      "shotWeight": 8.8,
      "waterPumped": 6.300000000000001,
      "targetTemperature": 10,
      "targetPumpFlow": 1,
      "targetPressure": 0
    },
    {
      "timeInShot": 7300,
      "pressure": 0,
      "pumpFlow": 1,
      "weightFlow": 1,
      "temperature": 14.5,
      "shotWeight": 9.3,
      "waterPumped": 6.5,
      "targetTemperature": 10,
      "targetPumpFlow": 1,
      "targetPressure": 0
    },
    {
      "timeInShot": 7500,
      "pressure": 0.1,
      "pumpFlow": 1,
      "weightFlow": 1,
      "temperature": 14.5,
      "shotWeight": 9.3,
      "waterPumped": 6.5,
      "targetTemperature": 10,
      "targetPumpFlow": 1,
      "targetPressure": 0
    },
    {
      "timeInShot": 7600,
      "pressure": 0,
      "pumpFlow": 1,
      "weightFlow": 1,
      "temperature": 14.5,
      "shotWeight": 9.4,
      "waterPumped": 6.800000000000001,
      "targetTemperature": 10,
      "targetPumpFlow": 1,
      "targetPressure": 0
    },
    {
      "timeInShot": 7800,
      "pressure": 0,
      "pumpFlow": 1,
      "weightFlow": 1,
      "temperature": 14.5,
      "shotWeight": 9.4,
      "waterPumped": 6.800000000000001,
      "targetTemperature": 10,
      "targetPumpFlow": 1,
      "targetPressure": 0
    },
    {
      "timeInShot": 7900,
      "pressure": 0,
      "pumpFlow": 1,
      "weightFlow": 1.1,
      "temperature": 14.5,
      "shotWeight": 10,
      "waterPumped": 7,
      "targetTemperature": 10,
      "targetPumpFlow": 1,
      "targetPressure": 0
    },
    {
      "timeInShot": 8100,
      "pressure": 0,
      "pumpFlow": 1,
      "weightFlow": 1,
      "temperature": 14.5,
      "shotWeight": 10.100000000000001,
      "waterPumped": 7.2,
      "targetTemperature": 10,
      "targetPumpFlow": 1,
      "targetPressure": 0
    },
    {
      "timeInShot": 8200,
      "pressure": 0,
      "pumpFlow": 1,
      "weightFlow": 1,
      "temperature": 14.5,
      "shotWeight": 10.100000000000001,
      "waterPumped": 7.2,
      "targetTemperature": 10,
      "targetPumpFlow": 1,
      "targetPressure": 0
    },
    {
      "timeInShot": 8400,
      "pressure": 0.1,
      "pumpFlow": 1,
      "weightFlow": 1,
      "temperature": 14.5,
      "shotWeight": 10.200000000000001,
      "waterPumped": 7.5,
      "targetTemperature": 10,
      "targetPumpFlow": 1,
      "targetPressure": 0
    },
    {
      "timeInShot": 8500,
      "pressure": 0.1,
      "pumpFlow": 1,
      "weightFlow": 1,
      "temperature": 14.5,
      "shotWeight": 10.4,
      "waterPumped": 7.7,
      "targetTemperature": 10,
      "targetPumpFlow": 1,
      "targetPressure": 0
    },
    {
      "timeInShot": 8700,
      "pressure": 0.1,
      "pumpFlow": 1,
      "weightFlow": 1,
      "temperature": 14.5,
      "shotWeight": 10.4,
      "waterPumped": 7.7,
      "targetTemperature": 10,
      "targetPumpFlow": 1,
      "targetPressure": 0
    },
    {
      "timeInShot": 8800,
      "pressure": 0,
      "pumpFlow": 1,
      "weightFlow": 0.9,
      "temperature": 14.5,
      "shotWeight": 10.5,
      "waterPumped": 8,
      "targetTemperature": 10,
      "targetPumpFlow": 1,
      "targetPressure": 0
    },
    {
      "timeInShot": 9000,
      "pressure": 0,
      "pumpFlow": 1,
      "weightFlow": 0.9,
      "temperature": 14.5,
      "shotWeight": 10.5,
      "waterPumped": 8,
      "targetTemperature": 10,
      "targetPumpFlow": 1,
      "targetPressure": 0
    },
    {
      "timeInShot": 9100,
      "pressure": 0,
      "pumpFlow": 1,
      "weightFlow": 1,
      "temperature": 14.5,
      "shotWeight": 10.9,
      "waterPumped": 8.200000000000001,
      "targetTemperature": 10,
      "targetPumpFlow": 1,
      "targetPressure": 0
    },
    {
      "timeInShot": 9300,
      "pressure": 0,
      "pumpFlow": 1,
      "weightFlow": 0.9,
      "temperature": 14.5,
      "shotWeight": 11,
      "waterPumped": 8.5,
      "targetTemperature": 10,
      "targetPumpFlow": 1,
      "targetPressure": 0
    },
    {
      "timeInShot": 9400,
      "pressure": 0,
      "pumpFlow": 1,
      "weightFlow": 0.9,
      "temperature": 14.5,
      "shotWeight": 11,
      "waterPumped": 8.5,
      "targetTemperature": 10,
      "targetPumpFlow": 1,
      "targetPressure": 0
    },
    {
      "timeInShot": 9600,
      "pressure": 0,
      "pumpFlow": 1,
      "weightFlow": 1,
      "temperature": 14.5,
      "shotWeight": 11.4,
      "waterPumped": 8.700000000000001,
      "targetTemperature": 10,
      "targetPumpFlow": 1,
      "targetPressure": 0
    },
    {
      "timeInShot": 9700,
      "pressure": 0,
      "pumpFlow": 1,
      "weightFlow": 1,
      "temperature": 14.5,
      "shotWeight": 11.4,
      "waterPumped": 8.700000000000001,
      "targetTemperature": 10,
      "targetPumpFlow": 1,
      "targetPressure": 0
    },
    {
      "timeInShot": 9900,
      "pressure": 0,
      "pumpFlow": 1,
      "weightFlow": 0.9,
      "temperature": 14.5,
      "shotWeight": 11.5,
      "waterPumped": 9,
      "targetTemperature": 10,
      "targetPumpFlow": 1,
      "targetPressure": 0
    },
    {
      "timeInShot": 10100,
      "pressure": 0,
      "pumpFlow": 1,
      "weightFlow": 1,
      "temperature": 14.5,
      "shotWeight": 11.9,
      "waterPumped": 9.200000000000001,
      "targetTemperature": 10,
      "targetPumpFlow": 2,
      "targetPressure": 0
    },
    {
      "timeInShot": 10200,
      "pressure": 0.1,
      "pumpFlow": 1,
      "weightFlow": 1,
      "temperature": 14.5,
      "shotWeight": 11.9,
      "waterPumped": 9.200000000000001,
      "targetTemperature": 10,
      "targetPumpFlow": 2,
      "targetPressure": 0
    },
    {
      "timeInShot": 10400,
      "pressure": 0,
      "pumpFlow": 1.1,
      "weightFlow": 0.9,
      "temperature": 14.5,
      "shotWeight": 12,
      "waterPumped": 9.5,
      "targetTemperature": 10,
      "targetPumpFlow": 2,
      "targetPressure": 0
    },
    {
      "timeInShot": 10500,
      "pressure": 0,
      "pumpFlow": 1.1,
      "weightFlow": 0.9,
      "temperature": 14.5,
      "shotWeight": 12,
      "waterPumped": 9.5,
      "targetTemperature": 10,
      "targetPumpFlow": 2,
      "targetPressure": 0
    },
    {
      "timeInShot": 10700,
      "pressure": 0,
      "pumpFlow": 1.2000000000000002,
      "weightFlow": 1,
      "temperature": 14.5,
      "shotWeight": 12.5,
      "waterPumped": 9.8,
      "targetTemperature": 10,
      "targetPumpFlow": 2,
      "targetPressure": 0
    },
    {
      "timeInShot": 10800,
      "pressure": 0,
      "pumpFlow": 1.3,
      "weightFlow": 1,
      "temperature": 14.5,
      "shotWeight": 12.700000000000001,
      "waterPumped": 10.100000000000001,
      "targetTemperature": 10,
      "targetPumpFlow": 2,
      "targetPressure": 0
    },
    {
      "timeInShot": 11000,
      "pressure": 0,
      "pumpFlow": 1.3,
      "weightFlow": 1,
      "temperature": 14.5,
      "shotWeight": 12.700000000000001,
      "waterPumped": 10.100000000000001,
      "targetTemperature": 10,
      "targetPumpFlow": 2,
      "targetPressure": 0
    },
    {
      "timeInShot": 11100,
      "pressure": 0.1,
      "pumpFlow": 1.3,
      "weightFlow": 1,
      "temperature": 14.5,
      "shotWeight": 13.100000000000001,
      "waterPumped": 10.5,
      "targetTemperature": 10,
      "targetPumpFlow": 2,
      "targetPressure": 0
    },
    {
      "timeInShot": 11300,
      "pressure": 0.1,
      "pumpFlow": 1.3,
      "weightFlow": 1,
      "temperature": 14.5,
      "shotWeight": 13.100000000000001,
      "waterPumped": 10.5,
      "targetTemperature": 10,
      "targetPumpFlow": 2,
      "targetPressure": 0
    },
    {
      "timeInShot": 11400,
      "pressure": 0.1,
      "pumpFlow": 1.4000000000000001,
      "weightFlow": 1,
      "temperature": 14.5,
      "shotWeight": 13.3,
      "waterPumped": 10.8,
      "targetTemperature": 10,
      "targetPumpFlow": 2,
      "targetPressure": 0
    },
    {
      "timeInShot": 11600,
      "pressure": 0.1,
      "pumpFlow": 1.6,
      "weightFlow": 1.1,
      "temperature": 14.5,
      "shotWeight": 13.8,
      "waterPumped": 11.200000000000001,
      "targetTemperature": 10,
      "targetPumpFlow": 2,
      "targetPressure": 0
    },
    {
      "timeInShot": 11700,
      "pressure": 0,
      "pumpFlow": 1.6,
      "weightFlow": 1.1,
      "temperature": 14.5,
      "shotWeight": 13.8,
      "waterPumped": 11.200000000000001,
      "targetTemperature": 10,
      "targetPumpFlow": 2,
      "targetPressure": 0
    },
    {
      "timeInShot": 11900,
      "pressure": 0,
      "pumpFlow": 1.6,
      "weightFlow": 1.2000000000000002,
      "temperature": 14.5,
      "shotWeight": 14.4,
      "waterPumped": 11.600000000000001,
      "targetTemperature": 10,
      "targetPumpFlow": 2,
      "targetPressure": 0
    },
    {
      "timeInShot": 12000,
      "pressure": 0,
      "pumpFlow": 1.6,
      "weightFlow": 1.2000000000000002,
      "temperature": 14.5,
      "shotWeight": 14.4,
      "waterPumped": 11.600000000000001,
      "targetTemperature": 10,
      "targetPumpFlow": 2,
      "targetPressure": 0
    },
    {
      "timeInShot": 12200,
      "pressure": 0,
      "pumpFlow": 1.7000000000000002,
      "weightFlow": 1.1,
      "temperature": 14.5,
      "shotWeight": 14.5,
      "waterPumped": 12.100000000000001,
      "targetTemperature": 10,
      "targetPumpFlow": 2,
      "targetPressure": 0
    },
    {
      "timeInShot": 12300,
      "pressure": 0,
      "pumpFlow": 1.8,
      "weightFlow": 1.2000000000000002,
      "temperature": 14.5,
      "shotWeight": 15,
      "waterPumped": 12.5,
      "targetTemperature": 10,
      "targetPumpFlow": 2,
      "targetPressure": 0
    },
    {
      "timeInShot": 12500,
      "pressure": 0,
      "pumpFlow": 1.8,
      "weightFlow": 1.2000000000000002,
      "temperature": 14.5,
      "shotWeight": 15,
      "waterPumped": 12.5,
      "targetTemperature": 10,
      "targetPumpFlow": 2,
      "targetPressure": 0
    },
    {
      "timeInShot": 12600,
      "pressure": 0,
      "pumpFlow": 1.8,
      "weightFlow": 1.2000000000000002,
      "temperature": 14.5,
      "shotWeight": 15.4,
      "waterPumped": 13,
      "targetTemperature": 10,
      "targetPumpFlow": 2,
      "targetPressure": 0
    },
    {
      "timeInShot": 12800,
      "pressure": 0,
      "pumpFlow": 1.8,
      "weightFlow": 1.2000000000000002,
      "temperature": 14.5,
      "shotWeight": 15.4,
      "waterPumped": 13,
      "targetTemperature": 10,
      "targetPumpFlow": 2,
      "targetPressure": 0
    },
    {
      "timeInShot": 12900,
      "pressure": 0,
      "pumpFlow": 1.8,
      "weightFlow": 1.3,
      "temperature": 14.5,
      "shotWeight": 15.9,
      "waterPumped": 13.4,
      "targetTemperature": 10,
      "targetPumpFlow": 2,
      "targetPressure": 0
    },
    {
      "timeInShot": 13100,
      "pressure": 0,
      "pumpFlow": 1.8,
      "weightFlow": 1.3,
      "temperature": 14.5,
      "shotWeight": 16.3,
      "waterPumped": 13.9,
      "targetTemperature": 10,
      "targetPumpFlow": 2,
      "targetPressure": 0
    },
    {
      "timeInShot": 13200,
      "pressure": 0.1,
      "pumpFlow": 1.8,
      "weightFlow": 1.3,
      "temperature": 14.5,
      "shotWeight": 16.3,
      "waterPumped": 13.9,
      "targetTemperature": 10,
      "targetPumpFlow": 2,
      "targetPressure": 0
    },
    {
      "timeInShot": 13400,
      "pressure": 0,
      "pumpFlow": 1.8,
      "weightFlow": 1.3,
      "temperature": 14.5,
      "shotWeight": 16.6,
      "waterPumped": 14.3,
      "targetTemperature": 10,
      "targetPumpFlow": 2,
      "targetPressure": 0
    },
    {
      "timeInShot": 13500,
      "pressure": 0,
      "pumpFlow": 1.8,
      "weightFlow": 1.3,
      "temperature": 14.5,
      "shotWeight": 16.6,
      "waterPumped": 14.3,
      "targetTemperature": 10,
      "targetPumpFlow": 2,
      "targetPressure": 0
    },
    {
      "timeInShot": 13700,
      "pressure": 0,
      "pumpFlow": 1.9000000000000001,
      "weightFlow": 1.3,
      "temperature": 14.5,
      "shotWeight": 17,
      "waterPumped": 14.8,
      "targetTemperature": 10,
      "targetPumpFlow": 2,
      "targetPressure": 0
    },
    {
      "timeInShot": 13800,
      "pressure": 0,
      "pumpFlow": 1.9000000000000001,
      "weightFlow": 1.3,
      "temperature": 14.5,
      "shotWeight": 17.3,
      "waterPumped": 15.3,
      "targetTemperature": 10,
      "targetPumpFlow": 2,
      "targetPressure": 0
    },
    {
      "timeInShot": 14000,
      "pressure": 0,
      "pumpFlow": 1.9000000000000001,
      "weightFlow": 1.3,
      "temperature": 14.5,
      "shotWeight": 17.3,
      "waterPumped": 15.3,
      "targetTemperature": 10,
      "targetPumpFlow": 2,
      "targetPressure": 0
    },
    {
      "timeInShot": 14100,
      "pressure": 0.1,
      "pumpFlow": 1.9000000000000001,
      "weightFlow": 1.2000000000000002,
      "temperature": 14.5,
      "shotWeight": 17.1,
      "waterPumped": 15.8,
      "targetTemperature": 10,
      "targetPumpFlow": 2,
      "targetPressure": 0
    },
    {
      "timeInShot": 14300,
      "pressure": 0.1,
      "pumpFlow": 1.9000000000000001,
      "weightFlow": 1.2000000000000002,
      "temperature": 14.5,
      "shotWeight": 17.1,
      "waterPumped": 15.8,
      "targetTemperature": 10,
      "targetPumpFlow": 2,
      "targetPressure": 0
    },
    {
      "timeInShot": 14500,
      "pressure": 0.1,
      "pumpFlow": 1.9000000000000001,
      "weightFlow": 1.4000000000000001,
      "temperature": 14.5,
      "shotWeight": 18,
      "waterPumped": 16.2,
      "targetTemperature": 10,
      "targetPumpFlow": 2,
      "targetPressure": 0
    },
    {
      "timeInShot": 14600,
      "pressure": 0.1,
      "pumpFlow": 2,
      "weightFlow": 1.3,
      "temperature": 14.5,
      "shotWeight": 18.1,
      "waterPumped": 16.7,
      "targetTemperature": 10,
      "targetPumpFlow": 2,
      "targetPressure": 0
    },
    {
      "timeInShot": 14800,
      "pressure": 0,
      "pumpFlow": 2,
      "weightFlow": 1.3,
      "temperature": 14.5,
      "shotWeight": 18.1,
      "waterPumped": 16.7,
      "targetTemperature": 10,
      "targetPumpFlow": 2,
      "targetPressure": 0
    },
    {
      "timeInShot": 14900,
      "pressure": 0,
      "pumpFlow": 1.9000000000000001,
      "weightFlow": 1.4000000000000001,
      "temperature": 14.5,
      "shotWeight": 18.7,
      "waterPumped": 17.2,
      "targetTemperature": 10,
      "targetPumpFlow": 2,
      "targetPressure": 0
    },
    {
      "timeInShot": 15100,
      "pressure": 0,
      "pumpFlow": 1.9000000000000001,
      "weightFlow": 1.4000000000000001,
      "temperature": 14.5,
      "shotWeight": 18.7,
      "waterPumped": 17.2,
      "targetTemperature": 10,
      "targetPumpFlow": 2,
      "targetPressure": 0
    },
    {
      "timeInShot": 15200,
      "pressure": 0,
      "pumpFlow": 1.9000000000000001,
      "weightFlow": 1.3,
      "temperature": 14.5,
      "shotWeight": 18.6,
      "waterPumped": 17.7,
      "targetTemperature": 10,
      "targetPumpFlow": 2,
      "targetPressure": 0
    },
    {
      "timeInShot": 15400,
      "pressure": 0,
      "pumpFlow": 1.9000000000000001,
      "weightFlow": 1.3,
      "temperature": 14.5,
      "shotWeight": 19.1,
      "waterPumped": 18.2,
      "targetTemperature": 10,
      "targetPumpFlow": 2,
      "targetPressure": 0
    },
    {
      "timeInShot": 15500,
      "pressure": 0.1,
      "pumpFlow": 1.9000000000000001,
      "weightFlow": 1.3,
      "temperature": 14.5,
      "shotWeight": 19.1,
      "waterPumped": 18.2,
      "targetTemperature": 10,
      "targetPumpFlow": 2,
      "targetPressure": 0
    },
    {
      "timeInShot": 15700,
      "pressure": 0,
      "pumpFlow": 1.9000000000000001,
      "weightFlow": 1.3,
      "temperature": 14.4,
      "shotWeight": 19.400000000000002,
      "waterPumped": 18.7,
      "targetTemperature": 10,
      "targetPumpFlow": 2,
      "targetPressure": 0
    },
    {
      "timeInShot": 15800,
      "pressure": 0,
      "pumpFlow": 1.9000000000000001,
      "weightFlow": 1.3,
      "temperature": 14.5,
      "shotWeight": 19.700000000000003,
      "waterPumped": 18.7,
      "targetTemperature": 10,
      "targetPumpFlow": 2,
      "targetPressure": 0
    },
    {
      "timeInShot": 16000,
      "pressure": 0,
      "pumpFlow": 2,
      "weightFlow": 1.3,
      "temperature": 14.4,
      "shotWeight": 19.700000000000003,
      "waterPumped": 19.200000000000003,
      "targetTemperature": 10,
      "targetPumpFlow": 2,
      "targetPressure": 0
    },
    {
      "timeInShot": 16100,
      "pressure": 0.1,
      "pumpFlow": 2,
      "weightFlow": 1.3,
      "temperature": 14.4,
      "shotWeight": 20,
      "waterPumped": 19.700000000000003,
      "targetTemperature": 10,
      "targetPumpFlow": 2,
      "targetPressure": 0
    },
    {
      "timeInShot": 16300,
      "pressure": 0.1,
      "pumpFlow": 2,
      "weightFlow": 1.3,
      "temperature": 14.4,
      "shotWeight": 20,
      "waterPumped": 19.700000000000003,
      "targetTemperature": 10,
      "targetPumpFlow": 2,
      "targetPressure": 0
    },
    {
      "timeInShot": 16400,
      "pressure": 0,
      "pumpFlow": 1.9000000000000001,
      "weightFlow": 1.3,
      "temperature": 14.4,
      "shotWeight": 20.400000000000002,
      "waterPumped": 20.200000000000003,
      "targetTemperature": 10,
      "targetPumpFlow": 2,
      "targetPressure": 0
    },
    {
      "timeInShot": 16600,
      "pressure": 0,
      "pumpFlow": 1.9000000000000001,
      "weightFlow": 1.3,
      "temperature": 14.4,
      "shotWeight": 20.5,
      "waterPumped": 20.200000000000003,
      "targetTemperature": 10,
      "targetPumpFlow": 2,
      "targetPressure": 0
    },
    {
      "timeInShot": 16700,
      "pressure": 0,
      "pumpFlow": 1.9000000000000001,
      "weightFlow": 1.3,
      "temperature": 14.4,
      "shotWeight": 20.5,
      "waterPumped": 20.6,
      "targetTemperature": 10,
      "targetPumpFlow": 2,
      "targetPressure": 0
    },
    {
      "timeInShot": 16900,
      "pressure": 0,
      "pumpFlow": 1.9000000000000001,
      "weightFlow": 1.3,
      "temperature": 14.4,
      "shotWeight": 21,
      "waterPumped": 21.1,
      "targetTemperature": 10,
      "targetPumpFlow": 2,
      "targetPressure": 0
    },
    {
      "timeInShot": 17000,
      "pressure": 0,
      "pumpFlow": 1.9000000000000001,
      "weightFlow": 1.3,
      "temperature": 14.4,
      "shotWeight": 21,
      "waterPumped": 21.1,
      "targetTemperature": 10,
      "targetPumpFlow": 2,
      "targetPressure": 0
    },
    {
      "timeInShot": 17200,
      "pressure": 0.1,
      "pumpFlow": 2,
      "weightFlow": 1.2000000000000002,
      "temperature": 14.4,
      "shotWeight": 21.1,
      "waterPumped": 21.6,
      "targetTemperature": 10,
      "targetPumpFlow": 2,
      "targetPressure": 0
    },
    {
      "timeInShot": 17300,
      "pressure": 0,
      "pumpFlow": 2,
      "weightFlow": 1.3,
      "temperature": 14.4,
      "shotWeight": 21.700000000000003,
      "waterPumped": 21.6,
      "targetTemperature": 10,
      "targetPumpFlow": 2,
      "targetPressure": 0
    },
    {
      "timeInShot": 17500,
      "pressure": 0,
      "pumpFlow": 2,
      "weightFlow": 1.3,
      "temperature": 14.4,
      "shotWeight": 21.700000000000003,
      "waterPumped": 22.1,
      "targetTemperature": 10,
      "targetPumpFlow": 2,
      "targetPressure": 0
    },
    {
      "timeInShot": 17600,
      "pressure": 0,
      "pumpFlow": 2,
      "weightFlow": 1.3,
      "temperature": 14.4,
      "shotWeight": 22,
      "waterPumped": 22.6,
      "targetTemperature": 10,
      "targetPumpFlow": 2,
      "targetPressure": 0
    },
    {
      "timeInShot": 17800,
      "pressure": 0,
      "pumpFlow": 2,
      "weightFlow": 1.3,
      "temperature": 14.4,
      "shotWeight": 22,
      "waterPumped": 22.6,
      "targetTemperature": 10,
      "targetPumpFlow": 2,
      "targetPressure": 0
    },
    {
      "timeInShot": 17900,
      "pressure": 0,
      "pumpFlow": 1.9000000000000001,
      "weightFlow": 1.3,
      "temperature": 14.4,
      "shotWeight": 22.1,
      "waterPumped": 23.1,
      "targetTemperature": 10,
      "targetPumpFlow": 2,
      "targetPressure": 0
    },
    {
      "timeInShot": 18100,
      "pressure": 0,
      "pumpFlow": 2,
      "weightFlow": 1.3,
      "temperature": 14.4,
      "shotWeight": 22.700000000000003,
      "waterPumped": 23.6,
      "targetTemperature": 10,
      "targetPumpFlow": 2,
      "targetPressure": 0
    },
    {
      "timeInShot": 18200,
      "pressure": 0,
      "pumpFlow": 2,
      "weightFlow": 1.3,
      "temperature": 14.4,
      "shotWeight": 22.700000000000003,
      "waterPumped": 23.6,
      "targetTemperature": 10,
      "targetPumpFlow": 2,
      "targetPressure": 0
    },
    {
      "timeInShot": 18400,
      "pressure": 0,
      "pumpFlow": 2,
      "weightFlow": 1.3,
      "temperature": 14.4,
      "shotWeight": 22.900000000000002,
      "waterPumped": 24.1,
      "targetTemperature": 10,
      "targetPumpFlow": 2,
      "targetPressure": 0
    },
    {
      "timeInShot": 18600,
      "pressure": 0,
      "pumpFlow": 2,
      "weightFlow": 1.3,
      "temperature": 14.4,
      "shotWeight": 22.900000000000002,
      "waterPumped": 24.1,
      "targetTemperature": 10,
      "targetPumpFlow": 2,
      "targetPressure": 0
    },
    {
      "timeInShot": 18700,
      "pressure": 0,
      "pumpFlow": 2,
      "weightFlow": 1.4000000000000001,
      "temperature": 14.4,
      "shotWeight": 23.700000000000003,
      "waterPumped": 24.6,
      "targetTemperature": 10,
      "targetPumpFlow": 2,
      "targetPressure": 0
    },
    {
      "timeInShot": 18900,
      "pressure": 0,
      "pumpFlow": 1.9000000000000001,
      "weightFlow": 1.3,
      "temperature": 14.4,
      "shotWeight": 23.6,
      "waterPumped": 25.1,
      "targetTemperature": 10,
      "targetPumpFlow": 2,
      "targetPressure": 0
    },
    {
      "timeInShot": 19000,
      "pressure": 0,
      "pumpFlow": 1.9000000000000001,
      "weightFlow": 1.3,
      "temperature": 14.4,
      "shotWeight": 23.6,
      "waterPumped": 25.1,
      "targetTemperature": 10,
      "targetPumpFlow": 2,
      "targetPressure": 0
    },
    {
      "timeInShot": 19200,
      "pressure": 0.1,
      "pumpFlow": 1.9000000000000001,
      "weightFlow": 1.4000000000000001,
      "temperature": 14.4,
      "shotWeight": 24.1,
      "waterPumped": 25.6,
      "targetTemperature": 10,
      "targetPumpFlow": 2,
      "targetPressure": 0
    },
    {
      "timeInShot": 19300,
      "pressure": 0,
      "pumpFlow": 1.9000000000000001,
      "weightFlow": 1.4000000000000001,
      "temperature": 14.4,
      "shotWeight": 24.1,
      "waterPumped": 25.6,
      "targetTemperature": 10,
      "targetPumpFlow": 2,
      "targetPressure": 0
    },
    {
      "timeInShot": 19500,
      "pressure": 0,
      "pumpFlow": 2,
      "weightFlow": 1.4000000000000001,
      "temperature": 14.4,
      "shotWeight": 24.6,
      "waterPumped": 26.1,
      "targetTemperature": 10,
      "targetPumpFlow": 2,
      "targetPressure": 0
    },
    {
      "timeInShot": 19600,
      "pressure": 0,
      "pumpFlow": 2,
      "weightFlow": 1.4000000000000001,
      "temperature": 14.4,
      "shotWeight": 24.900000000000002,
      "waterPumped": 26.6,
      "targetTemperature": 10,
      "targetPumpFlow": 2,
      "targetPressure": 0
    },
    {
      "timeInShot": 19800,
      "pressure": 0,
      "pumpFlow": 2,
      "weightFlow": 1.4000000000000001,
      "temperature": 14.4,
      "shotWeight": 24.900000000000002,
      "waterPumped": 26.6,
      "targetTemperature": 10,
      "targetPumpFlow": 2,
      "targetPressure": 0
    },
    {
      "timeInShot": 19900,
      "pressure": 0,
      "pumpFlow": 2,
      "weightFlow": 1.4000000000000001,
      "temperature": 14.4,
      "shotWeight": 25.3,
      "waterPumped": 27.1,
      "targetTemperature": 10,
      "targetPumpFlow": 2,
      "targetPressure": 0
    },
    {
      "timeInShot": 20100,
      "pressure": 0,
      "pumpFlow": 2,
      "weightFlow": 1.4000000000000001,
      "temperature": 14.4,
      "shotWeight": 25.3,
      "waterPumped": 27.1,
      "targetTemperature": 10,
      "targetPumpFlow": 3,
      "targetPressure": 0
    },
    {
      "timeInShot": 20200,
      "pressure": 0.1,
      "pumpFlow": 2.1,
      "weightFlow": 1.4000000000000001,
      "temperature": 14.4,
      "shotWeight": 25.700000000000003,
      "waterPumped": 27.6,
      "targetTemperature": 10,
      "targetPumpFlow": 3,
      "targetPressure": 0
    },
    {
      "timeInShot": 20400,
      "pressure": 0.1,
      "pumpFlow": 2.2,
      "weightFlow": 1.5,
      "temperature": 14.4,
      "shotWeight": 26.3,
      "waterPumped": 28.1,
      "targetTemperature": 10,
      "targetPumpFlow": 3,
      "targetPressure": 0
    },
    {
      "timeInShot": 20500,
      "pressure": 0.1,
      "pumpFlow": 2.2,
      "weightFlow": 1.5,
      "temperature": 14.4,
      "shotWeight": 26.3,
      "waterPumped": 28.1,
      "targetTemperature": 10,
      "targetPumpFlow": 3,
      "targetPressure": 0
    },
    {
      "timeInShot": 20700,
      "pressure": 0.1,
      "pumpFlow": 2.2,
      "weightFlow": 1.5,
      "temperature": 14.4,
      "shotWeight": 26.6,
      "waterPumped": 28.700000000000003,
      "targetTemperature": 10,
      "targetPumpFlow": 3,
      "targetPressure": 0
    },
    {
      "timeInShot": 20800,
      "pressure": 0.1,
      "pumpFlow": 2.2,
      "weightFlow": 1.5,
      "temperature": 14.4,
      "shotWeight": 26.6,
      "waterPumped": 28.700000000000003,
      "targetTemperature": 10,
      "targetPumpFlow": 3,
      "targetPressure": 0
    },
    {
      "timeInShot": 21000,
      "pressure": 0.1,
      "pumpFlow": 2.3000000000000003,
      "weightFlow": 1.5,
      "temperature": 14.4,
      "shotWeight": 27.1,
      "waterPumped": 29.3,
      "targetTemperature": 10,
      "targetPumpFlow": 3,
      "targetPressure": 0
    },
    {
      "timeInShot": 21100,
      "pressure": 0.1,
      "pumpFlow": 2.5,
      "weightFlow": 1.6,
      "temperature": 14.4,
      "shotWeight": 27.8,
      "waterPumped": 29.900000000000002,
      "targetTemperature": 10,
      "targetPumpFlow": 3,
      "targetPressure": 0
    },
    {
      "timeInShot": 21300,
      "pressure": 0.1,
      "pumpFlow": 2.5,
      "weightFlow": 1.6,
      "temperature": 14.4,
      "shotWeight": 27.8,
      "waterPumped": 29.900000000000002,
      "targetTemperature": 10,
      "targetPumpFlow": 3,
      "targetPressure": 0
    },
    {
      "timeInShot": 21400,
      "pressure": 0.1,
      "pumpFlow": 2.6,
      "weightFlow": 1.7000000000000002,
      "temperature": 14.4,
      "shotWeight": 28.6,
      "waterPumped": 30.6,
      "targetTemperature": 10,
      "targetPumpFlow": 3,
      "targetPressure": 0
    },
    {
      "timeInShot": 21600,
      "pressure": 0.1,
      "pumpFlow": 2.6,
      "weightFlow": 1.7000000000000002,
      "temperature": 14.4,
      "shotWeight": 28.6,
      "waterPumped": 30.6,
      "targetTemperature": 10,
      "targetPumpFlow": 3,
      "targetPressure": 0
    },
    {
      "timeInShot": 21700,
      "pressure": 0,
      "pumpFlow": 2.7,
      "weightFlow": 1.7000000000000002,
      "temperature": 14.4,
      "shotWeight": 29,
      "waterPumped": 31.200000000000003,
      "targetTemperature": 10,
      "targetPumpFlow": 3,
      "targetPressure": 0
    },
    {
      "timeInShot": 21900,
      "pressure": 0.1,
      "pumpFlow": 2.7,
      "weightFlow": 1.9000000000000001,
      "temperature": 14.4,
      "shotWeight": 29.900000000000002,
      "waterPumped": 31.900000000000002,
      "targetTemperature": 10,
      "targetPumpFlow": 3,
      "targetPressure": 0
    },
    {
      "timeInShot": 22000,
      "pressure": 0,
      "pumpFlow": 2.7,
      "weightFlow": 1.9000000000000001,
      "temperature": 14.4,
      "shotWeight": 29.900000000000002,
      "waterPumped": 31.900000000000002,
      "targetTemperature": 10,
      "targetPumpFlow": 3,
      "targetPressure": 0
    },
    {
      "timeInShot": 22200,
      "pressure": 0.1,
      "pumpFlow": 2.8000000000000003,
      "weightFlow": 1.9000000000000001,
      "temperature": 14.4,
      "shotWeight": 30.3,
      "waterPumped": 32.6,
      "targetTemperature": 10,
      "targetPumpFlow": 3,
      "targetPressure": 0
    },
    {
      "timeInShot": 22400,
      "pressure": 0,
      "pumpFlow": 2.8000000000000003,
      "weightFlow": 1.9000000000000001,
      "temperature": 14.4,
      "shotWeight": 30.3,
      "waterPumped": 32.6,
      "targetTemperature": 10,
      "targetPumpFlow": 3,
      "targetPressure": 0
    },
    {
      "timeInShot": 22500,
      "pressure": 0.1,
      "pumpFlow": 2.8000000000000003,
      "weightFlow": 2,
      "temperature": 14.4,
      "shotWeight": 31.3,
      "waterPumped": 33.300000000000004,
      "targetTemperature": 10,
      "targetPumpFlow": 3,
      "targetPressure": 0
    },
    {
      "timeInShot": 22700,
      "pressure": 0,
      "pumpFlow": 2.8000000000000003,
      "weightFlow": 2.1,
      "temperature": 14.4,
      "shotWeight": 31.900000000000002,
      "waterPumped": 34,
      "targetTemperature": 10,
      "targetPumpFlow": 3,
      "targetPressure": 0
    },
    {
      "timeInShot": 22800,
      "pressure": 0.1,
      "pumpFlow": 2.8000000000000003,
      "weightFlow": 2.1,
      "temperature": 14.3,
      "shotWeight": 31.900000000000002,
      "waterPumped": 34,
      "targetTemperature": 10,
      "targetPumpFlow": 3,
      "targetPressure": 0
    },
    {
      "timeInShot": 23000,
      "pressure": 0.1,
      "pumpFlow": 2.9000000000000004,
      "weightFlow": 2.1,
      "temperature": 14.4,
      "shotWeight": 32.6,
      "waterPumped": 34.800000000000004,
      "targetTemperature": 10,
      "targetPumpFlow": 3,
      "targetPressure": 0
    },
    {
      "timeInShot": 23100,
      "pressure": 0.1,
      "pumpFlow": 2.9000000000000004,
      "weightFlow": 2.2,
      "temperature": 14.3,
      "shotWeight": 33.300000000000004,
      "waterPumped": 34.800000000000004,
      "targetTemperature": 10,
      "targetPumpFlow": 3,
      "targetPressure": 0
    },
    {
      "timeInShot": 23300,
      "pressure": 0.1,
      "pumpFlow": 2.9000000000000004,
      "weightFlow": 2.2,
      "temperature": 14.3,
      "shotWeight": 33.300000000000004,
      "waterPumped": 35.5,
      "targetTemperature": 10,
      "targetPumpFlow": 3,
      "targetPressure": 0
    },
    {
      "timeInShot": 23400,
      "pressure": 0.1,
      "pumpFlow": 3,
      "weightFlow": 2.3000000000000003,
      "temperature": 14.3,
      "shotWeight": 34,
      "waterPumped": 36.2,
      "targetTemperature": 10,
      "targetPumpFlow": 3,
      "targetPressure": 0
    },
    {
      "timeInShot": 23600,
      "pressure": 0.1,
      "pumpFlow": 3,
      "weightFlow": 2.3000000000000003,
      "temperature": 14.3,
      "shotWeight": 34,
      "waterPumped": 36.2,
      "targetTemperature": 10,
      "targetPumpFlow": 3,
      "targetPressure": 0
    },
    {
      "timeInShot": 23700,
      "pressure": 0.1,
      "pumpFlow": 2.9000000000000004,
      "weightFlow": 2.4000000000000004,
      "temperature": 14.3,
      "shotWeight": 34.9,
      "waterPumped": 37,
      "targetTemperature": 10,
      "targetPumpFlow": 3,
      "targetPressure": 0
    },
    {
      "timeInShot": 23900,
      "pressure": 0.1,
      "pumpFlow": 2.9000000000000004,
      "weightFlow": 2.3000000000000003,
      "temperature": 14.3,
      "shotWeight": 35.4,
      "waterPumped": 37,
      "targetTemperature": 10,
      "targetPumpFlow": 3,
      "targetPressure": 0
    },
    {
      "timeInShot": 24000,
      "pressure": 0.1,
      "pumpFlow": 2.9000000000000004,
      "weightFlow": 2.3000000000000003,
      "temperature": 14.3,
      "shotWeight": 35.4,
      "waterPumped": 37.7,
      "targetTemperature": 10,
      "targetPumpFlow": 3,
      "targetPressure": 0
    },
    {
      "timeInShot": 24200,
      "pressure": 0.1,
      "pumpFlow": 3,
      "weightFlow": 2.5,
      "temperature": 14.3,
      "shotWeight": 36.4,
      "waterPumped": 38.5,
      "targetTemperature": 10,
      "targetPumpFlow": 3,
      "targetPressure": 0
    },
    {
      "timeInShot": 24300,
      "pressure": 0.1,
      "pumpFlow": 3,
      "weightFlow": 2.5,
      "temperature": 14.3,
      "shotWeight": 36.4,
      "waterPumped": 38.5,
      "targetTemperature": 10,
      "targetPumpFlow": 3,
      "targetPressure": 0
    },
    {
      "timeInShot": 24500,
      "pressure": 0.1,
      "pumpFlow": 2.9000000000000004,
      "weightFlow": 2.4000000000000004,
      "temperature": 14.3,
      "shotWeight": 36.9,
      "waterPumped": 39.2,
      "targetTemperature": 10,
      "targetPumpFlow": 3,
      "targetPressure": 0
    },
    {
      "timeInShot": 24600,
      "pressure": 0,
      "pumpFlow": 2.9000000000000004,
      "weightFlow": 2.5,
      "temperature": 14.3,
      "shotWeight": 37.6,
      "waterPumped": 39.2,
      "targetTemperature": 10,
      "targetPumpFlow": 3,
      "targetPressure": 0
    },
    {
      "timeInShot": 24800,
      "pressure": 0.1,
      "pumpFlow": 2.9000000000000004,
      "weightFlow": 2.5,
      "temperature": 14.3,
      "shotWeight": 37.6,
      "waterPumped": 39.900000000000006,
      "targetTemperature": 10,
      "targetPumpFlow": 3,
      "targetPressure": 0
    },
    {
      "timeInShot": 24900,
      "pressure": 0,
      "pumpFlow": 2.9000000000000004,
      "weightFlow": 2.6,
      "temperature": 14.3,
      "shotWeight": 38.5,
      "waterPumped": 40.7,
      "targetTemperature": 10,
      "targetPumpFlow": 3,
      "targetPressure": 0
    },
    {
      "timeInShot": 25100,
      "pressure": 0.1,
      "pumpFlow": 2.9000000000000004,
      "weightFlow": 2.6,
      "temperature": 14.3,
      "shotWeight": 38.5,
      "waterPumped": 40.7,
      "targetTemperature": 10,
      "targetPumpFlow": 3,
      "targetPressure": 0
    },
    {
      "timeInShot": 25200,
      "pressure": 0,
      "pumpFlow": 3,
      "weightFlow": 2.6,
      "temperature": 14.3,
      "shotWeight": 39.2,
      "waterPumped": 41.400000000000006,
      "targetTemperature": 10,
      "targetPumpFlow": 3,
      "targetPressure": 0
    },
    {
      "timeInShot": 25400,
      "pressure": 0.1,
      "pumpFlow": 3,
      "weightFlow": 2.6,
      "temperature": 14.3,
      "shotWeight": 40,
      "waterPumped": 41.400000000000006,
      "targetTemperature": 10,
      "targetPumpFlow": 3,
      "targetPressure": 0
    },
    {
      "timeInShot": 25500,
      "pressure": 0.1,
      "pumpFlow": 2.9000000000000004,
      "weightFlow": 2.6,
      "temperature": 14.3,
      "shotWeight": 40,
      "waterPumped": 42.2,
      "targetTemperature": 10,
      "targetPumpFlow": 3,
      "targetPressure": 0
    },
    {
      "timeInShot": 25700,
      "pressure": 0.1,
      "pumpFlow": 2.9000000000000004,
      "weightFlow": 2.6,
      "temperature": 14.3,
      "shotWeight": 40.6,
      "waterPumped": 42.900000000000006,
      "targetTemperature": 10,
      "targetPumpFlow": 3,
      "targetPressure": 0
    },
    {
      "timeInShot": 25800,
      "pressure": 0.1,
      "pumpFlow": 2.9000000000000004,
      "weightFlow": 2.6,
      "temperature": 14.3,
      "shotWeight": 40.6,
      "waterPumped": 42.900000000000006,
      "targetTemperature": 10,
      "targetPumpFlow": 3,
      "targetPressure": 0
    },
    {
      "timeInShot": 26000,
      "pressure": 0.1,
      "pumpFlow": 3,
      "weightFlow": 2.6,
      "temperature": 14.3,
      "shotWeight": 41.300000000000004,
      "waterPumped": 43.6,
      "targetTemperature": 10,
      "targetPumpFlow": 3,
      "targetPressure": 0
    },
    {
      "timeInShot": 26100,
      "pressure": 0.1,
      "pumpFlow": 3,
      "weightFlow": 2.7,
      "temperature": 14.3,
      "shotWeight": 42.2,
      "waterPumped": 43.6,
      "targetTemperature": 10,
      "targetPumpFlow": 3,
      "targetPressure": 0
    },
    {
      "timeInShot": 26300,
      "pressure": 0.1,
      "pumpFlow": 2.9000000000000004,
      "weightFlow": 2.7,
      "temperature": 14.3,
      "shotWeight": 42.2,
      "waterPumped": 44.400000000000006,
      "targetTemperature": 10,
      "targetPumpFlow": 3,
      "targetPressure": 0
    },
    {
      "timeInShot": 26400,
      "pressure": 0.1,
      "pumpFlow": 3,
      "weightFlow": 2.7,
      "temperature": 14.3,
      "shotWeight": 42.800000000000004,
      "waterPumped": 45.1,
      "targetTemperature": 10,
      "targetPumpFlow": 3,
      "targetPressure": 0
    },
    {
      "timeInShot": 26600,
      "pressure": 0.1,
      "pumpFlow": 3,
      "weightFlow": 2.7,
      "temperature": 14.3,
      "shotWeight": 42.800000000000004,
      "waterPumped": 45.1,
      "targetTemperature": 10,
      "targetPumpFlow": 3,
      "targetPressure": 0
    },
    {
      "timeInShot": 26800,
      "pressure": 0.2,
      "pumpFlow": 3,
      "weightFlow": 2.7,
      "temperature": 14.3,
      "shotWeight": 43.6,
      "waterPumped": 45.900000000000006,
      "targetTemperature": 10,
      "targetPumpFlow": 3,
      "targetPressure": 0
    },
    {
      "timeInShot": 26900,
      "pressure": 0.1,
      "pumpFlow": 3,
      "weightFlow": 2.7,
      "temperature": 14.3,
      "shotWeight": 44.1,
      "waterPumped": 45.900000000000006,
      "targetTemperature": 10,
      "targetPumpFlow": 3,
      "targetPressure": 0
    },
    {
      "timeInShot": 27100,
      "pressure": 0.1,
      "pumpFlow": 2.9000000000000004,
      "weightFlow": 2.7,
      "temperature": 14.3,
      "shotWeight": 44.1,
      "waterPumped": 46.6,
      "targetTemperature": 10,
      "targetPumpFlow": 3,
      "targetPressure": 0
    },
    {
      "timeInShot": 27200,
      "pressure": 0.1,
      "pumpFlow": 3,
      "weightFlow": 2.6,
      "temperature": 14.3,
      "shotWeight": 44.6,
      "waterPumped": 47.400000000000006,
      "targetTemperature": 10,
      "targetPumpFlow": 3,
      "targetPressure": 0
    },
    {
      "timeInShot": 27400,
      "pressure": 0.1,
      "pumpFlow": 3,
      "weightFlow": 2.6,
      "temperature": 14.3,
      "shotWeight": 44.6,
      "waterPumped": 47.400000000000006,
      "targetTemperature": 10,
      "targetPumpFlow": 3,
      "targetPressure": 0
    },
    {
      "timeInShot": 27500,
      "pressure": 0.1,
      "pumpFlow": 3,
      "weightFlow": 2.8000000000000003,
      "temperature": 14.200000000000001,
      "shotWeight": 45.800000000000004,
      "waterPumped": 48.1,
      "targetTemperature": 10,
      "targetPumpFlow": 3,
      "targetPressure": 0
    },
    {
      "timeInShot": 27700,
      "pressure": 0.1,
      "pumpFlow": 3,
      "weightFlow": 2.8000000000000003,
      "temperature": 14.200000000000001,
      "shotWeight": 46.5,
      "waterPumped": 48.1,
      "targetTemperature": 10,
      "targetPumpFlow": 3,
      "targetPressure": 0
    },
    {
      "timeInShot": 27800,
      "pressure": 0,
      "pumpFlow": 2.9000000000000004,
      "weightFlow": 2.8000000000000003,
      "temperature": 14.200000000000001,
      "shotWeight": 46.5,
      "waterPumped": 48.900000000000006,
      "targetTemperature": 10,
      "targetPumpFlow": 3,
      "targetPressure": 0
    },
    {
      "timeInShot": 28000,
      "pressure": 0,
      "pumpFlow": 3,
      "weightFlow": 2.9000000000000004,
      "temperature": 14.200000000000001,
      "shotWeight": 47.5,
      "waterPumped": 49.6,
      "targetTemperature": 10,
      "targetPumpFlow": 3,
      "targetPressure": 0
    },
    {
      "timeInShot": 28100,
      "pressure": 0,
      "pumpFlow": 3,
      "weightFlow": 2.9000000000000004,
      "temperature": 14.200000000000001,
      "shotWeight": 47.5,
      "waterPumped": 49.6,
      "targetTemperature": 10,
      "targetPumpFlow": 3,
      "targetPressure": 0
    },
    {
      "timeInShot": 28300,
      "pressure": 0,
      "pumpFlow": 3,
      "weightFlow": 2.8000000000000003,
      "temperature": 14.200000000000001,
      "shotWeight": 48,
      "waterPumped": 50.400000000000006,
      "targetTemperature": 10,
      "targetPumpFlow": 3,
      "targetPressure": 0
    },
    {
      "timeInShot": 28400,
      "pressure": 0,
      "pumpFlow": 2.9000000000000004,
      "weightFlow": 2.8000000000000003,
      "temperature": 14.200000000000001,
      "shotWeight": 48.800000000000004,
      "waterPumped": 51.1,
      "targetTemperature": 10,
      "targetPumpFlow": 3,
      "targetPressure": 0
    },
    {
      "timeInShot": 28600,
      "pressure": 0.1,
      "pumpFlow": 2.9000000000000004,
      "weightFlow": 2.8000000000000003,
      "temperature": 14.200000000000001,
      "shotWeight": 48.800000000000004,
      "waterPumped": 51.1,
      "targetTemperature": 10,
      "targetPumpFlow": 3,
      "targetPressure": 0
    },
    {
      "timeInShot": 28700,
      "pressure": 0,
      "pumpFlow": 3,
      "weightFlow": 2.9000000000000004,
      "temperature": 14.200000000000001,
      "shotWeight": 49.800000000000004,
      "waterPumped": 51.900000000000006,
      "targetTemperature": 10,
      "targetPumpFlow": 3,
      "targetPressure": 0
    },
    {
      "timeInShot": 28900,
      "pressure": 0.1,
      "pumpFlow": 3,
      "weightFlow": 2.9000000000000004,
      "temperature": 14.200000000000001,
      "shotWeight": 49.800000000000004,
      "waterPumped": 51.900000000000006,
      "targetTemperature": 10,
      "targetPumpFlow": 3,
      "targetPressure": 0
    },
    {
      "timeInShot": 29000,
      "pressure": 0.1,
      "pumpFlow": 3,
      "weightFlow": 2.9000000000000004,
      "temperature": 14.200000000000001,
      "shotWeight": 50.400000000000006,
      "waterPumped": 52.6,
      "targetTemperature": 10,
      "targetPumpFlow": 3,
      "targetPressure": 0
    },
    {
      "timeInShot": 29200,
      "pressure": 0.1,
      "pumpFlow": 2.9000000000000004,
      "weightFlow": 2.9000000000000004,
      "temperature": 14.200000000000001,
      "shotWeight": 51.300000000000004,
      "waterPumped": 53.400000000000006,
      "targetTemperature": 10,
      "targetPumpFlow": 3,
      "targetPressure": 0
    },
    {
      "timeInShot": 29300,
      "pressure": 0.1,
      "pumpFlow": 2.9000000000000004,
      "weightFlow": 2.9000000000000004,
      "temperature": 14.200000000000001,
      "shotWeight": 51.300000000000004,
      "waterPumped": 53.400000000000006,
      "targetTemperature": 10,
      "targetPumpFlow": 3,
      "targetPressure": 0
    },
    {
      "timeInShot": 29500,
      "pressure": 0.1,
      "pumpFlow": 3,
      "weightFlow": 2.8000000000000003,
      "temperature": 14.200000000000001,
      "shotWeight": 51.7,
      "waterPumped": 54.1,
      "targetTemperature": 10,
      "targetPumpFlow": 3,
      "targetPressure": 0
    },
    {
      "timeInShot": 29600,
      "pressure": 0.1,
      "pumpFlow": 3,
      "weightFlow": 2.8000000000000003,
      "temperature": 14.200000000000001,
      "shotWeight": 51.7,
      "waterPumped": 54.1,
      "targetTemperature": 10,
      "targetPumpFlow": 3,
      "targetPressure": 0
    },
    {
      "timeInShot": 29800,
      "pressure": 0.1,
      "pumpFlow": 3,
      "weightFlow": 2.9000000000000004,
      "temperature": 14.200000000000001,
      "shotWeight": 52.7,
      "waterPumped": 54.900000000000006,
      "targetTemperature": 10,
      "targetPumpFlow": 3,
      "targetPressure": 0
    },
    {
      "timeInShot": 29900,
      "pressure": 0.1,
      "pumpFlow": 3.1,
      "weightFlow": 3,
      "temperature": 14.200000000000001,
      "shotWeight": 53.6,
      "waterPumped": 55.7,
      "targetTemperature": 10,
      "targetPumpFlow": 3,
      "targetPressure": 0
    }
  ],
  "profile": {
    "id": 14,
    "name": "Test_Flow (imported)",
    "phases": [
      {
        "target": {
          "start": 1,
          "end": 1,
          "curve": "INSTANT"
        },
        "stopConditions": {
          "time": 10000
        },
        "type": "FLOW",
        "skip": false
      },
      {
        "target": {
          "start": 2,
          "end": 2,
          "curve": "INSTANT"
        },
        "stopConditions": {
          "time": 10000
        },
        "type": "FLOW",
        "skip": false
      },
      {
        "target": {
          "start": 3,
          "end": 3,
          "curve": "INSTANT"
        },
        "stopConditions": {
          "time": 10000
        },
        "type": "FLOW",
        "skip": false
      }
    ],
    "globalStopConditions": {},
    "waterTemperature": 10,
    "recipe": {}
  }
}