{
  "id": 6,
  "duration": 298,
  "timestamp": 1257,
  "datapoints": [
    {
      "timeInShot": 400,
      "pressure": 0,
      "pumpFlow": 2.8000000000000003,
      "weightFlow": 2.7,
      "temperature": 13.8,
      "shotWeight": 0.1,
      "waterPumped": 1.1,
      "targetTemperature": 10,
      "targetPumpFlow": 1,
      "targetPressure": 0
    },
    {
      "timeInShot": 500,
      "pressure": 0,
      "pumpFlow": 2.8000000000000003,
      "weightFlow": 2.4000000000000004,
      "temperature": 13.8,
      "shotWeight": 0,
      "waterPumped": 1.1,
      "targetTemperature": 10,
      "targetPumpFlow": 1,
      "targetPressure": 0
    },
    {
      "timeInShot": 700,
      "pressure": 0,
      "pumpFlow": 2.5,
      "weightFlow": 2.1,
      "temperature": 13.8,
      "shotWeight": 0,
      "waterPumped": 1.8,
      "targetTemperature": 10,
      "targetPumpFlow": 1,
      "targetPressure": 0
    },
    {
      "timeInShot": 800,
      "pressure": 0,
      "pumpFlow": 2.5,
      "weightFlow": 2.1,
      "temperature": 13.8,
      "shotWeight": 0,
      "waterPumped": 1.8,
      "targetTemperature": 10,
      "targetPumpFlow": 1,
      "targetPressure": 0
    },
    {
      "timeInShot": 1000,
      "pressure": 0,
      "pumpFlow": 1.8,
      "weightFlow": 1.8,
      "temperature": 13.8,
      "shotWeight": 0,
      "waterPumped": 2.2,
      "targetTemperature": 10,
      "targetPumpFlow": 1,
      "targetPressure": 0
    },
    {
      "timeInShot": 1100,
      "pressure": 0,
      "pumpFlow": 1.5,
      "weightFlow": 1.6,
      "temperature": 13.8,
      "shotWeight": 0.1,
      "waterPumped": 2.6,
      "targetTemperature": 10,
      "targetPumpFlow": 1,
      "targetPressure": 0
    },
    {
      "timeInShot": 1300,
      "pressure": 0,
      "pumpFlow": 1.5,
      "weightFlow": 1.6,
      "temperature": 13.8,
      "shotWeight": 0.1,
      "waterPumped": 2.6,
      "targetTemperature": 10,
      "targetPumpFlow": 1,
      "targetPressure": 0
    },
    {
      "timeInShot": 1400,
      "pressure": 0,
      "pumpFlow": 1.6,
      "weightFlow": 1.5,
      "temperature": 13.8,
      "shotWeight": 0.30000000000000004,
      "waterPumped": 3,
      "targetTemperature": 10,
      "targetPumpFlow": 1,
      "targetPressure": 0
    },
    {
      "timeInShot": 1600,
      "pressure": 0,
      "pumpFlow": 1.6,
      "weightFlow": 1.5,
      "temperature": 13.8,
      "shotWeight": 0.30000000000000004,
      "waterPumped": 3,
      "targetTemperature": 10,
      "targetPumpFlow": 1,
      "targetPressure": 0
    },
    {
      "timeInShot": 1700,
      "pressure": 0,
      "pumpFlow": 1.4000000000000001,
      "weightFlow": 1.4000000000000001,
      "temperature": 13.8,
      "shotWeight": 0.6000000000000001,
      "waterPumped": 3.3000000000000003,
      "targetTemperature": 10,
      "targetPumpFlow": 1,
      "targetPressure": 0
    },
    {
      "timeInShot": 1900,
      "pressure": 0,
      "pumpFlow": 1.2000000000000002,
      "weightFlow": 1.3,
      "temperature": 13.8,
      "shotWeight": 0.8,
      "waterPumped": 3.6,
      "targetTemperature": 10,
      "targetPumpFlow": 1,
      "targetPressure": 0
    },
    {
      "timeInShot": 2000,
      "pressure": 0,
      "pumpFlow": 1.2000000000000002,
      "weightFlow": 1.3,
      "temperature": 13.8,
      "shotWeight": 0.8,
      "waterPumped": 3.6,
      "targetTemperature": 10,
      "targetPumpFlow": 1,
      "targetPressure": 0
    },
    {
      "timeInShot": 2200,
      "pressure": 0,
      "pumpFlow": 1.1,
      "weightFlow": 1.3,
      "temperature": 13.8,
      "shotWeight": 0.8,
      "waterPumped": 3.9000000000000004,
      "targetTemperature": 10,
      "targetPumpFlow": 1,
      "targetPressure": 0
    },
    {
      "timeInShot": 2300,
      "pressure": 0,
      "pumpFlow": 1.1,
      "weightFlow": 1.3,
      "temperature": 13.8,
      "shotWeight": 0.8,
      "waterPumped": 3.9000000000000004,
      "targetTemperature": 10,
      "targetPumpFlow": 1,
      "targetPressure": 0
    },
    {
      "timeInShot": 2500,
      "pressure": 0.1,
      "pumpFlow": 1,
      "weightFlow": 1.3,
      "temperature": 13.8,
      "shotWeight": 1.1,
      "waterPumped": 4.2,
      "targetTemperature": 10,
      "targetPumpFlow": 1,
      "targetPressure": 0
    },
    {
      "timeInShot": 2600,
      "pressure": 0,
      "pumpFlow": 1.2000000000000002,
      "weightFlow": 1.3,
      "temperature": 13.8,
      "shotWeight": 1.4000000000000001,
      "waterPumped": 4.5,
      "targetTemperature": 10,
      "targetPumpFlow": 1,
      "targetPressure": 0
    },
    {
      "timeInShot": 2800,
      "pressure": 0,
      "pumpFlow": 1.2000000000000002,
      "weightFlow": 1.3,
      "temperature": 13.8,
      "shotWeight": 1.4000000000000001,
      "waterPumped": 4.5,
      "targetTemperature": 10,
      "targetPumpFlow": 1,
      "targetPressure": 0
    },
    {
      "timeInShot": 2900,
      "pressure": 0,
      "pumpFlow": 1.1,
      "weightFlow": 1.2000000000000002,
      "temperature": 13.8,
      "shotWeight": 1.6,
      "waterPumped": 4.7,
      "targetTemperature": 10,
      "targetPumpFlow": 1,
      "targetPressure": 0
    },
    {
      "timeInShot": 3100,
      "pressure": 0.1,
      "pumpFlow": 1.1,
      "weightFlow": 1.2000000000000002,
      "temperature": 13.8,
      "shotWeight": 1.6,
      "waterPumped": 4.7,
      "targetTemperature": 10,
      "targetPumpFlow": 1,
      "targetPressure": 0
    },
    {
      "timeInShot": 3200,
      "pressure": 0,
      "pumpFlow": 1.1,
      "weightFlow": 1.2000000000000002,
      "temperature": 13.8,
      "shotWeight": 1.9000000000000001,
      "waterPumped": 5,
      "targetTemperature": 10,
      "targetPumpFlow": 1,
      "targetPressure": 0
    },
    {
      "timeInShot": 3400,
      "pressure": 0,
      "pumpFlow": 1,
      "weightFlow": 1.2000000000000002,
      "temperature": 13.8,
      "shotWeight": 2.1,
      "waterPumped": 5.300000000000001,
      "targetTemperature": 10,
      "targetPumpFlow": 1,
      "targetPressure": 0
    },
    {
      "timeInShot": 3500,
      "pressure": 0,
      "pumpFlow": 1,
      "weightFlow": 1.2000000000000002,
      "temperature": 13.8,
      "shotWeight": 2.1,
      "waterPumped": 5.300000000000001,
      "targetTemperature": 10,
      "targetPumpFlow": 1,
      "targetPressure": 0
    },
    {
      "timeInShot": 3700,
      "pressure": 0,
      "pumpFlow": 1,
      "weightFlow": 1.2000000000000002,
      "temperature": 13.8,
      "shotWeight": 2.4000000000000004,
      "waterPumped": 5.5,
      "targetTemperature": 10,
      "targetPumpFlow": 1,
      "targetPressure": 0
    },
    {
      "timeInShot": 3800,
      "pressure": 0,
      "pumpFlow": 1,
      "weightFlow": 1.2000000000000002,
      "temperature": 13.8,
      "shotWeight": 2.4000000000000004,
      "waterPumped": 5.5,
      "targetTemperature": 10,
      "targetPumpFlow": 1,
      "targetPressure": 0
    },
    {
      "timeInShot": 4000,
      "pressure": 0,
      "pumpFlow": 1,
      "weightFlow": 1.1,
      "temperature": 13.8,
      "shotWeight": 2.6,
      "waterPumped": 5.800000000000001,
      "targetTemperature": 10,
      "targetPumpFlow": 1,
      "targetPressure": 0
    },
    {
      "timeInShot": 4100,
      "pressure": 0,
      "pumpFlow": 1,
      "weightFlow": 1.2000000000000002,
      "temperature": 13.8,
      "shotWeight": 2.9000000000000004,
      "waterPumped": 6,
      "targetTemperature": 10,
      "targetPumpFlow": 1,
      "targetPressure": 0
    },
    {
      "timeInShot": 4300,
      "pressure": 0,
      "pumpFlow": 1,
      "weightFlow": 1.2000000000000002,
      "temperature": 13.8,
      "shotWeight": 2.9000000000000004,
      "waterPumped": 6,
      "targetTemperature": 10,
      "targetPumpFlow": 1,
      "targetPressure": 0
    },
    {
      "timeInShot": 4500,
      "pressure": 0,
      "pumpFlow": 1,
      "weightFlow": 1.1,
      "temperature": 13.8,
      "shotWeight": 3,
      "waterPumped": 6.300000000000001,
      "targetTemperature": 10,
      "targetPumpFlow": 1,
      "targetPressure": 0
    },
    {
      "timeInShot": 4600,
      "pressure": 0,
      "pumpFlow": 1,
      "weightFlow": 1.1,
      "temperature": 13.8,
      "shotWeight": 3,
      "waterPumped": 6.300000000000001,
      "targetTemperature": 10,
      "targetPumpFlow": 1,
      "targetPressure": 0
    },
    {
      "timeInShot": 4800,
      "pressure": 0.1,
      "pumpFlow": 1,
      "weightFlow": 1.1,
      "temperature": 13.8,
      "shotWeight": 3.3000000000000003,
      "waterPumped": 6.5,
      "targetTemperature": 10,
      "targetPumpFlow": 1,
      "targetPressure": 0
    },
    {
      "timeInShot": 4900,
      "pressure": 0,
      "pumpFlow": 1.1,
      "weightFlow": 1.1,
      "temperature": 13.8,
      "shotWeight": 3.7,
      "waterPumped": 6.800000000000001,
      "targetTemperature": 10,
      "targetPumpFlow": 1,
      "targetPressure": 0
    },
    {
      "timeInShot": 5100,
      "pressure": 0,
      "pumpFlow": 1.1,
      "weightFlow": 1.1,
      "temperature": 13.8,
      "shotWeight": 3.7,
      "waterPumped": 6.800000000000001,
      "targetTemperature": 10,
      "targetPumpFlow": 1,
      "targetPressure": 0
    },
    {
      "timeInShot": 5200,
      "pressure": 0,
      "pumpFlow": 1,
      "weightFlow": 1.1,
      "temperature": 13.8,
      "shotWeight": 3.9000000000000004,
      "waterPumped": 7,
      "targetTemperature": 10,
      "targetPumpFlow": 1,
      "targetPressure": 0
    },
    {
      "timeInShot": 5400,
      "pressure": 0,
      "pumpFlow": 1,
      "weightFlow": 1.1,
      "temperature": 13.8,
      "shotWeight": 3.9000000000000004,
      "waterPumped": 7,
      "targetTemperature": 10,
      "targetPumpFlow": 1,
      "targetPressure": 0
    },
    {
      "timeInShot": 5500,
      "pressure": 0,
      "pumpFlow": 1,
      "weightFlow": 1.1,
      "temperature": 13.8,
      "shotWeight": 4.2,
      "waterPumped": 7.300000000000001,
      "targetTemperature": 10,
      "targetPumpFlow": 1,
      "targetPressure": 0
    },
    {
      "timeInShot": 5700,
      "pressure": 0,
      "pumpFlow": 1,
      "weightFlow": 1.1,
      "temperature": 13.8,
      "shotWeight": 4.3,
      "waterPumped": 7.6000000000000005,
      "targetTemperature": 10,
      "targetPumpFlow": 1,
      "targetPressure": 0
    },
    {
      "timeInShot": 5800,
      "pressure": 0,
      "pumpFlow": 1,
      "weightFlow": 1.1,
      "temperature": 13.8,
      "shotWeight": 4.3,
      "waterPumped": 7.6000000000000005,
      "targetTemperature": 10,
      "targetPumpFlow": 1,
      "targetPressure": 0
    },
    {
      "timeInShot": 6000,
      "pressure": 0,
      "pumpFlow": 1,
      "weightFlow": 1.2000000000000002,
      "temperature": 13.8,
      "shotWeight": 4.9,
      "waterPumped": 7.800000000000001,
      "targetTemperature": 10,
      "targetPumpFlow": 1,
      "targetPressure": 0
    },
    {
      "timeInShot": 6100,
      "pressure": 0,
      "pumpFlow": 1,
      "weightFlow": 1.2000000000000002,
      "temperature": 13.8,
      "shotWeight": 4.9,
      "waterPumped": 7.800000000000001,
      "targetTemperature": 10,
      "targetPumpFlow": 1,
      "targetPressure": 0
    },
    {
      "timeInShot": 6300,
      "pressure": 0,
      "pumpFlow": 1,
      "weightFlow": 1.2000000000000002,
      "temperature": 13.8,
      "shotWeight": 4.9,
      "waterPumped": 8.1,
      "targetTemperature": 10,
      "targetPumpFlow": 1,
      "targetPressure": 0
    },
    {
      "timeInShot": 6400,
      "pressure": 0,
      "pumpFlow": 1,
      "weightFlow": 1.3,
      "temperature": 13.8,
      "shotWeight": 5.300000000000001,
      "waterPumped": 8.3,
      "targetTemperature": 10,
      "targetPumpFlow": 1,
      "targetPressure": 0
    },
    {
      "timeInShot": 6600,
      "pressure": 0,
      "pumpFlow": 1,
      "weightFlow": 1.3,
      "temperature": 13.8,
      "shotWeight": 5.300000000000001,
      "waterPumped": 8.3,
      "targetTemperature": 10,
      "targetPumpFlow": 1,
      "targetPressure": 0
    },
    {
      "timeInShot": 6700,
      "pressure": 0,
      "pumpFlow": 1,
      "weightFlow": 1.2000000000000002,
      "temperature": 13.8,
      "shotWeight": 5.4,
      "waterPumped": 8.6,
      "targetTemperature": 10,
      "targetPumpFlow": 1,
      "targetPressure": 0
    },
    {
      "timeInShot": 6900,
      "pressure": 0,
      "pumpFlow": 1,
      "weightFlow": 1.2000000000000002,
      "temperature": 13.8,
      "shotWeight": 5.4,
      "waterPumped": 8.6,
      "targetTemperature": 10,
      "targetPumpFlow": 1,
      "targetPressure": 0
    },
    {
      "timeInShot": 7000,
      "pressure": 0,
      "pumpFlow": 1,
      "weightFlow": 1.2000000000000002,
      "temperature": 13.8,
      "shotWeight": 5.7,
      "waterPumped": 8.8,
      "targetTemperature": 10,
      "targetPumpFlow": 1,
      "targetPressure": 0
    },
    {
      "timeInShot": 7200,
      "pressure": 0.1,
      "pumpFlow": 1,
      "weightFlow": 1.2000000000000002,
      "temperature": 13.8,
      "shotWeight": 5.9,
      "waterPumped": 9,
      "targetTemperature": 10,
      "targetPumpFlow": 1,
      "targetPressure": 0
    },
    {
      "timeInShot": 7300,
      "pressure": 0,
      "pumpFlow": 1,
      "weightFlow": 1.2000000000000002,
      "temperature": 13.8,
      "shotWeight": 5.9,
      "waterPumped": 9,
      "targetTemperature": 10,
      "targetPumpFlow": 1,
      "targetPressure": 0
    },
    {
      "timeInShot": 7500,
      "pressure": 0,
      "pumpFlow": 1,
      "weightFlow": 1.2000000000000002,
      "temperature": 13.8,
      "shotWeight": 6.300000000000001,
      "waterPumped": 9.3,
      "targetTemperature": 10,
      "targetPumpFlow": 1,
      "targetPressure": 0
    },
    {
      "timeInShot": 7600,
      "pressure": 0,
      "pumpFlow": 1,
      "weightFlow": 1.2000000000000002,
      "temperature": 13.8,
      "shotWeight": 6.300000000000001,
      "waterPumped": 9.3,
      "targetTemperature": 10,
      "targetPumpFlow": 1,
      "targetPressure": 0
    },
    {
      "timeInShot": 7800,
      "pressure": 0,
      "pumpFlow": 1,
      "weightFlow": 1.2000000000000002,
      "temperature": 13.8,
      "shotWeight": 6.300000000000001,
      "waterPumped": 9.5,
      "targetTemperature": 10,
      "targetPumpFlow": 1,
      "targetPressure": 0
    },
    {
      "timeInShot": 7900,
      "pressure": 0,
      "pumpFlow": 1,
      "weightFlow": 1.3,
      "temperature": 13.8,
      "shotWeight": 6.9,
      "waterPumped": 9.8,
      "targetTemperature": 10,
      "targetPumpFlow": 1,
      "targetPressure": 0
    },
    {
      "timeInShot": 8100,
      "pressure": 0,
      "pumpFlow": 1,
      "weightFlow": 1.3,
      "temperature": 13.8,
      "shotWeight": 6.9,
      "waterPumped": 9.8,
      "targetTemperature": 10,
      "targetPumpFlow": 1,
      "targetPressure": 0
    },
    {
      "timeInShot": 8200,
      "pressure": 0,
      "pumpFlow": 1,
      "weightFlow": 1.2000000000000002,
      "temperature": 13.8,
      "shotWeight": 7,
      "waterPumped": 10.100000000000001,
      "targetTemperature": 10,
      "targetPumpFlow": 1,
      "targetPressure": 0
    },
    {
      "timeInShot": 8400,
      "pressure": 0.1,
      "pumpFlow": 1,
      "weightFlow": 1.2000000000000002,
      "temperature": 13.8,
      "shotWeight": 7,
      "waterPumped": 10.3,
      "targetTemperature": 10,
      "targetPumpFlow": 1,
      "targetPressure": 0
    },
    {
      "timeInShot": 8600,
      "pressure": 0,
      "pumpFlow": 1,
      "weightFlow": 1.2000000000000002,
      "temperature": 13.8,
      "shotWeight": 7.300000000000001,
      "waterPumped": 10.3,
      "targetTemperature": 10,
      "targetPumpFlow": 1,
      "targetPressure": 0
    },
    {
      "timeInShot": 8700,
      "pressure": 0,
      "pumpFlow": 1,
      "weightFlow": 1.2000000000000002,
      "temperature": 13.8,
      "shotWeight": 7.6000000000000005,
      "waterPumped": 10.5,
      "targetTemperature": 10,
      "targetPumpFlow": 1,
      "targetPressure": 0
    },
    {
      "timeInShot": 8900,
      "pressure": 0,
      "pumpFlow": 1,
      "weightFlow": 1.2000000000000002,
      "temperature": 13.8,
      "shotWeight": 7.6000000000000005,
      "waterPumped": 10.5,
      "targetTemperature": 10,
      "targetPumpFlow": 1,
      "targetPressure": 0
    },
    {
      "timeInShot": 9000,
      "pressure": 0,
      "pumpFlow": 1,
      "weightFlow": 1.2000000000000002,
      "temperature": 13.8,
      "shotWeight": 7.800000000000001,
      "waterPumped": 10.8,
      "targetTemperature": 10,
      "targetPumpFlow": 1,
      "targetPressure": 0
    },
    {
      "timeInShot": 9200,
      "pressure": 0,
      "pumpFlow": 1,
      "weightFlow": 1.2000000000000002,
      "temperature": 13.8,
      "shotWeight": 8.1,
      "waterPumped": 11,
      "targetTemperature": 10,
      "targetPumpFlow": 1,
      "targetPressure": 0
    },
    {
      "timeInShot": 9300,
      "pressure": 0,
      "pumpFlow": 1,
      "weightFlow": 1.2000000000000002,
      "temperature": 13.8,
      "shotWeight": 8.1,
      "waterPumped": 11,
      "targetTemperature": 10,
      "targetPumpFlow": 1,
      "targetPressure": 0
    },
    {
      "timeInShot": 9500,
      "pressure": 0,
      "pumpFlow": 1,
      "weightFlow": 1.2000000000000002,
      "temperature": 13.8,
      "shotWeight": 8.4,
      "waterPumped": 11.3,
      "targetTemperature": 10,
      "targetPumpFlow": 1,
      "targetPressure": 0
    },
    {
      "timeInShot": 9600,
      "pressure": 0,
      "pumpFlow": 1,
      "weightFlow": 1.2000000000000002,
      "temperature": 13.8,
      "shotWeight": 8.4,
      "waterPumped": 11.3,
      "targetTemperature": 10,
      "targetPumpFlow": 1,
      "targetPressure": 0
    },
    {
      "timeInShot": 9800,
      "pressure": 0,
      "pumpFlow": 1,
      "weightFlow": 1.2000000000000002,
      "temperature": 13.8,
      "shotWeight": 8.4,
      "waterPumped": 11.5,
      "targetTemperature": 10,
      "targetPumpFlow": 1,
      "targetPressure": 0
    },
    {
      "timeInShot": 9900,
      "pressure": 0,
      "pumpFlow": 1,
      "weightFlow": 1.2000000000000002,
      "temperature": 13.8,
      "shotWeight": 8.9,
      "waterPumped": 11.8,
      "targetTemperature": 10,
      "targetPumpFlow": 1,
      "targetPressure": 0
    },
    {
      "timeInShot": 10100,
      "pressure": 0,
      "pumpFlow": 1,
      "weightFlow": 1.2000000000000002,
      "temperature": 13.8,
      "shotWeight": 8.9,
      "waterPumped": 11.8,
      "targetTemperature": 10,
      "targetPumpFlow": 2,
      "targetPressure": 0
    },
    {
      "timeInShot": 10200,
      "pressure": 0,
      "pumpFlow": 1.1,
      "weightFlow": 1.2000000000000002,
      "temperature": 13.8,
      "shotWeight": 9.1,
      "waterPumped": 12.100000000000001,
      "targetTemperature": 10,
      "targetPumpFlow": 2,
      "targetPressure": 0
    },
    {
      "timeInShot": 10400,
      "pressure": 0,
      "pumpFlow": 1.1,
      "weightFlow": 1.2000000000000002,
      "temperature": 13.8,
      "shotWeight": 9.1,
      "waterPumped": 12.100000000000001,
      "targetTemperature": 10,
      "targetPumpFlow": 2,
      "targetPressure": 0
    },
    {
      "timeInShot": 10500,
      "pressure": 0,
      "pumpFlow": 1.2000000000000002,
      "weightFlow": 1.3,
      "temperature": 13.8,
      "shotWeight": 9.600000000000001,
      "waterPumped": 12.4,
      "targetTemperature": 10,
      "targetPumpFlow": 2,
      "targetPressure": 0
    },
    {
      "timeInShot": 10700,
      "pressure": 0,
      "pumpFlow": 1.2000000000000002,
      "weightFlow": 1.3,
      "temperature": 13.8,
      "shotWeight": 9.9,
      "waterPumped": 12.700000000000001,
      "targetTemperature": 10,
      "targetPumpFlow": 2,
      "targetPressure": 0
    },
    {
      "timeInShot": 10800,
      "pressure": 0.1,
      "pumpFlow": 1.2000000000000002,
      "weightFlow": 1.3,
      "temperature": 13.8,
      "shotWeight": 9.9,
      "waterPumped": 12.700000000000001,
      "targetTemperature": 10,
      "targetPumpFlow": 2,
      "targetPressure": 0
    },
    {
      "timeInShot": 11000,
      "pressure": 0,
      "pumpFlow": 1.3,
      "weightFlow": 1.3,
      "temperature": 13.8,
      "shotWeight": 10.600000000000001,
      "waterPumped": 13,
      "targetTemperature": 10,
      "targetPumpFlow": 2,
      "targetPressure": 0
    },
    {
      "timeInShot": 11100,
      "pressure": 0,
      "pumpFlow": 1.3,
      "weightFlow": 1.3,
      "temperature": 13.8,
      "shotWeight": 10.600000000000001,
      "waterPumped": 13,
      "targetTemperature": 10,
      "targetPumpFlow": 2,
      "targetPressure": 0
    },
    {
      "timeInShot": 11300,
      "pressure": 0,
      "pumpFlow": 1.4000000000000001,
      "weightFlow": 1.3,
      "temperature": 13.8,
      "shotWeight": 10.9,
      "waterPumped": 13.4,
      "targetTemperature": 10,
      "targetPumpFlow": 2,
      "targetPressure": 0
    },
    {
      "timeInShot": 11400,
      "pressure": 0,
      "pumpFlow": 1.5,
      "weightFlow": 1.3,
      "temperature": 13.8,
      "shotWeight": 11.3,
      "waterPumped": 13.700000000000001,
      "targetTemperature": 10,
      "targetPumpFlow": 2,
      "targetPressure": 0
    },
    {
      "timeInShot": 11600,
      "pressure": 0,
      "pumpFlow": 1.5,
      "weightFlow": 1.3,
      "temperature": 13.8,
      "shotWeight": 11.3,
      "waterPumped": 13.700000000000001,
      "targetTemperature": 10,
      "targetPumpFlow": 2,
      "targetPressure": 0
    },
    {
      "timeInShot": 11700,
      "pressure": 0,
      "pumpFlow": 1.6,
      "weightFlow": 1.5,
      "temperature": 13.8,
      "shotWeight": 12.3,
      "waterPumped": 14.100000000000001,
      "targetTemperature": 10,
      "targetPumpFlow": 2,
      "targetPressure": 0
    },
    {
      "timeInShot": 11900,
      "pressure": 0,
      "pumpFlow": 1.6,
      "weightFlow": 1.5,
      "temperature": 13.8,
      "shotWeight": 12.3,
      "waterPumped": 14.100000000000001,
      "targetTemperature": 10,
      "targetPumpFlow": 2,
      "targetPressure": 0
    },
    {
      "timeInShot": 12000,
      "pressure": 0,
      "pumpFlow": 1.7000000000000002,
      "weightFlow": 1.4000000000000001,
      "temperature": 13.8,
      "shotWeight": 12.5,
      "waterPumped": 14.600000000000001,
      "targetTemperature": 10,
      "targetPumpFlow": 2,
      "targetPressure": 0
    },
    {
      "timeInShot": 12200,
      "pressure": 0,
      "pumpFlow": 1.7000000000000002,
      "weightFlow": 1.5,
      "temperature": 13.8,
      "shotWeight": 13.200000000000001,
      "waterPumped": 15,
      "targetTemperature": 10,
      "targetPumpFlow": 2,
      "targetPressure": 0
    },
    {
      "timeInShot": 12300,
      "pressure": 0.1,
      "pumpFlow": 1.7000000000000002,
      "weightFlow": 1.5,
      "temperature": 13.8,
      "shotWeight": 13.200000000000001,
      "waterPumped": 15,
      "targetTemperature": 10,
      "targetPumpFlow": 2,
      "targetPressure": 0
    },
    {
      "timeInShot": 12500,
      "pressure": 0.1,
      "pumpFlow": 1.8,
      "weightFlow": 1.6,
      "temperature": 13.8,
      "shotWeight": 13.700000000000001,
      "waterPumped": 15.5,
      "targetTemperature": 10,
      "targetPumpFlow": 2,
      "targetPressure": 0
    },
    {
      "timeInShot": 12700,
      "pressure": 0.1,
      "pumpFlow": 1.8,
      "weightFlow": 1.6,
      "temperature": 13.8,
      "shotWeight": 13.700000000000001,
      "waterPumped": 15.5,
      "targetTemperature": 10,
      "targetPumpFlow": 2,
      "targetPressure": 0
    },
    {
      "timeInShot": 12800,
      "pressure": 0,
      "pumpFlow": 1.8,
      "weightFlow": 1.6,
      "temperature": 13.8,
      "shotWeight": 14.200000000000001,
      "waterPumped": 15.9,
      "targetTemperature": 10,
      "targetPumpFlow": 2,
      "targetPressure": 0
    },
    {
      "timeInShot": 13000,
      "pressure": 0,
      "pumpFlow": 1.8,
      "weightFlow": 1.7000000000000002,
      "temperature": 13.8,
      "shotWeight": 14.8,
      "waterPumped": 16.400000000000002,
      "targetTemperature": 10,
      "targetPumpFlow": 2,
      "targetPressure": 0
    },
    {
      "timeInShot": 13100,
      "pressure": 0,
      "pumpFlow": 1.8,
      "weightFlow": 1.7000000000000002,
      "temperature": 13.8,
      "shotWeight": 14.8,
      "waterPumped": 16.400000000000002,
      "targetTemperature": 10,
      "targetPumpFlow": 2,
      "targetPressure": 0
    },
    {
      "timeInShot": 13300,
      "pressure": 0,
      "pumpFlow": 1.8,
      "weightFlow": 1.6,
      "temperature": 13.700000000000001,
      "shotWeight": 15.100000000000001,
      "waterPumped": 16.8,
      "targetTemperature": 10,
      "targetPumpFlow": 2,
      "targetPressure": 0
    },
    {
      "timeInShot": 13400,
      "pressure": 0.1,
      "pumpFlow": 1.8,
      "weightFlow": 1.6,
      "temperature": 13.8,
      "shotWeight": 15.100000000000001,
      "waterPumped": 16.8,
      "targetTemperature": 10,
      "targetPumpFlow": 2,
      "targetPressure": 0
    },
    {
      "timeInShot": 13600,
      "pressure": 0.1,
      "pumpFlow": 1.8,
      "weightFlow": 1.7000000000000002,
      "temperature": 13.8,
      "shotWeight": 15.700000000000001,
      "waterPumped": 17.3,
      "targetTemperature": 10,
      "targetPumpFlow": 2,
      "targetPressure": 0
    },
    {
      "timeInShot": 13700,
      "pressure": 0.1,
      "pumpFlow": 1.9000000000000001,
      "weightFlow": 1.6,
      "temperature": 13.8,
      "shotWeight": 16,
      "waterPumped": 17.8,
      "targetTemperature": 10,
      "targetPumpFlow": 2,
      "targetPressure": 0
    },
    {
      "timeInShot": 13900,
      "pressure": 0.1,
      "pumpFlow": 1.9000000000000001,
      "weightFlow": 1.6,
      "temperature": 13.8,
      "shotWeight": 16,
      "waterPumped": 17.8,
      "targetTemperature": 10,
      "targetPumpFlow": 2,
      "targetPressure": 0
    },
    {
      "timeInShot": 14000,
      "pressure": 0.1,
      "pumpFlow": 1.9000000000000001,
      "weightFlow": 1.7000000000000002,
      "temperature": 13.8,
      "shotWeight": 16.5,
      "waterPumped": 18.3,
      "targetTemperature": 10,
      "targetPumpFlow": 2,
      "targetPressure": 0
    },
    {
      "timeInShot": 14200,
      "pressure": 0,
      "pumpFlow": 1.9000000000000001,
      "weightFlow": 1.7000000000000002,
      "temperature": 13.700000000000001,
      "shotWeight": 16.5,
      "waterPumped": 18.3,
      "targetTemperature": 10,
      "targetPumpFlow": 2,
      "targetPressure": 0
    },
    {
      "timeInShot": 14300,
      "pressure": 0,
      "pumpFlow": 1.9000000000000001,
      "weightFlow": 1.7000000000000002,
      "temperature": 13.8,
      "shotWeight": 17,
      "waterPumped": 18.7,
      "targetTemperature": 10,
      "targetPumpFlow": 2,
      "targetPressure": 0
    },
    {
      "timeInShot": 14500,
      "pressure": 0,
      "pumpFlow": 1.9000000000000001,
      "weightFlow": 1.7000000000000002,
      "temperature": 13.700000000000001,
      "shotWeight": 17.400000000000002,
      "waterPumped": 19.200000000000003,
      "targetTemperature": 10,
      "targetPumpFlow": 2,
      "targetPressure": 0
    },
    {
      "timeInShot": 14600,
      "pressure": 0,
      "pumpFlow": 1.9000000000000001,
      "weightFlow": 1.7000000000000002,
      "temperature": 13.700000000000001,
      "shotWeight": 17.400000000000002,
      "waterPumped": 19.200000000000003,
      "targetTemperature": 10,
      "targetPumpFlow": 2,
      "targetPressure": 0
    },
    {
      "timeInShot": 14800,
      "pressure": 0,
      "pumpFlow": 2,
      "weightFlow": 1.8,
      "temperature": 13.8,
      "shotWeight": 18.1,
      "waterPumped": 19.700000000000003,
      "targetTemperature": 10,
      "targetPumpFlow": 2,
      "targetPressure": 0
    },
    {
      "timeInShot": 14900,
      "pressure": 0,
      "pumpFlow": 2,
      "weightFlow": 1.8,
      "temperature": 13.700000000000001,
      "shotWeight": 18.1,
      "waterPumped": 19.700000000000003,
      "targetTemperature": 10,
      "targetPumpFlow": 2,
      "targetPressure": 0
    },
    {
      "timeInShot": 15100,
      "pressure": 0,
      "pumpFlow": 1.9000000000000001,
      "weightFlow": 1.7000000000000002,
      "temperature": 13.700000000000001,
      "shotWeight": 18.400000000000002,
      "waterPumped": 20.200000000000003,
      "targetTemperature": 10,
      "targetPumpFlow": 2,
      "targetPressure": 0
    },
    {
      "timeInShot": 15200,
      "pressure": 0,
      "pumpFlow": 1.9000000000000001,
      "weightFlow": 1.7000000000000002,
      "temperature": 13.700000000000001,
      "shotWeight": 18.900000000000002,
      "waterPumped": 20.700000000000003,
      "targetTemperature": 10,
      "targetPumpFlow": 2,
      "targetPressure": 0
    },
    {
      "timeInShot": 15400,
      "pressure": 0,
      "pumpFlow": 1.9000000000000001,
      "weightFlow": 1.7000000000000002,
      "temperature": 13.700000000000001,
      "shotWeight": 18.900000000000002,
      "waterPumped": 20.700000000000003,
      "targetTemperature": 10,
      "targetPumpFlow": 2,
      "targetPressure": 0
    },
    {
      "timeInShot": 15500,
      "pressure": 0,
      "pumpFlow": 1.9000000000000001,
      "weightFlow": 1.8,
      "temperature": 13.700000000000001,
      "shotWeight": 19.700000000000003,
      "waterPumped": 21.200000000000003,
      "targetTemperature": 10,
      "targetPumpFlow": 2,
      "targetPressure": 0
    },
    {
      "timeInShot": 15700,
      "pressure": 0,
      "pumpFlow": 1.9000000000000001,
      "weightFlow": 1.8,
      "temperature": 13.700000000000001,
      "shotWeight": 19.700000000000003,
      "waterPumped": 21.200000000000003,
      "targetTemperature": 10,
      "targetPumpFlow": 2,
      "targetPressure": 0
    },
    {
      "timeInShot": 15800,
      "pressure": 0,
      "pumpFlow": 1.9000000000000001,
      "weightFlow": 1.8,
      "temperature": 13.700000000000001,
      "shotWeight": 20,
      "waterPumped": 21.6,
      "targetTemperature": 10,
      "targetPumpFlow": 2,
      "targetPressure": 0
    },
    {
      "timeInShot": 16000,
      "pressure": 0,
      "pumpFlow": 2,
      "weightFlow": 1.9000000000000001,
      "temperature": 13.700000000000001,
      "shotWeight": 20.700000000000003,
      "waterPumped": 22.1,
      "targetTemperature": 10,
      "targetPumpFlow": 2,
      "targetPressure": 0
    },
    {
      "timeInShot": 16100,
      "pressure": 0,
      "pumpFlow": 2,
      "weightFlow": 1.9000000000000001,
      "temperature": 13.700000000000001,
      "shotWeight": 20.700000000000003,
      "waterPumped": 22.1,
      "targetTemperature": 10,
      "targetPumpFlow": 2,
      "targetPressure": 0
    },
    {
      "timeInShot": 16300,
      "pressure": 0.1,
      "pumpFlow": 2,
      "weightFlow": 1.9000000000000001,
      "temperature": 13.700000000000001,
      "shotWeight": 21.400000000000002,
      "waterPumped": 22.6,
      "targetTemperature": 10,
      "targetPumpFlow": 2,
      "targetPressure": 0
    },
    {
      "timeInShot": 16400,
      "pressure": 0.1,
      "pumpFlow": 1.9000000000000001,
      "weightFlow": 1.9000000000000001,
      "temperature": 13.700000000000001,
      "shotWeight": 21.400000000000002,
      "waterPumped": 23.1,
      "targetTemperature": 10,
      "targetPumpFlow": 2,
      "targetPressure": 0
    },
    {
      "timeInShot": 16600,
      "pressure": 0.1,
      "pumpFlow": 1.9000000000000001,
      "weightFlow": 1.9000000000000001,
      "temperature": 13.700000000000001,
      "shotWeight": 21.8,
      "waterPumped": 23.1,
      "targetTemperature": 10,
      "targetPumpFlow": 2,
      "targetPressure": 0
    },
    {
      "timeInShot": 16800,
      "pressure": 0.1,
      "pumpFlow": 1.9000000000000001,
      "weightFlow": 2,
      "temperature": 13.700000000000001,
      "shotWeight": 22.5,
      "waterPumped": 23.6,
      "targetTemperature": 10,
      "targetPumpFlow": 2,
      "targetPressure": 0
    },
    {
      "timeInShot": 16900,
      "pressure": 0,
      "pumpFlow": 1.9000000000000001,
      "weightFlow": 2,
      "temperature": 13.700000000000001,
      "shotWeight": 22.5,
      "waterPumped": 23.6,
      "targetTemperature": 10,
      "targetPumpFlow": 2,
      "targetPressure": 0
    },
    {
      "timeInShot": 17100,
      "pressure": 0,
      "pumpFlow": 2,
      "weightFlow": 1.9000000000000001,
      "temperature": 13.700000000000001,
      "shotWeight": 22.700000000000003,
      "waterPumped": 24.1,
      "targetTemperature": 10,
      "targetPumpFlow": 2,
      "targetPressure": 0
    },
    {
      "timeInShot": 17200,
      "pressure": 0,
      "pumpFlow": 2,
      "weightFlow": 2.1,
      "temperature": 13.700000000000001,
      "shotWeight": 23.8,
      "waterPumped": 24.6,
      "targetTemperature": 10,
      "targetPumpFlow": 2,
      "targetPressure": 0
    },
    {
      "timeInShot": 17400,
      "pressure": 0,
      "pumpFlow": 2,
      "weightFlow": 2.1,
      "temperature": 13.700000000000001,
      "shotWeight": 23.8,
      "waterPumped": 24.6,
      "targetTemperature": 10,
      "targetPumpFlow": 2,
      "targetPressure": 0
    },
    {
      "timeInShot": 17500,
      "pressure": 0,
      "pumpFlow": 2,
      "weightFlow": 2,
      "temperature": 13.700000000000001,
      "shotWeight": 24,
      "waterPumped": 25.1,
      "targetTemperature": 10,
      "targetPumpFlow": 2,
      "targetPressure": 0
    },
    {
      "timeInShot": 17700,
      "pressure": 0,
      "pumpFlow": 2,
      "weightFlow": 2,
      "temperature": 13.700000000000001,
      "shotWeight": 24,
      "waterPumped": 25.1,
      "targetTemperature": 10,
      "targetPumpFlow": 2,
      "targetPressure": 0
    },
    {
      "timeInShot": 17800,
      "pressure": 0,
      "pumpFlow": 1.9000000000000001,
      "weightFlow": 2,
      "temperature": 13.700000000000001,
      "shotWeight": 24.5,
      "waterPumped": 25.6,
      "targetTemperature": 10,
      "targetPumpFlow": 2,
      "targetPressure": 0
    },
    {
      "timeInShot": 18000,
      "pressure": 0,
      "pumpFlow": 1.9000000000000001,
      "weightFlow": 2,
      "temperature": 13.700000000000001,
      "shotWeight": 25,
      "waterPumped": 26.1,
      "targetTemperature": 10,
      "targetPumpFlow": 2,
      "targetPressure": 0
    },
    {
      "timeInShot": 18100,
      "pressure": 0.1,
      "pumpFlow": 1.9000000000000001,
      "weightFlow": 2,
      "temperature": 13.700000000000001,
      "shotWeight": 25,
      "waterPumped": 26.1,
      "targetTemperature": 10,
      "targetPumpFlow": 2,
      "targetPressure": 0
    },
    {
      "timeInShot": 18300,
      "pressure": 0.1,
      "pumpFlow": 2,
      "weightFlow": 1.9000000000000001,
      "temperature": 13.700000000000001,
      "shotWeight": 25.400000000000002,
      "waterPumped": 26.6,
      "targetTemperature": 10,
      "targetPumpFlow": 2,
      "targetPressure": 0
    },
    {
      "timeInShot": 18400,
      "pressure": 0.1,
      "pumpFlow": 2,
      "weightFlow": 1.9000000000000001,
      "temperature": 13.700000000000001,
      "shotWeight": 25.400000000000002,
      "waterPumped": 26.6,
      "targetTemperature": 10,
      "targetPumpFlow": 2,
      "targetPressure": 0
    },
    {
      "timeInShot": 18600,
      "pressure": 0.1,
      "pumpFlow": 2,
      "weightFlow": 2,
      "temperature": 13.700000000000001,
      "shotWeight": 26,
      "waterPumped": 27.1,
      "targetTemperature": 10,
      "targetPumpFlow": 2,
      "targetPressure": 0
    },
    {
      "timeInShot": 18700,
      "pressure": 0.1,
      "pumpFlow": 2,
      "weightFlow": 2,
      "temperature": 13.700000000000001,
      "shotWeight": 26.5,
      "waterPumped": 27.6,
      "targetTemperature": 10,
      "targetPumpFlow": 2,
      "targetPressure": 0
    },
    {
      "timeInShot": 18900,
      "pressure": 0,
      "pumpFlow": 2,
      "weightFlow": 2,
      "temperature": 13.700000000000001,
      "shotWeight": 26.5,
      "waterPumped": 27.6,
      "targetTemperature": 10,
      "targetPumpFlow": 2,
      "targetPressure": 0
    },
    {
      "timeInShot": 19000,
      "pressure": 0,
      "pumpFlow": 1.9000000000000001,
      "weightFlow": 2,
      "temperature": 13.700000000000001,
      "shotWeight": 27.1,
      "waterPumped": 28.1,
      "targetTemperature": 10,
      "targetPumpFlow": 2,
      "targetPressure": 0
    },
    {
      "timeInShot": 19200,
      "pressure": 0,
      "pumpFlow": 1.9000000000000001,
      "weightFlow": 2,
      "temperature": 13.700000000000001,
      "shotWeight": 27.1,
      "waterPumped": 28.1,
      "targetTemperature": 10,
      "targetPumpFlow": 2,
      "targetPressure": 0
    },
    {
      "timeInShot": 19300,
      "pressure": 0,
      "pumpFlow": 1.9000000000000001,
      "weightFlow": 2.1,
      "temperature": 13.700000000000001,
      "shotWeight": 27.8,
      "waterPumped": 28.6,
      "targetTemperature": 10,
      "targetPumpFlow": 2,
      "targetPressure": 0
    },
    {
      "timeInShot": 19500,
      "pressure": 0,
      "pumpFlow": 2,
      "weightFlow": 1.9000000000000001,
      "temperature": 13.700000000000001,
      "shotWeight": 27.900000000000002,
      "waterPumped": 29.1,
      "targetTemperature": 10,
      "targetPumpFlow": 2,
      "targetPressure": 0
    },
    {
      "timeInShot": 19600,
      "pressure": 0.1,
      "pumpFlow": 2,
      "weightFlow": 1.9000000000000001,
      "temperature": 13.700000000000001,
      "shotWeight": 27.900000000000002,
      "waterPumped": 29.1,
      "targetTemperature": 10,
      "targetPumpFlow": 2,
      "targetPressure": 0
    },
    {
      "timeInShot": 19800,
      "pressure": 0,
      "pumpFlow": 2,
      "weightFlow": 2.1,
      "temperature": 13.700000000000001,
      "shotWeight": 28.900000000000002,
      "waterPumped": 29.6,
      "targetTemperature": 10,
      "targetPumpFlow": 2,
      "targetPressure": 0
    },
    {
      "timeInShot": 19900,
      "pressure": 0.1,
      "pumpFlow": 2,
      "weightFlow": 2.1,
      "temperature": 13.700000000000001,
      "shotWeight": 28.900000000000002,
      "waterPumped": 29.6,
      "targetTemperature": 10,
      "targetPumpFlow": 2,
      "targetPressure": 0
    },
    {
      "timeInShot": 20100,
      "pressure": 0.1,
      "pumpFlow": 2,
      "weightFlow": 2.2,
      "temperature": 13.700000000000001,
      "shotWeight": 29.6,
      "waterPumped": 30.1,
      "targetTemperature": 10,
      "targetPumpFlow": 3,
      "targetPressure": 0
    },
    {
      "timeInShot": 20200,
      "pressure": 0,
      "pumpFlow": 2.1,
      "weightFlow": 2.1,
      "temperature": 13.700000000000001,
      "shotWeight": 30.1,
      "waterPumped": 30.6,
      "targetTemperature": 10,
      "targetPumpFlow": 3,
      "targetPressure": 0
    },
    {
      "timeInShot": 20400,
      "pressure": 0.1,
      "pumpFlow": 2.1,
      "weightFlow": 2.1,
      "temperature": 13.700000000000001,
      "shotWeight": 30.1,
      "waterPumped": 30.6,
      "targetTemperature": 10,
      "targetPumpFlow": 3,
      "targetPressure": 0
    },
    {
      "timeInShot": 20500,
      "pressure": 0.1,
      "pumpFlow": 2.2,
      "weightFlow": 2.1,
      "temperature": 13.700000000000001,
      "shotWeight": 30.6,
      "waterPumped": 31.1,
      "targetTemperature": 10,
      "targetPumpFlow": 3,
      "targetPressure": 0
    },
    {
      "timeInShot": 20700,
      "pressure": 0.1,
      "pumpFlow": 2.2,
      "weightFlow": 2.1,
      "temperature": 13.700000000000001,
      "shotWeight": 30.6,
      "waterPumped": 31.1,
      "targetTemperature": 10,
      "targetPumpFlow": 3,
      "targetPressure": 0
    },
    {
      "timeInShot": 20900,
      "pressure": 0.1,
      "pumpFlow": 2.2,
      "weightFlow": 2.2,
      "temperature": 13.700000000000001,
      "shotWeight": 31.200000000000003,
      "waterPumped": 31.700000000000003,
      "targetTemperature": 10,
      "targetPumpFlow": 3,
      "targetPressure": 0
    },
    {
      "timeInShot": 21000,
      "pressure": 0.2,
      "pumpFlow": 2.4000000000000004,
      "weightFlow": 2.3000000000000003,
      "temperature": 13.700000000000001,
      "shotWeight": 32.300000000000004,
      "waterPumped": 32.300000000000004,
      "targetTemperature": 10,
      "targetPumpFlow": 3,
      "targetPressure": 0
    },
    {
      "timeInShot": 21200,
      "pressure": 0.1,
      "pumpFlow": 2.4000000000000004,
      "weightFlow": 2.3000000000000003,
      "temperature": 13.700000000000001,
      "shotWeight": 32.300000000000004,
      "waterPumped": 32.300000000000004,
      "targetTemperature": 10,
      "targetPumpFlow": 3,
      "targetPressure": 0
    },
    {
      "timeInShot": 21300,
      "pressure": 0.2,
      "pumpFlow": 2.5,
      "weightFlow": 2.3000000000000003,
      "temperature": 13.700000000000001,
      "shotWeight": 32.9,
      "waterPumped": 32.9,
      "targetTemperature": 10,
      "targetPumpFlow": 3,
      "targetPressure": 0
    },
    {
      "timeInShot": 21500,
      "pressure": 0.1,
      "pumpFlow": 2.5,
      "weightFlow": 2.3000000000000003,
      "temperature": 13.700000000000001,
      "shotWeight": 32.9,
      "waterPumped": 32.9,
      "targetTemperature": 10,
      "targetPumpFlow": 3,
      "targetPressure": 0
    },
    {
      "timeInShot": 21600,
      "pressure": 0.1,
      "pumpFlow": 2.6,
      "weightFlow": 2.5,
      "temperature": 13.700000000000001,
      "shotWeight": 34,
      "waterPumped": 33.6,
      "targetTemperature": 10,
      "targetPumpFlow": 3,
      "targetPressure": 0
    },
    {
      "timeInShot": 21800,
      "pressure": 0.1,
      "pumpFlow": 2.8000000000000003,
      "weightFlow": 2.5,
      "temperature": 13.700000000000001,
      "shotWeight": 34.7,
      "waterPumped": 34.300000000000004,
      "targetTemperature": 10,
      "targetPumpFlow": 3,
      "targetPressure": 0
    },
    {
      "timeInShot": 21900,
      "pressure": 0.1,
      "pumpFlow": 2.8000000000000003,
      "weightFlow": 2.5,
      "temperature": 13.700000000000001,
      "shotWeight": 34.7,
      "waterPumped": 34.300000000000004,
      "targetTemperature": 10,
      "targetPumpFlow": 3,
      "targetPressure": 0
    },
    {
      "timeInShot": 22100,
      "pressure": 0.1,
      "pumpFlow": 2.8000000000000003,
      "weightFlow": 2.5,
      "temperature": 13.700000000000001,
      "shotWeight": 35.2,
      "waterPumped": 35,
      "targetTemperature": 10,
      "targetPumpFlow": 3,
      "targetPressure": 0
    },
    {
      "timeInShot": 22200,
      "pressure": 0.1,
      "pumpFlow": 2.8000000000000003,
      "weightFlow": 2.5,
      "temperature": 13.700000000000001,
      "shotWeight": 35.2,
      "waterPumped": 35,
      "targetTemperature": 10,
      "targetPumpFlow": 3,
      "targetPressure": 0
    },
    {
      "timeInShot": 22400,
      "pressure": 0,
      "pumpFlow": 2.8000000000000003,
      "weightFlow": 2.7,
      "temperature": 13.700000000000001,
      "shotWeight": 36.4,
      "waterPumped": 35.7,
      "targetTemperature": 10,
      "targetPumpFlow": 3,
      "targetPressure": 0
    },
    {
      "timeInShot": 22500,
      "pressure": 0.1,
      "pumpFlow": 2.9000000000000004,
      "weightFlow": 2.6,
      "temperature": 13.700000000000001,
      "shotWeight": 37,
      "waterPumped": 36.4,
      "targetTemperature": 10,
      "targetPumpFlow": 3,
      "targetPressure": 0
    },
    {
      "timeInShot": 22700,
      "pressure": 0,
      "pumpFlow": 2.9000000000000004,
      "weightFlow": 2.6,
      "temperature": 13.700000000000001,
      "shotWeight": 37,
      "waterPumped": 36.4,
      "targetTemperature": 10,
      "targetPumpFlow": 3,
      "targetPressure": 0
    },
    {
      "timeInShot": 22800,
      "pressure": 0,
      "pumpFlow": 2.8000000000000003,
      "weightFlow": 2.7,
      "temperature": 13.700000000000001,
      "shotWeight": 37.9,
      "waterPumped": 37.1,
      "targetTemperature": 10,
      "targetPumpFlow": 3,
      "targetPressure": 0
    },
    {
      "timeInShot": 23000,
      "pressure": 0,
      "pumpFlow": 2.8000000000000003,
      "weightFlow": 2.7,
      "temperature": 13.700000000000001,
      "shotWeight": 37.9,
      "waterPumped": 37.1,
      "targetTemperature": 10,
      "targetPumpFlow": 3,
      "targetPressure": 0
    },
    {
      "timeInShot": 23100,
      "pressure": 0,
      "pumpFlow": 2.8000000000000003,
      "weightFlow": 2.7,
      "temperature": 13.700000000000001,
      "shotWeight": 38.6,
      "waterPumped": 37.800000000000004,
      "targetTemperature": 10,
      "targetPumpFlow": 3,
      "targetPressure": 0
    },
    {
      "timeInShot": 23300,
      "pressure": 0,
      "pumpFlow": 2.9000000000000004,
      "weightFlow": 2.7,
      "temperature": 13.700000000000001,
      "shotWeight": 39.2,
      "waterPumped": 38.6,
      "targetTemperature": 10,
      "targetPumpFlow": 3,
      "targetPressure": 0
    },
    {
      "timeInShot": 23400,
      "pressure": 0,
      "pumpFlow": 2.9000000000000004,
      "weightFlow": 2.7,
      "temperature": 13.700000000000001,
      "shotWeight": 39.2,
      "waterPumped": 38.6,
      "targetTemperature": 10,
      "targetPumpFlow": 3,
      "targetPressure": 0
    },
    {
      "timeInShot": 23600,
      "pressure": 0.1,
      "pumpFlow": 2.9000000000000004,
      "weightFlow": 2.8000000000000003,
      "temperature": 13.600000000000001,
      "shotWeight": 40.1,
      "waterPumped": 39.300000000000004,
      "targetTemperature": 10,
      "targetPumpFlow": 3,
      "targetPressure": 0
    },
    {
      "timeInShot": 23700,
      "pressure": 0.1,
      "pumpFlow": 2.9000000000000004,
      "weightFlow": 2.8000000000000003,
      "temperature": 13.600000000000001,
      "shotWeight": 40.1,
      "waterPumped": 39.300000000000004,
      "targetTemperature": 10,
      "targetPumpFlow": 3,
      "targetPressure": 0
    },
    {
      "timeInShot": 23900,
      "pressure": 0.1,
      "pumpFlow": 2.9000000000000004,
      "weightFlow": 2.8000000000000003,
      "temperature": 13.600000000000001,
      "shotWeight": 41,
      "waterPumped": 40,
      "targetTemperature": 10,
      "targetPumpFlow": 3,
      "targetPressure": 0
    },
    {
      "timeInShot": 24000,
      "pressure": 0.1,
      "pumpFlow": 3,
      "weightFlow": 2.9000000000000004,
      "temperature": 13.600000000000001,
      "shotWeight": 42,
      "waterPumped": 40.800000000000004,
      "targetTemperature": 10,
      "targetPumpFlow": 3,
      "targetPressure": 0
    },
    {
      "timeInShot": 24200,
      "pressure": 0.2,
      "pumpFlow": 3,
      "weightFlow": 2.9000000000000004,
      "temperature": 13.600000000000001,
      "shotWeight": 42,
      "waterPumped": 40.800000000000004,
      "targetTemperature": 10,
      "targetPumpFlow": 3,
      "targetPressure": 0
    },
    {
      "timeInShot": 24300,
      "pressure": 0.1,
      "pumpFlow": 2.9000000000000004,
      "weightFlow": 2.9000000000000004,
      "temperature": 13.600000000000001,
      "shotWeight": 42.7,
      "waterPumped": 41.5,
      "targetTemperature": 10,
      "targetPumpFlow": 3,
      "targetPressure": 0
    },
    {
      "timeInShot": 24500,
      "pressure": 0.2,
      "pumpFlow": 2.9000000000000004,
      "weightFlow": 2.8000000000000003,
      "temperature": 13.600000000000001,
      "shotWeight": 43,
      "waterPumped": 41.5,
      "targetTemperature": 10,
      "targetPumpFlow": 3,
      "targetPressure": 0
    },
    {
      "timeInShot": 24600,
      "pressure": 0.1,
      "pumpFlow": 3,
      "weightFlow": 2.8000000000000003,
      "temperature": 13.600000000000001,
      "shotWeight": 43,
      "waterPumped": 42.300000000000004,
      "targetTemperature": 10,
      "targetPumpFlow": 3,
      "targetPressure": 0
    },
    {
      "timeInShot": 24800,
      "pressure": 0.1,
      "pumpFlow": 3,
      "weightFlow": 3,
      "temperature": 13.600000000000001,
      "shotWeight": 44.2,
      "waterPumped": 43,
      "targetTemperature": 10,
      "targetPumpFlow": 3,
      "targetPressure": 0
    },
    {
      "timeInShot": 25000,
      "pressure": 0.1,
      "pumpFlow": 3,
      "weightFlow": 3,
      "temperature": 13.600000000000001,
      "shotWeight": 44.2,
      "waterPumped": 43,
      "targetTemperature": 10,
      "targetPumpFlow": 3,
      "targetPressure": 0
    },
    {
      "timeInShot": 25100,
      "pressure": 0.1,
      "pumpFlow": 2.9000000000000004,
      "weightFlow": 2.8000000000000003,
      "temperature": 13.600000000000001,
      "shotWeight": 44.6,
      "waterPumped": 43.7,
      "targetTemperature": 10,
      "targetPumpFlow": 3,
      "targetPressure": 0
    },
    {
      "timeInShot": 25300,
      "pressure": 0,
      "pumpFlow": 2.9000000000000004,
      "weightFlow": 3,
      "temperature": 13.600000000000001,
      "shotWeight": 45.800000000000004,
      "waterPumped": 43.7,
      "targetTemperature": 10,
      "targetPumpFlow": 3,
      "targetPressure": 0
    },
    {
      "timeInShot": 25400,
      "pressure": 0,
      "pumpFlow": 2.9000000000000004,
      "weightFlow": 3,
      "temperature": 13.600000000000001,
      "shotWeight": 45.800000000000004,
      "waterPumped": 44.5,
      "targetTemperature": 10,
      "targetPumpFlow": 3,
      "targetPressure": 0
    },
    {
      "timeInShot": 25600,
      "pressure": 0,
      "pumpFlow": 3,
      "weightFlow": 3.1,
      "temperature": 13.600000000000001,
      "shotWeight": 46.6,
      "waterPumped": 45.2,
      "targetTemperature": 10,
      "targetPumpFlow": 3,
      "targetPressure": 0
    },
    {
      "timeInShot": 25700,
      "pressure": 0.1,
      "pumpFlow": 3,
      "weightFlow": 3.1,
      "temperature": 13.600000000000001,
      "shotWeight": 46.6,
      "waterPumped": 45.2,
      "targetTemperature": 10,
      "targetPumpFlow": 3,
      "targetPressure": 0
    },
    {
      "timeInShot": 25900,
      "pressure": 0.1,
      "pumpFlow": 2.9000000000000004,
      "weightFlow": 3,
      "temperature": 13.600000000000001,
      "shotWeight": 47.300000000000004,
      "waterPumped": 46,
      "targetTemperature": 10,
      "targetPumpFlow": 3,
      "targetPressure": 0
    },
    {
      "timeInShot": 26000,
      "pressure": 0.1,
      "pumpFlow": 3,
      "weightFlow": 3,
      "temperature": 13.600000000000001,
      "shotWeight": 48,
      "waterPumped": 46.7,
      "targetTemperature": 10,
      "targetPumpFlow": 3,
      "targetPressure": 0
    },
    {
      "timeInShot": 26200,
      "pressure": 0.1,
      "pumpFlow": 3,
      "weightFlow": 3,
      "temperature": 13.600000000000001,
      "shotWeight": 48,
      "waterPumped": 46.7,
      "targetTemperature": 10,
      "targetPumpFlow": 3,
      "targetPressure": 0
    },
    {
      "timeInShot": 26300,
      "pressure": 0.1,
      "pumpFlow": 3,
      "weightFlow": 3.1,
      "temperature": 13.600000000000001,
      "shotWeight": 49,
      "waterPumped": 47.5,
      "targetTemperature": 10,
      "targetPumpFlow": 3,
      "targetPressure": 0
    },
    {
      "timeInShot": 26500,
      "pressure": 0.1,
      "pumpFlow": 3,
      "weightFlow": 3.1,
      "temperature": 13.600000000000001,
      "shotWeight": 49,
      "waterPumped": 47.5,
      "targetTemperature": 10,
      "targetPumpFlow": 3,
      "targetPressure": 0
    },
    {
      "timeInShot": 26600,
      "pressure": 0.1,
      "pumpFlow": 2.9000000000000004,
      "weightFlow": 3,
      "temperature": 13.600000000000001,
      "shotWeight": 49.6,
      "waterPumped": 48.2,
      "targetTemperature": 10,
      "targetPumpFlow": 3,
      "targetPressure": 0
    },
    {
      "timeInShot": 26800,
      "pressure": 0.1,
      "pumpFlow": 3,
      "weightFlow": 3.1,
      "temperature": 13.600000000000001,
      "shotWeight": 50.6,
      "waterPumped": 49,
      "targetTemperature": 10,
      "targetPumpFlow": 3,
      "targetPressure": 0
    },
    {
      "timeInShot": 26900,
      "pressure": 0.2,
      "pumpFlow": 3,
      "weightFlow": 3.1,
      "temperature": 13.600000000000001,
      "shotWeight": 50.6,
      "waterPumped": 49,
      "targetTemperature": 10,
      "targetPumpFlow": 3,
      "targetPressure": 0
    },
    {
      "timeInShot": 27100,
      "pressure": 0.1,
      "pumpFlow": 3,
      "weightFlow": 3.1,
      "temperature": 13.600000000000001,
      "shotWeight": 51.300000000000004,
      "waterPumped": 49.7,
      "targetTemperature": 10,
      "targetPumpFlow": 3,
      "targetPressure": 0
    },
    {
      "timeInShot": 27200,
      "pressure": 0.2,
      "pumpFlow": 3,
      "weightFlow": 3.1,
      "temperature": 13.600000000000001,
      "shotWeight": 51.300000000000004,
      "waterPumped": 49.7,
      "targetTemperature": 10,
      "targetPumpFlow": 3,
      "targetPressure": 0
    },
    {
      "timeInShot": 27400,
      "pressure": 0.1,
      "pumpFlow": 2.9000000000000004,
      "weightFlow": 3.1,
      "temperature": 13.600000000000001,
      "shotWeight": 52.1,
      "waterPumped": 50.5,
      "targetTemperature": 10,
      "targetPumpFlow": 3,
      "targetPressure": 0
    },
    {
      "timeInShot": 27500,
      "pressure": 0.2,
      "pumpFlow": 3,
      "weightFlow": 3,
      "temperature": 13.600000000000001,
      "shotWeight": 52.7,
      "waterPumped": 51.2,
      "targetTemperature": 10,
      "targetPumpFlow": 3,
      "targetPressure": 0
    },
    {
      "timeInShot": 27700,
      "pressure": 0.1,
      "pumpFlow": 3,
      "weightFlow": 3,
      "temperature": 13.600000000000001,
      "shotWeight": 52.7,
      "waterPumped": 51.2,
      "targetTemperature": 10,
      "targetPumpFlow": 3,
      "targetPressure": 0
    },
    {
      "timeInShot": 27800,
      "pressure": 0,
      "pumpFlow": 3,
      "weightFlow": 3.2,
      "temperature": 13.600000000000001,
      "shotWeight": 54,
      "waterPumped": 52,
      "targetTemperature": 10,
      "targetPumpFlow": 3,
      "targetPressure": 0
    },
    {
      "timeInShot": 28000,
      "pressure": 0,
      "pumpFlow": 3,
      "weightFlow": 3.2,
      "temperature": 13.600000000000001,
      "shotWeight": 54,
      "waterPumped": 52,
      "targetTemperature": 10,
      "targetPumpFlow": 3,
      "targetPressure": 0
    },
    {
      "timeInShot": 28100,
      "pressure": 0.1,
      "pumpFlow": 2.9000000000000004,
      "weightFlow": 2.9000000000000004,
      "temperature": 13.600000000000001,
      "shotWeight": 53.800000000000004,
      "waterPumped": 52.7,
      "targetTemperature": 10,
      "targetPumpFlow": 3,
      "targetPressure": 0
    },
    {
      "timeInShot": 28300,
      "pressure": 0,
      "pumpFlow": 3,
      "weightFlow": 3.1,
      "temperature": 13.600000000000001,
      "shotWeight": 55,
      "waterPumped": 53.5,
      "targetTemperature": 10,
      "targetPumpFlow": 3,
      "targetPressure": 0
    },
    {
      "timeInShot": 28400,
      "pressure": 0.1,
      "pumpFlow": 3,
      "weightFlow": 3.1,
      "temperature": 13.600000000000001,
      "shotWeight": 55,
      "waterPumped": 53.5,
      "targetTemperature": 10,
      "targetPumpFlow": 3,
      "targetPressure": 0
    },
    {
      "timeInShot": 28600,
      "pressure": 0,
      "pumpFlow": 3,
      "weightFlow": 3.3000000000000003,
      "temperature": 13.600000000000001,
      "shotWeight": 56.1,
      "waterPumped": 54.2,
      "targetTemperature": 10,
      "targetPumpFlow": 3,
      "targetPressure": 0
    },
    {
      "timeInShot": 28700,
      "pressure": 0.1,
      "pumpFlow": 3,
      "weightFlow": 3.3000000000000003,
      "temperature": 13.600000000000001,
      "shotWeight": 56.1,
      "waterPumped": 54.2,
      "targetTemperature": 10,
      "targetPumpFlow": 3,
      "targetPressure": 0
    },
    {
      "timeInShot": 28900,
      "pressure": 0,
      "pumpFlow": 3.1,
      "weightFlow": 3.1,
      "temperature": 13.600000000000001,
      "shotWeight": 56.6,
      "waterPumped": 55,
      "targetTemperature": 10,
      "targetPumpFlow": 3,
      "targetPressure": 0
    },
    {
      "timeInShot": 29000,
      "pressure": 0,
      "pumpFlow": 3,
      "weightFlow": 3.1,
      "temperature": 13.600000000000001,
      "shotWeight": 57.400000000000006,
      "waterPumped": 55.7,
      "targetTemperature": 10,
      "targetPumpFlow": 3,
      "targetPressure": 0
    },
    {
      "timeInShot": 29200,
      "pressure": 0,
      "pumpFlow": 3,
      "weightFlow": 3.1,
      "temperature": 13.600000000000001,
      "shotWeight": 57.400000000000006,
      "waterPumped": 55.7,
      "targetTemperature": 10,
      "targetPumpFlow": 3,
      "targetPressure": 0
    },
    {
      "timeInShot": 29400,
      "pressure": 0.1,
      "pumpFlow": 3,
      "weightFlow": 3.2,
      "temperature": 13.600000000000001,
      "shotWeight": 58.400000000000006,
      "waterPumped": 56.5,
      "targetTemperature": 10,
      "targetPumpFlow": 3,
      "targetPressure": 0
    },
    {
      "timeInShot": 29500,
      "pressure": 0,
      "pumpFlow": 3,
      "weightFlow": 3.2,
      "temperature": 13.5,
      "shotWeight": 58.400000000000006,
      "waterPumped": 56.5,
      "targetTemperature": 10,
      "targetPumpFlow": 3,
      "targetPressure": 0
    },
    {
      "timeInShot": 29700,
      "pressure": 0.1,
      "pumpFlow": 2.9000000000000004,
      "weightFlow": 3.1,
      "temperature": 13.5,
      "shotWeight": 58.900000000000006,
      "waterPumped": 57.2,
      "targetTemperature": 10,
      "targetPumpFlow": 3,
      "targetPressure": 0
    },
    {
      "timeInShot": 29800,
      "pressure": 0,
      "pumpFlow": 3,
      "weightFlow": 3.3000000000000003,
      "temperature": 13.5,
      "shotWeight": 60.2,
      "waterPumped": 58,
      "targetTemperature": 10,
      "targetPumpFlow": 3,
      "targetPressure": 0
    }
  ],
  "profile": {
    "id": 14,
    "name": "Test_Flow (imported)",
    "phases": [
      {
        "target": {
          "start": 1,
          "end": 1,
          "curve": "INSTANT"
        },
        "stopConditions": {
          "time": 10000
        },
        "type": "FLOW",
        "skip": false
      },
      {
        "target": {
          "start": 2,
          "end": 2,
          "curve": "INSTANT"
        },
        "stopConditions": {
          "time": 10000
        },
        "type": "FLOW",
        "skip": false
      },
      {
        "target": {
          "start": 3,
          "end": 3,
          "curve": "INSTANT"
        },
        "stopConditions": {
          "time": 10000
        },
        "type": "FLOW",
        "skip": false
      }
    ],
    "globalStopConditions": {},
    "waterTemperature": 10,
    "recipe": {}
  }
}