{
  "id": 4,
  "duration": 347,
  "timestamp": 399,
  "datapoints": [
    {
      "timeInShot": 400,
      "pressure": 0,
      "pumpFlow": 4,
      "weightFlow": 3.2,
      "temperature": 85.30000000000001,
      "shotWeight": 0,
      "waterPumped": 1.7000000000000002,
      "targetTemperature": 85,
      "targetPumpFlow": 4,
      "targetPressure": 7
    },
    {
      "timeInShot": 500,
      "pressure": 0,
      "pumpFlow": 4,
      "weightFlow": 2.8000000000000003,
      "temperature": 85.9,
      "shotWeight": 0,
      "waterPumped": 1.7000000000000002,
      "targetTemperature": 85,
      "targetPumpFlow": 4,
      "targetPressure": 7
    },
    {
      "timeInShot": 700,
      "pressure": 0,
      "pumpFlow": 3.9000000000000004,
      "weightFlow": 2.3000000000000003,
      "temperature": 85,
      "shotWeight": 0,
      "waterPumped": 2.7,
      "targetTemperature": 85,
      "targetPumpFlow": 4,
      "targetPressure": 7
    },
    {
      "timeInShot": 800,
      "pressure": 0,
      "pumpFlow": 3.9000000000000004,
      "weightFlow": 2.3000000000000003,
      "temperature": 85.9,
      "shotWeight": 0,
      "waterPumped": 2.7,
      "targetTemperature": 85,
      "targetPumpFlow": 4,
      "targetPressure": 7
    },
    {
      "timeInShot": 1000,
      "pressure": 0,
      "pumpFlow": 4,
      "weightFlow": 2.1,
      "temperature": 85.9,
      "shotWeight": 0,
      "waterPumped": 3.7,
      "targetTemperature": 85,
      "targetPumpFlow": 4,
      "targetPressure": 7
    },
    {
      "timeInShot": 1100,
      "pressure": 0,
      "pumpFlow": 4,
      "weightFlow": 1.8,
      "temperature": 85,
      "shotWeight": 0,
      "waterPumped": 4.7,
      "targetTemperature": 85,
      "targetPumpFlow": 4,
      "targetPressure": 7
    },
    {
      "timeInShot": 1300,
      "pressure": 0,
      "pumpFlow": 4,
      "weightFlow": 1.8,
      "temperature": 85,
      "shotWeight": 0,
      "waterPumped": 4.7,
      "targetTemperature": 85,
      "targetPumpFlow": 4,
      "targetPressure": 7
    },
    {
      "timeInShot": 1400,
      "pressure": 0,
      "pumpFlow": 3.9000000000000004,
      "weightFlow": 1.7000000000000002,
      "temperature": 84.80000000000001,
      "shotWeight": 0,
      "waterPumped": 5.7,
      "targetTemperature": 85,
      "targetPumpFlow": 4,
      "targetPressure": 7
    },
    {
      "timeInShot": 1600,
      "pressure": 0,
      "pumpFlow": 3.9000000000000004,
      "weightFlow": 1.7000000000000002,
      "temperature": 85,
      "shotWeight": 0,
      "waterPumped": 5.7,
      "targetTemperature": 85,
      "targetPumpFlow": 4,
      "targetPressure": 7
    },
    {
      "timeInShot": 1700,
      "pressure": 0,
      "pumpFlow": 4,
      "weightFlow": 1.4000000000000001,
      "temperature": 85.9,
      "shotWeight": 0,
      "waterPumped": 6.7,
      "targetTemperature": 85,
      "targetPumpFlow": 4,
      "targetPressure": 7
    },
    {
      "timeInShot": 1900,
      "pressure": 0.1,
      "pumpFlow": 3.9000000000000004,
      "weightFlow": 1.2000000000000002,
      "temperature": 85,
      "shotWeight": 0,
      "waterPumped": 7.7,
      "targetTemperature": 85,
      "targetPumpFlow": 4,
      "targetPressure": 7
    },
    {
      "timeInShot": 2100,
      "pressure": 0.1,
      "pumpFlow": 3.9000000000000004,
      "weightFlow": 1.2000000000000002,
      "temperature": 84.80000000000001,
      "shotWeight": 0,
      "waterPumped": 7.7,
      "targetTemperature": 85,
      "targetPumpFlow": 4,
      "targetPressure": 7
    },
    {
      "timeInShot": 2200,
      "pressure": 0.1,
      "pumpFlow": 4,
      "weightFlow": 1,
      "temperature": 85,
      "shotWeight": 0,
      "waterPumped": 8.700000000000001,
      "targetTemperature": 85,
      "targetPumpFlow": 4,
      "targetPressure": 7
    },
    {
      "timeInShot": 2400,
      "pressure": 0.1,
      "pumpFlow": 4,
      "weightFlow": 1,
      "temperature": 85,
      "shotWeight": 0,
      "waterPumped": 8.700000000000001,
      "targetTemperature": 85,
      "targetPumpFlow": 4,
      "targetPressure": 7
    },
    {
      "timeInShot": 2500,
      "pressure": 0.1,
      "pumpFlow": 3.9000000000000004,
      "weightFlow": 0.8,
      "temperature": 84.80000000000001,
      "shotWeight": 0,
      "waterPumped": 9.700000000000001,
      "targetTemperature": 85,
      "targetPumpFlow": 4,
      "targetPressure": 7
    },
    {
      "timeInShot": 2700,
      "pressure": 0.1,
      "pumpFlow": 4.1000000000000005,
      "weightFlow": 0.7000000000000001,
      "temperature": 85,
      "shotWeight": 0,
      "waterPumped": 10.700000000000001,
      "targetTemperature": 85,
      "targetPumpFlow": 4,
      "targetPressure": 7
    },
    {
      "timeInShot": 2800,
      "pressure": 0.1,
      "pumpFlow": 4.1000000000000005,
      "weightFlow": 0.7000000000000001,
      "temperature": 84.80000000000001,
      "shotWeight": 0,
      "waterPumped": 10.700000000000001,
      "targetTemperature": 85,
      "targetPumpFlow": 4,
      "targetPressure": 7
    },
    {
      "timeInShot": 3000,
      "pressure": 0.1,
      "pumpFlow": 4,
      "weightFlow": 0.6000000000000001,
      "temperature": 85,
      "shotWeight": 0,
      "waterPumped": 11.700000000000001,
      "targetTemperature": 85,
      "targetPumpFlow": 4,
      "targetPressure": 7
    },
    {
      "timeInShot": 3100,
      "pressure": 0,
      "pumpFlow": 4,
      "weightFlow": 0.6000000000000001,
      "temperature": 85,
      "shotWeight": 0,
      "waterPumped": 11.700000000000001,
      "targetTemperature": 85,
      "targetPumpFlow": 4,
      "targetPressure": 7
    },
    {
      "timeInShot": 3300,
      "pressure": 0.1,
      "pumpFlow": 4.1000000000000005,
      "weightFlow": 0.5,
      "temperature": 84.80000000000001,
      "shotWeight": 0,
      "waterPumped": 12.700000000000001,
      "targetTemperature": 85,
      "targetPumpFlow": 4,
      "targetPressure": 7
    },
    {
      "timeInShot": 3400,
      "pressure": 0.2,
      "pumpFlow": 4,
      "weightFlow": 0.5,
      "temperature": 85,
      "shotWeight": 0,
      "waterPumped": 13.700000000000001,
      "targetTemperature": 85,
      "targetPumpFlow": 4,
      "targetPressure": 7
    },
    {
      "timeInShot": 3600,
      "pressure": 0.1,
      "pumpFlow": 4,
      "weightFlow": 0.5,
      "temperature": 85,
      "shotWeight": 0,
      "waterPumped": 13.700000000000001,
      "targetTemperature": 85,
      "targetPumpFlow": 4,
      "targetPressure": 7
    },
    {
      "timeInShot": 3700,
      "pressure": 0.1,
      "pumpFlow": 4.1000000000000005,
      "weightFlow": 0.4,
      "temperature": 85,
      "shotWeight": 0,
      "waterPumped": 14.700000000000001,
      "targetTemperature": 85,
      "targetPumpFlow": 4,
      "targetPressure": 7
    },
    {
      "timeInShot": 3900,
      "pressure": 0.2,
      "pumpFlow": 4.1000000000000005,
      "weightFlow": 0.4,
      "temperature": 85,
      "shotWeight": 0,
      "waterPumped": 14.700000000000001,
      "targetTemperature": 85,
      "targetPumpFlow": 4,
      "targetPressure": 7
    },
    {
      "timeInShot": 4000,
      "pressure": 0.1,
      "pumpFlow": 4,
      "weightFlow": 0.4,
      "temperature": 85.9,
      "shotWeight": 0,
      "waterPumped": 15.700000000000001,
      "targetTemperature": 85,
      "targetPumpFlow": 4,
      "targetPressure": 7
    },
    {
      "timeInShot": 4200,
      "pressure": 0.1,
      "pumpFlow": 3.9000000000000004,
      "weightFlow": 0.30000000000000004,
      "temperature": 85,
      "shotWeight": 0,
      "waterPumped": 16.7,
      "targetTemperature": 85,
      "targetPumpFlow": 4,
      "targetPressure": 7
    },
    {
      "timeInShot": 4300,
      "pressure": 0.1,
      "pumpFlow": 3.9000000000000004,
      "weightFlow": 0.30000000000000004,
      "temperature": 85,
      "shotWeight": 0,
      "waterPumped": 16.7,
      "targetTemperature": 85,
      "targetPumpFlow": 4,
      "targetPressure": 7
    },
    {
      "timeInShot": 4500,
      "pressure": 0.2,
      "pumpFlow": 4,
      "weightFlow": 0.30000000000000004,
      "temperature": 85,
      "shotWeight": 0,
      "waterPumped": 17.7,
      "targetTemperature": 85,
      "targetPumpFlow": 4,
      "targetPressure": 7
    },
    {
      "timeInShot": 4600,
      "pressure": 0.1,
      "pumpFlow": 4,
      "weightFlow": 0.30000000000000004,
      "temperature": 85.9,
      "shotWeight": 0,
      "waterPumped": 17.7,
      "targetTemperature": 85,
      "targetPumpFlow": 4,
      "targetPressure": 7
    },
    {
      "timeInShot": 4800,
      "pressure": 0,
      "pumpFlow": 3.9000000000000004,
      "weightFlow": 0.30000000000000004,
      "temperature": 85.9,
      "shotWeight": 0,
      "waterPumped": 18.7,
      "targetTemperature": 85,
      "targetPumpFlow": 4,
      "targetPressure": 7
    },
    {
      "timeInShot": 4900,
      "pressure": 0.1,
      "pumpFlow": 4,
      "weightFlow": 0.2,
      "temperature": 85.9,
      "shotWeight": 0,
      "waterPumped": 19.700000000000003,
      "targetTemperature": 85,
      "targetPumpFlow": 4,
      "targetPressure": 7
    },
    {
      "timeInShot": 5100,
      "pressure": 0.1,
      "pumpFlow": 4,
      "weightFlow": 0.2,
      "temperature": 85.9,
      "shotWeight": 0,
      "waterPumped": 19.700000000000003,
      "targetTemperature": 85,
      "targetPumpFlow": 4,
      "targetPressure": 7
    },
    {
      "timeInShot": 5200,
      "pressure": 0.2,
      "pumpFlow": 3.9000000000000004,
      "weightFlow": 0.2,
      "temperature": 85.9,
      "shotWeight": 0,
      "waterPumped": 20.700000000000003,
      "targetTemperature": 85,
      "targetPumpFlow": 4,
      "targetPressure": 7
    },
    {
      "timeInShot": 5400,
      "pressure": 0.1,
      "pumpFlow": 3.9000000000000004,
      "weightFlow": 0.2,
      "temperature": 85.9,
      "shotWeight": 0,
      "waterPumped": 20.700000000000003,
      "targetTemperature": 85,
      "targetPumpFlow": 4,
      "targetPressure": 7
    },
    {
      "timeInShot": 5500,
      "pressure": 0.1,
      "pumpFlow": 4,
      "weightFlow": 0.2,
      "temperature": 85.9,
      "shotWeight": 0,
      "waterPumped": 21.700000000000003,
      "targetTemperature": 85,
      "targetPumpFlow": 4,
      "targetPressure": 7
    },
    {
      "timeInShot": 5700,
      "pressure": 0.30000000000000004,
      "pumpFlow": 3.9000000000000004,
      "weightFlow": 0.2,
      "temperature": 85.9,
      "shotWeight": 0,
      "waterPumped": 22.700000000000003,
      "targetTemperature": 85,
      "targetPumpFlow": 4,
      "targetPressure": 7
    },
    {
      "timeInShot": 5800,
      "pressure": 0.2,
      "pumpFlow": 3.9000000000000004,
      "weightFlow": 0.2,
      "temperature": 85.9,
      "shotWeight": 0,
      "waterPumped": 22.700000000000003,
      "targetTemperature": 85,
      "targetPumpFlow": 4,
      "targetPressure": 7
    },
    {
      "timeInShot": 6000,
      "pressure": 0.2,
      "pumpFlow": 4,
      "weightFlow": 0.2,
      "temperature": 85.9,
      "shotWeight": 0,
      "waterPumped": 23.700000000000003,
      "targetTemperature": 85,
      "targetPumpFlow": 4,
      "targetPressure": 7
    },
    {
      "timeInShot": 6100,
      "pressure": 0.2,
      "pumpFlow": 4,
      "weightFlow": 0.2,
      "temperature": 85.9,
      "shotWeight": 0,
      "waterPumped": 23.700000000000003,
      "targetTemperature": 85,
      "targetPumpFlow": 4,
      "targetPressure": 7
    },
    {
      "timeInShot": 6300,
      "pressure": 0.30000000000000004,
      "pumpFlow": 4.1000000000000005,
      "weightFlow": 0.2,
      "temperature": 85.9,
      "shotWeight": 0,
      "waterPumped": 24.8,
      "targetTemperature": 85,
      "targetPumpFlow": 4,
      "targetPressure": 7
    },
    {
      "timeInShot": 6500,
      "pressure": 0.30000000000000004,
      "pumpFlow": 4,
      "weightFlow": 0.2,
      "temperature": 85.9,
      "shotWeight": 0,
      "waterPumped": 25.8,
      "targetTemperature": 85,
      "targetPumpFlow": 4,
      "targetPressure": 7
    },
    {
      "timeInShot": 6600,
      "pressure": 0.2,
      "pumpFlow": 4,
      "weightFlow": 0.2,
      "temperature": 85.9,
      "shotWeight": 0,
      "waterPumped": 25.8,
      "targetTemperature": 85,
      "targetPumpFlow": 4,
      "targetPressure": 7
    },
    {
      "timeInShot": 6800,
      "pressure": 0.5,
      "pumpFlow": 4.1000000000000005,
      "weightFlow": 0.2,
      "temperature": 85.9,
      "shotWeight": 0,
      "waterPumped": 26.8,
      "targetTemperature": 85,
      "targetPumpFlow": 4,
      "targetPressure": 7
    },
    {
      "timeInShot": 6900,
      "pressure": 0.4,
      "pumpFlow": 4.1000000000000005,
      "weightFlow": 0.2,
      "temperature": 85.9,
      "shotWeight": 0,
      "waterPumped": 26.8,
      "targetTemperature": 85,
      "targetPumpFlow": 4,
      "targetPressure": 7
    },
    {
      "timeInShot": 7100,
      "pressure": 0.4,
      "pumpFlow": 3.9000000000000004,
      "weightFlow": 0.2,
      "temperature": 85.9,
      "shotWeight": 0,
      "waterPumped": 27.8,
      "targetTemperature": 85,
      "targetPumpFlow": 4,
      "targetPressure": 7
    },
    {
      "timeInShot": 7200,
      "pressure": 0.4,
      "pumpFlow": 4,
      "weightFlow": 0.2,
      "temperature": 85.9,
      "shotWeight": 0,
      "waterPumped": 28.8,
      "targetTemperature": 85,
      "targetPumpFlow": 4,
      "targetPressure": 7
    },
    {
      "timeInShot": 7400,
      "pressure": 0.5,
      "pumpFlow": 4,
      "weightFlow": 0.2,
      "temperature": 85.9,
      "shotWeight": 0,
      "waterPumped": 28.8,
      "targetTemperature": 85,
      "targetPumpFlow": 4,
      "targetPressure": 7
    },
    {
      "timeInShot": 7500,
      "pressure": 0.4,
      "pumpFlow": 3.9000000000000004,
      "weightFlow": 0.2,
      "temperature": 85.9,
      "shotWeight": 0,
      "waterPumped": 29.700000000000003,
      "targetTemperature": 85,
      "targetPumpFlow": 4,
      "targetPressure": 7
    },
    {
      "timeInShot": 7700,
      "pressure": 0.5,
      "pumpFlow": 4,
      "weightFlow": 0.2,
      "temperature": 85.9,
      "shotWeight": 0,
      "waterPumped": 30.700000000000003,
      "targetTemperature": 85,
      "targetPumpFlow": 4,
      "targetPressure": 7
    },
    {
      "timeInShot": 7800,
      "pressure": 0.4,
      "pumpFlow": 4,
      "weightFlow": 0.2,
      "temperature": 85.9,
      "shotWeight": 0,
      "waterPumped": 30.700000000000003,
      "targetTemperature": 85,
      "targetPumpFlow": 4,
      "targetPressure": 7
    },
    {
      "timeInShot": 8000,
      "pressure": 0.6000000000000001,
      "pumpFlow": 4,
      "weightFlow": 0.2,
      "temperature": 85.9,
      "shotWeight": 0,
      "waterPumped": 31.8,
      "targetTemperature": 85,
      "targetPumpFlow": 4,
      "targetPressure": 7
    },
    {
      "timeInShot": 8100,
      "pressure": 0.7000000000000001,
      "pumpFlow": 4,
      "weightFlow": 0.2,
      "temperature": 85.9,
      "shotWeight": 0,
      "waterPumped": 31.8,
      "targetTemperature": 85,
      "targetPumpFlow": 4,
      "targetPressure": 7
    },
    {
      "timeInShot": 8300,
      "pressure": 0.6000000000000001,
      "pumpFlow": 4,
      "weightFlow": 0.2,
      "temperature": 85.9,
      "shotWeight": 0,
      "waterPumped": 32.800000000000004,
      "targetTemperature": 85,
      "targetPumpFlow": 4,
      "targetPressure": 7
    },
    {
      "timeInShot": 8400,
      "pressure": 0.7000000000000001,
      "pumpFlow": 4,
      "weightFlow": 0.2,
      "temperature": 85.9,
      "shotWeight": 0,
      "waterPumped": 33.800000000000004,
      "targetTemperature": 85,
      "targetPumpFlow": 4,
      "targetPressure": 7
    },
    {
      "timeInShot": 8600,
      "pressure": 0.6000000000000001,
      "pumpFlow": 4,
      "weightFlow": 0.2,
      "temperature": 85.9,
      "shotWeight": 0,
      "waterPumped": 33.800000000000004,
      "targetTemperature": 85,
      "targetPumpFlow": 4,
      "targetPressure": 7
    },
    {
      "timeInShot": 8700,
      "pressure": 0.7000000000000001,
      "pumpFlow": 3.9000000000000004,
      "weightFlow": 0.2,
      "temperature": 85.9,
      "shotWeight": 0,
      "waterPumped": 34.800000000000004,
      "targetTemperature": 85,
      "targetPumpFlow": 4,
      "targetPressure": 7
    },
    {
      "timeInShot": 8900,
      "pressure": 0.7000000000000001,
      "pumpFlow": 3.9000000000000004,
      "weightFlow": 0.2,
      "temperature": 0,
      "shotWeight": 0,
      "waterPumped": 34.800000000000004,
      "targetTemperature": 85,
      "targetPumpFlow": 4,
      "targetPressure": 7
    },
    {
      "timeInShot": 9000,
      "pressure": 1.2000000000000002,
      "pumpFlow": 3.9000000000000004,
      "weightFlow": 0.2,
      "temperature": 85.9,
      "shotWeight": 0,
      "waterPumped": 35.800000000000004,
      "targetTemperature": 85,
      "targetPumpFlow": 4,
      "targetPressure": 7
    },
    {
      "timeInShot": 9200,
      "pressure": 0.8,
      "pumpFlow": 4,
      "weightFlow": 0.2,
      "temperature": 86,
      "shotWeight": 0,
      "waterPumped": 36.800000000000004,
      "targetTemperature": 85,
      "targetPumpFlow": 4,
      "targetPressure": 7
    },
    {
      "timeInShot": 9300,
      "pressure": 1.2000000000000002,
      "pumpFlow": 4,
      "weightFlow": 0.2,
      "temperature": 86,
      "shotWeight": 0,
      "waterPumped": 36.800000000000004,
      "targetTemperature": 85,
      "targetPumpFlow": 4,
      "targetPressure": 7
    },
    {
      "timeInShot": 9500,
      "pressure": 1.2000000000000002,
      "pumpFlow": 4,
      "weightFlow": 0.2,
      "temperature": 86,
      "shotWeight": 0,
      "waterPumped": 37.800000000000004,
      "targetTemperature": 85,
      "targetPumpFlow": 4,
      "targetPressure": 7
    },
    {
      "timeInShot": 9600,
      "pressure": 1.2000000000000002,
      "pumpFlow": 4,
      "weightFlow": 0.2,
      "temperature": 86,
      "shotWeight": 0,
      "waterPumped": 37.800000000000004,
      "targetTemperature": 85,
      "targetPumpFlow": 4,
      "targetPressure": 7
    },
    {
      "timeInShot": 9800,
      "pressure": 1.3,
      "pumpFlow": 4,
      "weightFlow": 0.2,
      "temperature": 86,
      "shotWeight": 0,
      "waterPumped": 38.800000000000004,
      "targetTemperature": 85,
      "targetPumpFlow": 4,
      "targetPressure": 7
    },
    {
      "timeInShot": 9900,
      "pressure": 1.5,
      "pumpFlow": 3.9000000000000004,
      "weightFlow": 0.2,
      "temperature": 86,
      "shotWeight": 0,
      "waterPumped": 39.800000000000004,
      "targetTemperature": 85,
      "targetPumpFlow": 4,
      "targetPressure": 7
    },
    {
      "timeInShot": 10100,
      "pressure": 1.6,
      "pumpFlow": 3.9000000000000004,
      "weightFlow": 0.2,
      "temperature": 86,
      "shotWeight": 0,
      "waterPumped": 39.800000000000004,
      "targetTemperature": 85,
      "targetPumpFlow": 4,
      "targetPressure": 7
    },
    {
      "timeInShot": 10200,
      "pressure": 2,
      "pumpFlow": 4,
      "weightFlow": 0.2,
      "temperature": 86,
      "shotWeight": 0,
      "waterPumped": 40.800000000000004,
      "targetTemperature": 85,
      "targetPumpFlow": 4,
      "targetPressure": 7
    },
    {
      "timeInShot": 10400,
      "pressure": 2.1,
      "pumpFlow": 4,
      "weightFlow": 0.2,
      "temperature": 86,
      "shotWeight": 0,
      "waterPumped": 40.800000000000004,
      "targetTemperature": 85,
      "targetPumpFlow": 4,
      "targetPressure": 7
    },
    {
      "timeInShot": 10500,
      "pressure": 2.8000000000000003,
      "pumpFlow": 4,
      "weightFlow": 0.2,
      "temperature": 86,
      "shotWeight": 0,
      "waterPumped": 41.800000000000004,
      "targetTemperature": 85,
      "targetPumpFlow": 4,
      "targetPressure": 7
    },
    {
      "timeInShot": 10700,
      "pressure": 2.8000000000000003,
      "pumpFlow": 4,
      "weightFlow": 0.2,
      "temperature": 86,
      "shotWeight": 0,
      "waterPumped": 42.800000000000004,
      "targetTemperature": 85,
      "targetPumpFlow": 4,
      "targetPressure": 7
    },
    {
      "timeInShot": 10900,
      "pressure": 3,
      "pumpFlow": 4,
      "weightFlow": 0.2,
      "temperature": 86,
      "shotWeight": 0,
      "waterPumped": 42.800000000000004,
      "targetTemperature": 85,
      "targetPumpFlow": 4,
      "targetPressure": 7
    },
    {
      "timeInShot": 11000,
      "pressure": 3.6,
      "pumpFlow": 3.9000000000000004,
      "weightFlow": 0.2,
      "temperature": 86,
      "shotWeight": 0,
      "waterPumped": 43.800000000000004,
      "targetTemperature": 85,
      "targetPumpFlow": 4,
      "targetPressure": 7
    },
    {
      "timeInShot": 11200,
      "pressure": 4.6000000000000005,
      "pumpFlow": 3.9000000000000004,
      "weightFlow": 0.2,
      "temperature": 86,
      "shotWeight": 0,
      "waterPumped": 43.800000000000004,
      "targetTemperature": 85,
      "targetPumpFlow": 4,
      "targetPressure": 7
    },
    {
      "timeInShot": 11300,
      "pressure": 6.1000000000000005,
      "pumpFlow": 3.9000000000000004,
      "weightFlow": 0.2,
      "temperature": 86,
      "shotWeight": 0,
      "waterPumped": 44.7,
      "targetTemperature": 85,
      "targetPumpFlow": 4,
      "targetPressure": 7
    },
    {
      "timeInShot": 11500,
      "pressure": 7.2,
      "pumpFlow": 3.7,
      "weightFlow": 0.2,
      "temperature": 86,
      "shotWeight": 0,
      "waterPumped": 45.7,
      "targetTemperature": 85,
      "targetPumpFlow": 0,
      "targetPressure": 0
    },
    {
      "timeInShot": 11600,
      "pressure": 7.1000000000000005,
      "pumpFlow": 3.7,
      "weightFlow": 0.2,
      "temperature": 86,
      "shotWeight": 0,
      "waterPumped": 45.7,
      "targetTemperature": 85,
      "targetPumpFlow": 0,
      "targetPressure": 0
    },
    {
      "timeInShot": 11800,
      "pressure": 6.7,
      "pumpFlow": 3.4000000000000004,
      "weightFlow": 0.2,
      "temperature": 86,
      "shotWeight": 0,
      "waterPumped": 46.5,
      "targetTemperature": 85,
      "targetPumpFlow": 0,
      "targetPressure": 0
    },
    {
      "timeInShot": 11900,
      "pressure": 6.1000000000000005,
      "pumpFlow": 3.4000000000000004,
      "weightFlow": 0.2,
      "temperature": 86,
      "shotWeight": 0,
      "waterPumped": 46.5,
      "targetTemperature": 85,
      "targetPumpFlow": 0,
      "targetPressure": 0
    },
    {
      "timeInShot": 12100,
      "pressure": 5.6000000000000005,
      "pumpFlow": 2,
      "weightFlow": 0.2,
      "temperature": 86,
      "shotWeight": 0,
      "waterPumped": 47,
      "targetTemperature": 85,
      "targetPumpFlow": 0,
      "targetPressure": 0
    },
    {
      "timeInShot": 12200,
      "pressure": 5.2,
      "pumpFlow": 1.1,
      "weightFlow": 0.2,
      "temperature": 86,
      "shotWeight": 0.30000000000000004,
      "waterPumped": 47.300000000000004,
      "targetTemperature": 85,
      "targetPumpFlow": 0,
      "targetPressure": 0
    },
    {
      "timeInShot": 12400,
      "pressure": 4.9,
      "pumpFlow": 1.1,
      "weightFlow": 0.2,
      "temperature": 86,
      "shotWeight": 0.30000000000000004,
      "waterPumped": 47.300000000000004,
      "targetTemperature": 85,
      "targetPumpFlow": 0,
      "targetPressure": 0
    },
    {
      "timeInShot": 12500,
      "pressure": 4.6000000000000005,
      "pumpFlow": 0.6000000000000001,
      "weightFlow": 0.30000000000000004,
      "temperature": 86,
      "shotWeight": 0.6000000000000001,
      "waterPumped": 47.5,
      "targetTemperature": 85,
      "targetPumpFlow": 0,
      "targetPressure": 0
    },
    {
      "timeInShot": 12700,
      "pressure": 4.3,
      "pumpFlow": 0.6000000000000001,
      "weightFlow": 0.30000000000000004,
      "temperature": 86,
      "shotWeight": 0.6000000000000001,
      "waterPumped": 47.5,
      "targetTemperature": 85,
      "targetPumpFlow": 0,
      "targetPressure": 0
    },
    {
      "timeInShot": 12800,
      "pressure": 4,
      "pumpFlow": 0.30000000000000004,
      "weightFlow": 0.30000000000000004,
      "temperature": 86,
      "shotWeight": 0.7000000000000001,
      "waterPumped": 47.6,
      "targetTemperature": 85,
      "targetPumpFlow": 0,
      "targetPressure": 0
    },
    {
      "timeInShot": 13000,
      "pressure": 3.8000000000000003,
      "pumpFlow": 0.5,
      "weightFlow": 0.30000000000000004,
      "temperature": 86,
      "shotWeight": 1.2000000000000002,
      "waterPumped": 47.7,
      "targetTemperature": 85,
      "targetPumpFlow": 0,
      "targetPressure": 0
    },
    {
      "timeInShot": 13100,
      "pressure": 3.6,
      "pumpFlow": 0.5,
      "weightFlow": 0.30000000000000004,
      "temperature": 86,
      "shotWeight": 1.2000000000000002,
      "waterPumped": 47.7,
      "targetTemperature": 85,
      "targetPumpFlow": 0,
      "targetPressure": 0
    },
    {
      "timeInShot": 13300,
      "pressure": 3.4000000000000004,
      "pumpFlow": 0.30000000000000004,
      "weightFlow": 0.4,
      "temperature": 86,
      "shotWeight": 1.3,
      "waterPumped": 47.800000000000004,
      "targetTemperature": 85,
      "targetPumpFlow": 0,
      "targetPressure": 0
    },
    {
      "timeInShot": 13400,
      "pressure": 3.2,
      "pumpFlow": 0.30000000000000004,
      "weightFlow": 0.4,
      "temperature": 86,
      "shotWeight": 1.3,
      "waterPumped": 47.800000000000004,
      "targetTemperature": 85,
      "targetPumpFlow": 0,
      "targetPressure": 0
    },
    {
      "timeInShot": 13600,
      "pressure": 3,
      "pumpFlow": 0.1,
      "weightFlow": 0.4,
      "temperature": 86,
      "shotWeight": 1.5,
      "waterPumped": 47.800000000000004,
      "targetTemperature": 85,
      "targetPumpFlow": 0,
      "targetPressure": 0
    },
    {
      "timeInShot": 13700,
      "pressure": 2.9000000000000004,
      "pumpFlow": 0.1,
      "weightFlow": 0.4,
      "temperature": 86,
      "shotWeight": 1.7000000000000002,
      "waterPumped": 47.800000000000004,
      "targetTemperature": 85,
      "targetPumpFlow": 0,
      "targetPressure": 0
    },
    {
      "timeInShot": 13900,
      "pressure": 2.7,
      "pumpFlow": 0.1,
      "weightFlow": 0.4,
      "temperature": 86,
      "shotWeight": 1.7000000000000002,
      "waterPumped": 47.800000000000004,
      "targetTemperature": 85,
      "targetPumpFlow": 0,
      "targetPressure": 0
    },
    {
      "timeInShot": 14000,
      "pressure": 2.6,
      "pumpFlow": 0.1,
      "weightFlow": 0.4,
      "temperature": 86,
      "shotWeight": 1.9000000000000001,
      "waterPumped": 47.800000000000004,
      "targetTemperature": 85,
      "targetPumpFlow": 0,
      "targetPressure": 0
    },
    {
      "timeInShot": 14200,
      "pressure": 2.5,
      "pumpFlow": 0.1,
      "weightFlow": 0.4,
      "temperature": 86,
      "shotWeight": 1.9000000000000001,
      "waterPumped": 47.800000000000004,
      "targetTemperature": 85,
      "targetPumpFlow": 0,
      "targetPressure": 0
    },
    {
      "timeInShot": 14300,
      "pressure": 2.4000000000000004,
      "pumpFlow": 0.1,
      "weightFlow": 0.4,
      "temperature": 86,
      "shotWeight": 2.1,
      "waterPumped": 47.800000000000004,
      "targetTemperature": 85,
      "targetPumpFlow": 0,
      "targetPressure": 0
    },
    {
      "timeInShot": 14500,
      "pressure": 2.3000000000000003,
      "pumpFlow": 0.1,
      "weightFlow": 0.4,
      "temperature": 86,
      "shotWeight": 2.3000000000000003,
      "waterPumped": 47.900000000000006,
      "targetTemperature": 85,
      "targetPumpFlow": 0,
      "targetPressure": 0
    },
    {
      "timeInShot": 14600,
      "pressure": 2.2,
      "pumpFlow": 0.1,
      "weightFlow": 0.4,
      "temperature": 86,
      "shotWeight": 2.3000000000000003,
      "waterPumped": 47.900000000000006,
      "targetTemperature": 85,
      "targetPumpFlow": 0,
      "targetPressure": 0
    },
    {
      "timeInShot": 14800,
      "pressure": 2.1,
      "pumpFlow": 0,
      "weightFlow": 0.4,
      "temperature": 86,
      "shotWeight": 2.4000000000000004,
      "waterPumped": 47.900000000000006,
      "targetTemperature": 85,
      "targetPumpFlow": 0,
      "targetPressure": 0
    },
    {
      "timeInShot": 14900,
      "pressure": 2.1,
      "pumpFlow": 0,
      "weightFlow": 0.4,
      "temperature": 86,
      "shotWeight": 2.4000000000000004,
      "waterPumped": 47.900000000000006,
      "targetTemperature": 85,
      "targetPumpFlow": 0,
      "targetPressure": 0
    },
    {
      "timeInShot": 15100,
      "pressure": 2,
      "pumpFlow": 0,
      "weightFlow": 0.5,
      "temperature": 86,
      "shotWeight": 2.9000000000000004,
      "waterPumped": 47.900000000000006,
      "targetTemperature": 85,
      "targetPumpFlow": 0,
      "targetPressure": 0
    },
    {
      "timeInShot": 15200,
      "pressure": 1.9000000000000001,
      "pumpFlow": 0,
      "weightFlow": 0.5,
      "temperature": 86,
      "shotWeight": 3.1,
      "waterPumped": 47.900000000000006,
      "targetTemperature": 85,
      "targetPumpFlow": 0,
      "targetPressure": 0
    },
    {
      "timeInShot": 15400,
      "pressure": 1.9000000000000001,
      "pumpFlow": 0,
      "weightFlow": 0.5,
      "temperature": 86,
      "shotWeight": 3.1,
      "waterPumped": 47.900000000000006,
      "targetTemperature": 85,
      "targetPumpFlow": 0,
      "targetPressure": 0
    },
    {
      "timeInShot": 15600,
      "pressure": 1.8,
      "pumpFlow": 0,
      "weightFlow": 0.5,
      "temperature": 86,
      "shotWeight": 3.3000000000000003,
      "waterPumped": 47.900000000000006,
      "targetTemperature": 85,
      "targetPumpFlow": 0,
      "targetPressure": 0
    },
    {
      "timeInShot": 15700,
      "pressure": 1.8,
      "pumpFlow": 0,
      "weightFlow": 0.5,
      "temperature": 86,
      "shotWeight": 3.3000000000000003,
      "waterPumped": 47.900000000000006,
      "targetTemperature": 85,
      "targetPumpFlow": 0,
      "targetPressure": 0
    },
    {
      "timeInShot": 15900,
      "pressure": 1.7000000000000002,
      "pumpFlow": 0,
      "weightFlow": 0.5,
      "temperature": 86,
      "shotWeight": 3.4000000000000004,
      "waterPumped": 47.900000000000006,
      "targetTemperature": 85,
      "targetPumpFlow": 0,
      "targetPressure": 0
    },
    {
      "timeInShot": 16000,
      "pressure": 1.7000000000000002,
      "pumpFlow": 0,
      "weightFlow": 0.5,
      "temperature": 86,
      "shotWeight": 3.5,
      "waterPumped": 47.900000000000006,
      "targetTemperature": 85,
      "targetPumpFlow": 0,
      "targetPressure": 0
    },
    {
      "timeInShot": 16200,
      "pressure": 1.7000000000000002,
      "pumpFlow": 0,
      "weightFlow": 0.5,
      "temperature": 86,
      "shotWeight": 3.5,
      "waterPumped": 47.900000000000006,
      "targetTemperature": 85,
      "targetPumpFlow": 0,
      "targetPressure": 0
    },
    {
      "timeInShot": 16300,
      "pressure": 1.6,
      "pumpFlow": 0,
      "weightFlow": 0.6000000000000001,
      "temperature": 86,
      "shotWeight": 3.9000000000000004,
      "waterPumped": 47.900000000000006,
      "targetTemperature": 85,
      "targetPumpFlow": 0,
      "targetPressure": 0
    },
    {
      "timeInShot": 16500,
      "pressure": 1.6,
      "pumpFlow": 0,
      "weightFlow": 0.6000000000000001,
      "temperature": 86,
      "shotWeight": 3.9000000000000004,
      "waterPumped": 47.900000000000006,
      "targetTemperature": 85,
      "targetPumpFlow": 0,
      "targetPressure": 0
    },
    {
      "timeInShot": 16600,
      "pressure": 1.6,
      "pumpFlow": 0,
      "weightFlow": 0.6000000000000001,
      "temperature": 86,
      "shotWeight": 3.9000000000000004,
      "waterPumped": 47.900000000000006,
      "targetTemperature": 85,
      "targetPumpFlow": 0,
      "targetPressure": 0
    },
    {
      "timeInShot": 16800,
      "pressure": 1.5,
      "pumpFlow": 0,
      "weightFlow": 0.6000000000000001,
      "temperature": 86,
      "shotWeight": 4.1000000000000005,
      "waterPumped": 47.900000000000006,
      "targetTemperature": 85,
      "targetPumpFlow": 0,
      "targetPressure": 0
    },
    {
      "timeInShot": 16900,
      "pressure": 1.5,
      "pumpFlow": 0,
      "weightFlow": 0.6000000000000001,
      "temperature": 86,
      "shotWeight": 4.1000000000000005,
      "waterPumped": 47.900000000000006,
      "targetTemperature": 85,
      "targetPumpFlow": 0,
      "targetPressure": 0
    },
    {
      "timeInShot": 17100,
      "pressure": 1.5,
      "pumpFlow": 0,
      "weightFlow": 0.6000000000000001,
      "temperature": 86,
      "shotWeight": 4.2,
      "waterPumped": 47.900000000000006,
      "targetTemperature": 85,
      "targetPumpFlow": 0,
      "targetPressure": 0
    },
    {
      "timeInShot": 17200,
      "pressure": 1.5,
      "pumpFlow": 0,
      "weightFlow": 0.6000000000000001,
      "temperature": 86,
      "shotWeight": 4.3,
      "waterPumped": 47.900000000000006,
      "targetTemperature": 85,
      "targetPumpFlow": 0,
      "targetPressure": 0
    },
    {
      "timeInShot": 17400,
      "pressure": 1.5,
      "pumpFlow": 0,
      "weightFlow": 0.6000000000000001,
      "temperature": 86,
      "shotWeight": 4.3,
      "waterPumped": 47.900000000000006,
      "targetTemperature": 85,
      "targetPumpFlow": 0,
      "targetPressure": 0
    },
    {
      "timeInShot": 17500,
      "pressure": 1.4000000000000001,
      "pumpFlow": 0,
      "weightFlow": 0.6000000000000001,
      "temperature": 86,
      "shotWeight": 4.5,
      "waterPumped": 47.900000000000006,
      "targetTemperature": 85,
      "targetPumpFlow": 0,
      "targetPressure": 0
    },
    {
      "timeInShot": 17700,
      "pressure": 1.4000000000000001,
      "pumpFlow": 0,
      "weightFlow": 0.6000000000000001,
      "temperature": 86,
      "shotWeight": 4.5,
      "waterPumped": 47.900000000000006,
      "targetTemperature": 85,
      "targetPumpFlow": 0,
      "targetPressure": 0
    },
    {
      "timeInShot": 17800,
      "pressure": 1.4000000000000001,
      "pumpFlow": 0,
      "weightFlow": 0.6000000000000001,
      "temperature": 86,
      "shotWeight": 4.7,
      "waterPumped": 48,
      "targetTemperature": 85,
      "targetPumpFlow": 0,
      "targetPressure": 0
    },
    {
      "timeInShot": 18000,
      "pressure": 1.4000000000000001,
      "pumpFlow": 0,
      "weightFlow": 0.6000000000000001,
      "temperature": 86,
      "shotWeight": 4.800000000000001,
      "waterPumped": 48,
      "targetTemperature": 85,
      "targetPumpFlow": 0,
      "targetPressure": 0
    },
    {
      "timeInShot": 18100,
      "pressure": 1.4000000000000001,
      "pumpFlow": 0,
      "weightFlow": 0.6000000000000001,
      "temperature": 86,
      "shotWeight": 4.800000000000001,
      "waterPumped": 48,
      "targetTemperature": 85,
      "targetPumpFlow": 0,
      "targetPressure": 0
    },
    {
      "timeInShot": 18300,
      "pressure": 1.3,
      "pumpFlow": 0,
      "weightFlow": 0.6000000000000001,
      "temperature": 86,
      "shotWeight": 4.800000000000001,
      "waterPumped": 48,
      "targetTemperature": 85,
      "targetPumpFlow": 0,
      "targetPressure": 0
    },
    {
      "timeInShot": 18400,
      "pressure": 1.3,
      "pumpFlow": 0,
      "weightFlow": 0.6000000000000001,
      "temperature": 86,
      "shotWeight": 4.800000000000001,
      "waterPumped": 48,
      "targetTemperature": 85,
      "targetPumpFlow": 0,
      "targetPressure": 0
    },
    {
      "timeInShot": 18600,
      "pressure": 1.3,
      "pumpFlow": 0,
      "weightFlow": 0.6000000000000001,
      "temperature": 86,
      "shotWeight": 4.9,
      "waterPumped": 48,
      "targetTemperature": 85,
      "targetPumpFlow": 0,
      "targetPressure": 0
    },
    {
      "timeInShot": 18700,
      "pressure": 1.3,
      "pumpFlow": 0,
      "weightFlow": 0.6000000000000001,
      "temperature": 86,
      "shotWeight": 5,
      "waterPumped": 48,
      "targetTemperature": 85,
      "targetPumpFlow": 0,
      "targetPressure": 0
    },
    {
      "timeInShot": 18900,
      "pressure": 1.3,
      "pumpFlow": 0,
      "weightFlow": 0.6000000000000001,
      "temperature": 86,
      "shotWeight": 5,
      "waterPumped": 48,
      "targetTemperature": 85,
      "targetPumpFlow": 0,
      "targetPressure": 0
    },
    {
      "timeInShot": 19000,
      "pressure": 1.3,
      "pumpFlow": 0,
      "weightFlow": 0.6000000000000001,
      "temperature": 86,
      "shotWeight": 5.1000000000000005,
      "waterPumped": 48,
      "targetTemperature": 85,
      "targetPumpFlow": 0.1,
      "targetPressure": 0
    },
    {
      "timeInShot": 19200,
      "pressure": 1.3,
      "pumpFlow": 0,
      "weightFlow": 0.6000000000000001,
      "temperature": 86,
      "shotWeight": 5.1000000000000005,
      "waterPumped": 48,
      "targetTemperature": 85,
      "targetPumpFlow": 0.2,
      "targetPressure": 0
    },
    {
      "timeInShot": 19300,
      "pressure": 1.3,
      "pumpFlow": 0,
      "weightFlow": 0.6000000000000001,
      "temperature": 86,
      "shotWeight": 5.2,
      "waterPumped": 48,
      "targetTemperature": 85,
      "targetPumpFlow": 0.30000000000000004,
      "targetPressure": 0
    },
    {
      "timeInShot": 19500,
      "pressure": 1.3,
      "pumpFlow": 0,
      "weightFlow": 0.6000000000000001,
      "temperature": 86,
      "shotWeight": 5.4,
      "waterPumped": 48,
      "targetTemperature": 85,
      "targetPumpFlow": 0.4,
      "targetPressure": 0
    },
    {
      "timeInShot": 19600,
      "pressure": 1.3,
      "pumpFlow": 0,
      "weightFlow": 0.6000000000000001,
      "temperature": 86,
      "shotWeight": 5.4,
      "waterPumped": 48,
      "targetTemperature": 85,
      "targetPumpFlow": 0.4,
      "targetPressure": 0
    },
    {
      "timeInShot": 19800,
      "pressure": 1.3,
      "pumpFlow": 0,
      "weightFlow": 0.6000000000000001,
      "temperature": 86,
      "shotWeight": 5.4,
      "waterPumped": 48,
      "targetTemperature": 85,
      "targetPumpFlow": 0.5,
      "targetPressure": 0
    },
    {
      "timeInShot": 19900,
      "pressure": 1.3,
      "pumpFlow": 0,
      "weightFlow": 0.6000000000000001,
      "temperature": 86,
      "shotWeight": 5.4,
      "waterPumped": 48,
      "targetTemperature": 85,
      "targetPumpFlow": 0.6000000000000001,
      "targetPressure": 0
    },
    {
      "timeInShot": 20100,
      "pressure": 1.3,
      "pumpFlow": 0.1,
      "weightFlow": 0.6000000000000001,
      "temperature": 86,
      "shotWeight": 5.5,
      "waterPumped": 48,
      "targetTemperature": 85,
      "targetPumpFlow": 0.7000000000000001,
      "targetPressure": 0
    },
    {
      "timeInShot": 20300,
      "pressure": 1.3,
      "pumpFlow": 0.1,
      "weightFlow": 0.6000000000000001,
      "temperature": 86,
      "shotWeight": 5.6000000000000005,
      "waterPumped": 48.1,
      "targetTemperature": 85,
      "targetPumpFlow": 0.8,
      "targetPressure": 0
    },
    {
      "timeInShot": 20400,
      "pressure": 1.3,
      "pumpFlow": 0.1,
      "weightFlow": 0.6000000000000001,
      "temperature": 86,
      "shotWeight": 5.6000000000000005,
      "waterPumped": 48.1,
      "targetTemperature": 85,
      "targetPumpFlow": 0.9,
      "targetPressure": 0
    },
    {
      "timeInShot": 20600,
      "pressure": 1.3,
      "pumpFlow": 0.2,
      "weightFlow": 0.6000000000000001,
      "temperature": 86,
      "shotWeight": 5.7,
      "waterPumped": 48.1,
      "targetTemperature": 85,
      "targetPumpFlow": 1,
      "targetPressure": 0
    },
    {
      "timeInShot": 20700,
      "pressure": 1.3,
      "pumpFlow": 0.2,
      "weightFlow": 0.6000000000000001,
      "temperature": 86,
      "shotWeight": 5.7,
      "waterPumped": 48.1,
      "targetTemperature": 85,
      "targetPumpFlow": 1,
      "targetPressure": 0
    },
    {
      "timeInShot": 20900,
      "pressure": 1.4000000000000001,
      "pumpFlow": 0.30000000000000004,
      "weightFlow": 0.6000000000000001,
      "temperature": 86,
      "shotWeight": 5.800000000000001,
      "waterPumped": 48.2,
      "targetTemperature": 85,
      "targetPumpFlow": 1.1,
      "targetPressure": 0
    },
    {
      "timeInShot": 21000,
      "pressure": 1.4000000000000001,
      "pumpFlow": 0.4,
      "weightFlow": 0.6000000000000001,
      "temperature": 86,
      "shotWeight": 5.800000000000001,
      "waterPumped": 48.300000000000004,
      "targetTemperature": 85,
      "targetPumpFlow": 1.2000000000000002,
      "targetPressure": 0
    },
    {
      "timeInShot": 21200,
      "pressure": 1.5,
      "pumpFlow": 0.4,
      "weightFlow": 0.6000000000000001,
      "temperature": 86,
      "shotWeight": 5.800000000000001,
      "waterPumped": 48.300000000000004,
      "targetTemperature": 85,
      "targetPumpFlow": 1.2000000000000002,
      "targetPressure": 0
    },
    {
      "timeInShot": 21300,
      "pressure": 1.5,
      "pumpFlow": 0.4,
      "weightFlow": 0.6000000000000001,
      "temperature": 86,
      "shotWeight": 5.9,
      "waterPumped": 48.400000000000006,
      "targetTemperature": 85,
      "targetPumpFlow": 1.3,
      "targetPressure": 0
    },
    {
      "timeInShot": 21500,
      "pressure": 1.5,
      "pumpFlow": 0.4,
      "weightFlow": 0.6000000000000001,
      "temperature": 86,
      "shotWeight": 5.9,
      "waterPumped": 48.400000000000006,
      "targetTemperature": 85,
      "targetPumpFlow": 1.4000000000000001,
      "targetPressure": 0
    },
    {
      "timeInShot": 21600,
      "pressure": 1.7000000000000002,
      "pumpFlow": 0.6000000000000001,
      "weightFlow": 0.6000000000000001,
      "temperature": 86,
      "shotWeight": 6.1000000000000005,
      "waterPumped": 48.5,
      "targetTemperature": 85,
      "targetPumpFlow": 1.4000000000000001,
      "targetPressure": 0
    },
    {
      "timeInShot": 21800,
      "pressure": 1.7000000000000002,
      "pumpFlow": 0.6000000000000001,
      "weightFlow": 0.6000000000000001,
      "temperature": 86,
      "shotWeight": 6.2,
      "waterPumped": 48.7,
      "targetTemperature": 85,
      "targetPumpFlow": 1.5,
      "targetPressure": 0
    },
    {
      "timeInShot": 21900,
      "pressure": 1.9000000000000001,
      "pumpFlow": 0.6000000000000001,
      "weightFlow": 0.6000000000000001,
      "temperature": 86,
      "shotWeight": 6.2,
      "waterPumped": 48.7,
      "targetTemperature": 85,
      "targetPumpFlow": 1.6,
      "targetPressure": 0
    },
    {
      "timeInShot": 22100,
      "pressure": 1.9000000000000001,
      "pumpFlow": 0.8,
      "weightFlow": 0.5,
      "temperature": 86,
      "shotWeight": 6.300000000000001,
      "waterPumped": 48.900000000000006,
      "targetTemperature": 85,
      "targetPumpFlow": 1.6,
      "targetPressure": 0
    },
    {
      "timeInShot": 22200,
      "pressure": 2.1,
      "pumpFlow": 0.8,
      "weightFlow": 0.5,
      "temperature": 86,
      "shotWeight": 6.300000000000001,
      "waterPumped": 48.900000000000006,
      "targetTemperature": 85,
      "targetPumpFlow": 1.7000000000000002,
      "targetPressure": 0
    },
    {
      "timeInShot": 22400,
      "pressure": 2.2,
      "pumpFlow": 0.9,
      "weightFlow": 0.5,
      "temperature": 86,
      "shotWeight": 6.4,
      "waterPumped": 49.1,
      "targetTemperature": 85,
      "targetPumpFlow": 1.7000000000000002,
      "targetPressure": 0
    },
    {
      "timeInShot": 22500,
      "pressure": 2.3000000000000003,
      "pumpFlow": 1.1,
      "weightFlow": 0.5,
      "temperature": 86,
      "shotWeight": 6.5,
      "waterPumped": 49.400000000000006,
      "targetTemperature": 85,
      "targetPumpFlow": 1.8,
      "targetPressure": 0
    },
    {
      "timeInShot": 22700,
      "pressure": 2.4000000000000004,
      "pumpFlow": 1.1,
      "weightFlow": 0.5,
      "temperature": 86,
      "shotWeight": 6.5,
      "waterPumped": 49.400000000000006,
      "targetTemperature": 85,
      "targetPumpFlow": 1.8,
      "targetPressure": 0
    },
    {
      "timeInShot": 22800,
      "pressure": 2.5,
      "pumpFlow": 1.2000000000000002,
      "weightFlow": 0.5,
      "temperature": 86,
      "shotWeight": 6.7,
      "waterPumped": 49.7,
      "targetTemperature": 85,
      "targetPumpFlow": 1.8,
      "targetPressure": 0
    },
    {
      "timeInShot": 23000,
      "pressure": 2.5,
      "pumpFlow": 1.2000000000000002,
      "weightFlow": 0.5,
      "temperature": 86,
      "shotWeight": 6.7,
      "waterPumped": 49.7,
      "targetTemperature": 85,
      "targetPumpFlow": 1.9000000000000001,
      "targetPressure": 0
    },
    {
      "timeInShot": 23100,
      "pressure": 2.8000000000000003,
      "pumpFlow": 1.4000000000000001,
      "weightFlow": 0.6000000000000001,
      "temperature": 86,
      "shotWeight": 7,
      "waterPumped": 50,
      "targetTemperature": 85,
      "targetPumpFlow": 1.9000000000000001,
      "targetPressure": 0
    },
    {
      "timeInShot": 23300,
      "pressure": 3.2,
      "pumpFlow": 1.4000000000000001,
      "weightFlow": 0.6000000000000001,
      "temperature": 86,
      "shotWeight": 7.2,
      "waterPumped": 50.400000000000006,
      "targetTemperature": 85,
      "targetPumpFlow": 1.9000000000000001,
      "targetPressure": 0
    },
    {
      "timeInShot": 23400,
      "pressure": 3.2,
      "pumpFlow": 1.4000000000000001,
      "weightFlow": 0.6000000000000001,
      "temperature": 86,
      "shotWeight": 7.2,
      "waterPumped": 50.400000000000006,
      "targetTemperature": 85,
      "targetPumpFlow": 2,
      "targetPressure": 0
    },
    {
      "timeInShot": 23600,
      "pressure": 3.3000000000000003,
      "pumpFlow": 1.6,
      "weightFlow": 0.6000000000000001,
      "temperature": 86,
      "shotWeight": 7.4,
      "waterPumped": 50.800000000000004,
      "targetTemperature": 85,
      "targetPumpFlow": 2,
      "targetPressure": 0
    },
    {
      "timeInShot": 23700,
      "pressure": 3.4000000000000004,
      "pumpFlow": 1.6,
      "weightFlow": 0.6000000000000001,
      "temperature": 86,
      "shotWeight": 7.4,
      "waterPumped": 50.800000000000004,
      "targetTemperature": 85,
      "targetPumpFlow": 2,
      "targetPressure": 0
    },
    {
      "timeInShot": 23900,
      "pressure": 3.6,
      "pumpFlow": 1.7000000000000002,
      "weightFlow": 0.6000000000000001,
      "temperature": 86,
      "shotWeight": 7.800000000000001,
      "waterPumped": 51.2,
      "targetTemperature": 85,
      "targetPumpFlow": 2,
      "targetPressure": 0
    },
    {
      "timeInShot": 24000,
      "pressure": 3.7,
      "pumpFlow": 1.8,
      "weightFlow": 0.6000000000000001,
      "temperature": 86,
      "shotWeight": 8.1,
      "waterPumped": 51.7,
      "targetTemperature": 85,
      "targetPumpFlow": 2,
      "targetPressure": 9
    },
    {
      "timeInShot": 24200,
      "pressure": 3.7,
      "pumpFlow": 1.8,
      "weightFlow": 0.6000000000000001,
      "temperature": 86,
      "shotWeight": 8.1,
      "waterPumped": 51.7,
      "targetTemperature": 85,
      "targetPumpFlow": 2,
      "targetPressure": 9
    },
    {
      "timeInShot": 24300,
      "pressure": 3.9000000000000004,
      "pumpFlow": 1.7000000000000002,
      "weightFlow": 0.7000000000000001,
      "temperature": 86,
      "shotWeight": 8.5,
      "waterPumped": 52.1,
      "targetTemperature": 85,
      "targetPumpFlow": 2,
      "targetPressure": 9
    },
    {
      "timeInShot": 24500,
      "pressure": 4.2,
      "pumpFlow": 1.8,
      "weightFlow": 0.7000000000000001,
      "temperature": 86,
      "shotWeight": 8.8,
      "waterPumped": 52.5,
      "targetTemperature": 85,
      "targetPumpFlow": 2,
      "targetPressure": 9
    },
    {
      "timeInShot": 24700,
      "pressure": 4.3,
      "pumpFlow": 1.8,
      "weightFlow": 0.7000000000000001,
      "temperature": 86,
      "shotWeight": 8.8,
      "waterPumped": 52.5,
      "targetTemperature": 85,
      "targetPumpFlow": 2,
      "targetPressure": 9
    },
    {
      "timeInShot": 24800,
      "pressure": 4.4,
      "pumpFlow": 1.8,
      "weightFlow": 0.7000000000000001,
      "temperature": 86,
      "shotWeight": 9.200000000000001,
      "waterPumped": 53,
      "targetTemperature": 85,
      "targetPumpFlow": 2,
      "targetPressure": 9
    },
    {
      "timeInShot": 25000,
      "pressure": 4.5,
      "pumpFlow": 1.8,
      "weightFlow": 0.7000000000000001,
      "temperature": 86,
      "shotWeight": 9.200000000000001,
      "waterPumped": 53,
      "targetTemperature": 85,
      "targetPumpFlow": 2,
      "targetPressure": 9
    },
    {
      "timeInShot": 25100,
      "pressure": 4.7,
      "pumpFlow": 1.8,
      "weightFlow": 0.8,
      "temperature": 86,
      "shotWeight": 9.8,
      "waterPumped": 53.5,
      "targetTemperature": 85,
      "targetPumpFlow": 2,
      "targetPressure": 9
    },
    {
      "timeInShot": 25300,
      "pressure": 4.9,
      "pumpFlow": 1.9000000000000001,
      "weightFlow": 0.9,
      "temperature": 86,
      "shotWeight": 10.200000000000001,
      "waterPumped": 53.900000000000006,
      "targetTemperature": 85,
      "targetPumpFlow": 2,
      "targetPressure": 9
    },
    {
      "timeInShot": 25400,
      "pressure": 5,
      "pumpFlow": 1.9000000000000001,
      "weightFlow": 0.9,
      "temperature": 86,
      "shotWeight": 10.200000000000001,
      "waterPumped": 53.900000000000006,
      "targetTemperature": 85,
      "targetPumpFlow": 2,
      "targetPressure": 9
    },
    {
      "timeInShot": 25600,
      "pressure": 5.2,
      "pumpFlow": 1.9000000000000001,
      "weightFlow": 0.9,
      "temperature": 86,
      "shotWeight": 10.8,
      "waterPumped": 54.400000000000006,
      "targetTemperature": 85,
      "targetPumpFlow": 2,
      "targetPressure": 9
    },
    {
      "timeInShot": 25700,
      "pressure": 5.300000000000001,
      "pumpFlow": 1.9000000000000001,
      "weightFlow": 0.9,
      "temperature": 86,
      "shotWeight": 10.8,
      "waterPumped": 54.400000000000006,
      "targetTemperature": 85,
      "targetPumpFlow": 2,
      "targetPressure": 9
    },
    {
      "timeInShot": 25900,
      "pressure": 5.5,
      "pumpFlow": 1.9000000000000001,
      "weightFlow": 1,
      "temperature": 86,
      "shotWeight": 11.3,
      "waterPumped": 54.900000000000006,
      "targetTemperature": 85,
      "targetPumpFlow": 2,
      "targetPressure": 9
    },
    {
      "timeInShot": 26000,
      "pressure": 5.7,
      "pumpFlow": 1.9000000000000001,
      "weightFlow": 1.1,
      "temperature": 86,
      "shotWeight": 11.8,
      "waterPumped": 55.400000000000006,
      "targetTemperature": 85,
      "targetPumpFlow": 2,
      "targetPressure": 9
    },
    {
      "timeInShot": 26200,
      "pressure": 5.800000000000001,
      "pumpFlow": 1.9000000000000001,
      "weightFlow": 1.1,
      "temperature": 86,
      "shotWeight": 11.8,
      "waterPumped": 55.400000000000006,
      "targetTemperature": 85,
      "targetPumpFlow": 2,
      "targetPressure": 9
    },
    {
      "timeInShot": 26300,
      "pressure": 6,
      "pumpFlow": 1.9000000000000001,
      "weightFlow": 1.2000000000000002,
      "temperature": 86,
      "shotWeight": 12.4,
      "waterPumped": 55.800000000000004,
      "targetTemperature": 85,
      "targetPumpFlow": 2,
      "targetPressure": 9
    },
    {
      "timeInShot": 26500,
      "pressure": 6.2,
      "pumpFlow": 1.9000000000000001,
      "weightFlow": 1.2000000000000002,
      "temperature": 86,
      "shotWeight": 12.4,
      "waterPumped": 55.800000000000004,
      "targetTemperature": 85,
      "targetPumpFlow": 2,
      "targetPressure": 9
    },
    {
      "timeInShot": 26600,
      "pressure": 6.300000000000001,
      "pumpFlow": 1.9000000000000001,
      "weightFlow": 1.2000000000000002,
      "temperature": 85.9,
      "shotWeight": 12.8,
      "waterPumped": 56.300000000000004,
      "targetTemperature": 85,
      "targetPumpFlow": 2,
      "targetPressure": 9
    },
    {
      "timeInShot": 26800,
      "pressure": 6.4,
      "pumpFlow": 1.9000000000000001,
      "weightFlow": 1.3,
      "temperature": 86,
      "shotWeight": 13.5,
      "waterPumped": 56.800000000000004,
      "targetTemperature": 85,
      "targetPumpFlow": 2,
      "targetPressure": 9
    },
    {
      "timeInShot": 26900,
      "pressure": 6.5,
      "pumpFlow": 1.9000000000000001,
      "weightFlow": 1.3,
      "temperature": 86,
      "shotWeight": 13.5,
      "waterPumped": 56.800000000000004,
      "targetTemperature": 85,
      "targetPumpFlow": 2,
      "targetPressure": 9
    },
    {
      "timeInShot": 27100,
      "pressure": 6.7,
      "pumpFlow": 1.9000000000000001,
      "weightFlow": 1.3,
      "temperature": 86,
      "shotWeight": 13.9,
      "waterPumped": 57.300000000000004,
      "targetTemperature": 85,
      "targetPumpFlow": 2,
      "targetPressure": 9
    },
    {
      "timeInShot": 27200,
      "pressure": 6.9,
      "pumpFlow": 1.9000000000000001,
      "weightFlow": 1.3,
      "temperature": 85.9,
      "shotWeight": 13.9,
      "waterPumped": 57.300000000000004,
      "targetTemperature": 85,
      "targetPumpFlow": 2,
      "targetPressure": 9
    },
    {
      "timeInShot": 27400,
      "pressure": 7,
      "pumpFlow": 1.9000000000000001,
      "weightFlow": 1.4000000000000001,
      "temperature": 85.9,
      "shotWeight": 14.5,
      "waterPumped": 57.800000000000004,
      "targetTemperature": 85,
      "targetPumpFlow": 2,
      "targetPressure": 9
    },
    {
      "timeInShot": 27500,
      "pressure": 7.2,
      "pumpFlow": 1.9000000000000001,
      "weightFlow": 1.5,
      "temperature": 85.9,
      "shotWeight": 15.200000000000001,
      "waterPumped": 58.300000000000004,
      "targetTemperature": 85,
      "targetPumpFlow": 2,
      "targetPressure": 9
    },
    {
      "timeInShot": 27700,
      "pressure": 7.4,
      "pumpFlow": 1.9000000000000001,
      "weightFlow": 1.5,
      "temperature": 85.9,
      "shotWeight": 15.200000000000001,
      "waterPumped": 58.300000000000004,
      "targetTemperature": 85,
      "targetPumpFlow": 2,
      "targetPressure": 9
    },
    {
      "timeInShot": 27800,
      "pressure": 7.5,
      "pumpFlow": 2,
      "weightFlow": 1.5,
      "temperature": 85.9,
      "shotWeight": 15.600000000000001,
      "waterPumped": 58.800000000000004,
      "targetTemperature": 85,
      "targetPumpFlow": 2,
      "targetPressure": 9
    },
    {
      "timeInShot": 28000,
      "pressure": 7.6000000000000005,
      "pumpFlow": 2,
      "weightFlow": 1.5,
      "temperature": 85.9,
      "shotWeight": 15.600000000000001,
      "waterPumped": 58.800000000000004,
      "targetTemperature": 85,
      "targetPumpFlow": 2,
      "targetPressure": 9
    },
    {
      "timeInShot": 28100,
      "pressure": 7.7,
      "pumpFlow": 2,
      "weightFlow": 1.6,
      "temperature": 85.9,
      "shotWeight": 16.3,
      "waterPumped": 59.300000000000004,
      "targetTemperature": 85,
      "targetPumpFlow": 2,
      "targetPressure": 9
    },
    {
      "timeInShot": 28300,
      "pressure": 7.9,
      "pumpFlow": 1.9000000000000001,
      "weightFlow": 1.6,
      "temperature": 85.9,
      "shotWeight": 16.7,
      "waterPumped": 59.7,
      "targetTemperature": 85,
      "targetPumpFlow": 2,
      "targetPressure": 9
    },
    {
      "timeInShot": 28400,
      "pressure": 7.9,
      "pumpFlow": 1.9000000000000001,
      "weightFlow": 1.6,
      "temperature": 0,
      "shotWeight": 16.7,
      "waterPumped": 59.7,
      "targetTemperature": 85,
      "targetPumpFlow": 2,
      "targetPressure": 9
    },
    {
      "timeInShot": 28600,
      "pressure": 8.1,
      "pumpFlow": 1.9000000000000001,
      "weightFlow": 1.7000000000000002,
      "temperature": 85.9,
      "shotWeight": 17.3,
      "waterPumped": 60.2,
      "targetTemperature": 85,
      "targetPumpFlow": 2,
      "targetPressure": 9
    },
    {
      "timeInShot": 28700,
      "pressure": 8.200000000000001,
      "pumpFlow": 1.9000000000000001,
      "weightFlow": 1.7000000000000002,
      "temperature": 85.9,
      "shotWeight": 17.3,
      "waterPumped": 60.2,
      "targetTemperature": 85,
      "targetPumpFlow": 2,
      "targetPressure": 9
    },
    {
      "timeInShot": 28900,
      "pressure": 8.3,
      "pumpFlow": 1.9000000000000001,
      "weightFlow": 1.8,
      "temperature": 0,
      "shotWeight": 18,
      "waterPumped": 60.7,
      "targetTemperature": 85,
      "targetPumpFlow": 2,
      "targetPressure": 9
    },
    {
      "timeInShot": 29000,
      "pressure": 8.4,
      "pumpFlow": 1.9000000000000001,
      "weightFlow": 1.7000000000000002,
      "temperature": 85.9,
      "shotWeight": 18.400000000000002,
      "waterPumped": 61.2,
      "targetTemperature": 85,
      "targetPumpFlow": 2,
      "targetPressure": 9
    },
    {
      "timeInShot": 29200,
      "pressure": 8.6,
      "pumpFlow": 1.9000000000000001,
      "weightFlow": 1.7000000000000002,
      "temperature": 85.9,
      "shotWeight": 18.400000000000002,
      "waterPumped": 61.2,
      "targetTemperature": 85,
      "targetPumpFlow": 2,
      "targetPressure": 9
    },
    {
      "timeInShot": 29400,
      "pressure": 8.8,
      "pumpFlow": 1.9000000000000001,
      "weightFlow": 1.9000000000000001,
      "temperature": 85.9,
      "shotWeight": 19.200000000000003,
      "waterPumped": 61.7,
      "targetTemperature": 85,
      "targetPumpFlow": 2,
      "targetPressure": 9
    },
    {
      "timeInShot": 29500,
      "pressure": 8.9,
      "pumpFlow": 1.9000000000000001,
      "weightFlow": 1.9000000000000001,
      "temperature": 85.9,
      "shotWeight": 19.200000000000003,
      "waterPumped": 61.7,
      "targetTemperature": 85,
      "targetPumpFlow": 2,
      "targetPressure": 9
    },
    {
      "timeInShot": 29700,
      "pressure": 8.9,
      "pumpFlow": 1.9000000000000001,
      "weightFlow": 1.8,
      "temperature": 85.9,
      "shotWeight": 19.6,
      "waterPumped": 62.2,
      "targetTemperature": 85,
      "targetPumpFlow": 2,
      "targetPressure": 9
    },
    {
      "timeInShot": 29800,
      "pressure": 8.9,
      "pumpFlow": 1.9000000000000001,
      "weightFlow": 1.8,
      "temperature": 85.9,
      "shotWeight": 20.1,
      "waterPumped": 62.7,
      "targetTemperature": 85,
      "targetPumpFlow": 2,
      "targetPressure": 9
    },
    {
      "timeInShot": 30000,
      "pressure": 9,
      "pumpFlow": 1.9000000000000001,
      "weightFlow": 1.8,
      "temperature": 85.9,
      "shotWeight": 20.1,
      "waterPumped": 62.7,
      "targetTemperature": 85,
      "targetPumpFlow": 2,
      "targetPressure": 9
    },
    {
      "timeInShot": 30100,
      "pressure": 8.9,
      "pumpFlow": 1.9000000000000001,
      "weightFlow": 1.9000000000000001,
      "temperature": 85.9,
      "shotWeight": 20.900000000000002,
      "waterPumped": 63.1,
      "targetTemperature": 85,
      "targetPumpFlow": 2,
      "targetPressure": 9
    },
    {
      "timeInShot": 30300,
      "pressure": 8.8,
      "pumpFlow": 1.9000000000000001,
      "weightFlow": 1.9000000000000001,
      "temperature": 85.9,
      "shotWeight": 20.900000000000002,
      "waterPumped": 63.1,
      "targetTemperature": 85,
      "targetPumpFlow": 2,
      "targetPressure": 9
    },
    {
      "timeInShot": 30400,
      "pressure": 8.9,
      "pumpFlow": 1.9000000000000001,
      "weightFlow": 1.9000000000000001,
      "temperature": 85.9,
      "shotWeight": 21.3,
      "waterPumped": 63.6,
      "targetTemperature": 85,
      "targetPumpFlow": 2,
      "targetPressure": 9
    },
    {
      "timeInShot": 30600,
      "pressure": 9,
      "pumpFlow": 1.8,
      "weightFlow": 2,
      "temperature": 85.9,
      "shotWeight": 21.900000000000002,
      "waterPumped": 64.10000000000001,
      "targetTemperature": 85,
      "targetPumpFlow": 2,
      "targetPressure": 9
    },
    {
      "timeInShot": 30700,
      "pressure": 8.9,
      "pumpFlow": 1.8,
      "weightFlow": 2,
      "temperature": 85.9,
      "shotWeight": 21.900000000000002,
      "waterPumped": 64.10000000000001,
      "targetTemperature": 85,
      "targetPumpFlow": 2,
      "targetPressure": 9
    },
    {
      "timeInShot": 30900,
      "pressure": 9,
      "pumpFlow": 1.8,
      "weightFlow": 2,
      "temperature": 85.9,
      "shotWeight": 22.400000000000002,
      "waterPumped": 64.5,
      "targetTemperature": 85,
      "targetPumpFlow": 2,
      "targetPressure": 9
    },
    {
      "timeInShot": 31000,
      "pressure": 9.1,
      "pumpFlow": 1.8,
      "weightFlow": 2,
      "temperature": 85.9,
      "shotWeight": 22.400000000000002,
      "waterPumped": 64.5,
      "targetTemperature": 85,
      "targetPumpFlow": 2,
      "targetPressure": 9
    },
    {
      "timeInShot": 31200,
      "pressure": 8.9,
      "pumpFlow": 1.8,
      "weightFlow": 2,
      "temperature": 85.9,
      "shotWeight": 22.900000000000002,
      "waterPumped": 65,
      "targetTemperature": 85,
      "targetPumpFlow": 2,
      "targetPressure": 9
    },
    {
      "timeInShot": 31300,
      "pressure": 8.8,
      "pumpFlow": 1.8,
      "weightFlow": 2,
      "temperature": 85.9,
      "shotWeight": 23.6,
      "waterPumped": 65.4,
      "targetTemperature": 85,
      "targetPumpFlow": 2,
      "targetPressure": 9
    },
    {
      "timeInShot": 31500,
      "pressure": 9,
      "pumpFlow": 1.8,
      "weightFlow": 2,
      "temperature": 85.9,
      "shotWeight": 23.6,
      "waterPumped": 65.4,
      "targetTemperature": 85,
      "targetPumpFlow": 2,
      "targetPressure": 9
    },
    {
      "timeInShot": 31600,
      "pressure": 9,
      "pumpFlow": 1.8,
      "weightFlow": 2,
      "temperature": 85.9,
      "shotWeight": 24,
      "waterPumped": 65.9,
      "targetTemperature": 85,
      "targetPumpFlow": 2,
      "targetPressure": 9
    },
    {
      "timeInShot": 31800,
      "pressure": 8.9,
      "pumpFlow": 1.8,
      "weightFlow": 2,
      "temperature": 85.9,
      "shotWeight": 24,
      "waterPumped": 65.9,
      "targetTemperature": 85,
      "targetPumpFlow": 2,
      "targetPressure": 9
    },
    {
      "timeInShot": 31900,
      "pressure": 9.1,
      "pumpFlow": 1.7000000000000002,
      "weightFlow": 2,
      "temperature": 85.9,
      "shotWeight": 24.6,
      "waterPumped": 66.3,
      "targetTemperature": 85,
      "targetPumpFlow": 2,
      "targetPressure": 9
    },
    {
      "timeInShot": 32100,
      "pressure": 8.9,
      "pumpFlow": 1.7000000000000002,
      "weightFlow": 2,
      "temperature": 85.9,
      "shotWeight": 25.200000000000003,
      "waterPumped": 66.7,
      "targetTemperature": 85,
      "targetPumpFlow": 2,
      "targetPressure": 9
    },
    {
      "timeInShot": 32200,
      "pressure": 8.9,
      "pumpFlow": 1.7000000000000002,
      "weightFlow": 2,
      "temperature": 85.9,
      "shotWeight": 25.200000000000003,
      "waterPumped": 66.7,
      "targetTemperature": 85,
      "targetPumpFlow": 2,
      "targetPressure": 9
    },
    {
      "timeInShot": 32400,
      "pressure": 9,
      "pumpFlow": 1.7000000000000002,
      "weightFlow": 2.1,
      "temperature": 85.9,
      "shotWeight": 25.8,
      "waterPumped": 67.2,
      "targetTemperature": 85,
      "targetPumpFlow": 2,
      "targetPressure": 9
    },
    {
      "timeInShot": 32500,
      "pressure": 8.8,
      "pumpFlow": 1.7000000000000002,
      "weightFlow": 2.1,
      "temperature": 85.9,
      "shotWeight": 26.3,
      "waterPumped": 67.2,
      "targetTemperature": 85,
      "targetPumpFlow": 2,
      "targetPressure": 9
    },
    {
      "timeInShot": 32700,
      "pressure": 9,
      "pumpFlow": 1.7000000000000002,
      "weightFlow": 2.1,
      "temperature": 85.9,
      "shotWeight": 26.3,
      "waterPumped": 67.60000000000001,
      "targetTemperature": 85,
      "targetPumpFlow": 2,
      "targetPressure": 9
    },
    {
      "timeInShot": 32800,
      "pressure": 9,
      "pumpFlow": 1.7000000000000002,
      "weightFlow": 2,
      "temperature": 85.9,
      "shotWeight": 26.700000000000003,
      "waterPumped": 68,
      "targetTemperature": 85,
      "targetPumpFlow": 2,
      "targetPressure": 9
    },
    {
      "timeInShot": 33000,
      "pressure": 8.9,
      "pumpFlow": 1.7000000000000002,
      "weightFlow": 2,
      "temperature": 85.9,
      "shotWeight": 26.700000000000003,
      "waterPumped": 68,
      "targetTemperature": 85,
      "targetPumpFlow": 2,
      "targetPressure": 9
    },
    {
      "timeInShot": 33100,
      "pressure": 9,
      "pumpFlow": 1.7000000000000002,
      "weightFlow": 2,
      "temperature": 85.9,
      "shotWeight": 27.3,
      "waterPumped": 68.4,
      "targetTemperature": 85,
      "targetPumpFlow": 2,
      "targetPressure": 9
    },
    {
      "timeInShot": 33300,
      "pressure": 8.9,
      "pumpFlow": 1.7000000000000002,
      "weightFlow": 2.1,
      "temperature": 85.9,
      "shotWeight": 27.900000000000002,
      "waterPumped": 68.9,
      "targetTemperature": 85,
      "targetPumpFlow": 2,
      "targetPressure": 9
    },
    {
      "timeInShot": 33400,
      "pressure": 8.9,
      "pumpFlow": 1.7000000000000002,
      "weightFlow": 2.1,
      "temperature": 85.9,
      "shotWeight": 27.900000000000002,
      "waterPumped": 68.9,
      "targetTemperature": 85,
      "targetPumpFlow": 2,
      "targetPressure": 9
    },
    {
      "timeInShot": 33600,
      "pressure": 9,
      "pumpFlow": 1.7000000000000002,
      "weightFlow": 2.1,
      "temperature": 85.9,
      "shotWeight": 28.5,
      "waterPumped": 69.3,
      "targetTemperature": 85,
      "targetPumpFlow": 2,
      "targetPressure": 9
    },
    {
      "timeInShot": 33800,
      "pressure": 8.9,
      "pumpFlow": 1.7000000000000002,
      "weightFlow": 2.1,
      "temperature": 85.9,
      "shotWeight": 28.5,
      "waterPumped": 69.3,
      "targetTemperature": 85,
      "targetPumpFlow": 2,
      "targetPressure": 9
    },
    {
      "timeInShot": 33900,
      "pressure": 9,
      "pumpFlow": 1.7000000000000002,
      "weightFlow": 2.1,
      "temperature": 85.9,
      "shotWeight": 28.900000000000002,
      "waterPumped": 69.7,
      "targetTemperature": 85,
      "targetPumpFlow": 2,
      "targetPressure": 9
    },
    {
      "timeInShot": 34100,
      "pressure": 9,
      "pumpFlow": 1.7000000000000002,
      "weightFlow": 2,
      "temperature": 85.9,
      "shotWeight": 29.3,
      "waterPumped": 70.10000000000001,
      "targetTemperature": 85,
      "targetPumpFlow": 2,
      "targetPressure": 9
    },
    {
      "timeInShot": 34200,
      "pressure": 8.9,
      "pumpFlow": 1.7000000000000002,
      "weightFlow": 2,
      "temperature": 85.9,
      "shotWeight": 29.3,
      "waterPumped": 70.10000000000001,
      "targetTemperature": 85,
      "targetPumpFlow": 2,
      "targetPressure": 9
    },
    {
      "timeInShot": 34400,
      "pressure": 8.9,
      "pumpFlow": 1.6,
      "weightFlow": 2.1,
      "temperature": 86,
      "shotWeight": 30,
      "waterPumped": 70.5,
      "targetTemperature": 85,
      "targetPumpFlow": 2,
      "targetPressure": 9
    },
    {
      "timeInShot": 34500,
      "pressure": 9,
      "pumpFlow": 1.6,
      "weightFlow": 2.1,
      "temperature": 86,
      "shotWeight": 30,
      "waterPumped": 70.5,
      "targetTemperature": 85,
      "targetPumpFlow": 2,
      "targetPressure": 9
    },
    {
      "timeInShot": 34700,
      "pressure": 8.9,
      "pumpFlow": 1.6,
      "weightFlow": 2.1,
      "temperature": 86,
      "shotWeight": 30.5,
      "waterPumped": 70.9,
      "targetTemperature": 85,
      "targetPumpFlow": 2,
      "targetPressure": 9
    }
  ],
  "profile": {
    "id": 5,
    "name": "Blooming espresso",
    "phases": [
      {
        "target": {
          "end": 4,
          "curve": "INSTANT"
        },
        "stopConditions": {
          "time": 20000,
          "pressureAbove": 7,
          "waterPumpedInPhase": 65
        },
        "type": "FLOW",
        "skip": false,
        "restriction": 7
      },
      {
        "target": {
          "end": 0,
          "curve": "INSTANT"
        },
        "stopConditions": {
          "time": 30000,
          "pressureBelow": 0.600000024,
          "weight": 5
        },
        "type": "FLOW",
        "skip": false
      },
      {
        "target": {
          "end": 2,
          "curve": "EASE_OUT",
          "time": 5000
        },
        "stopConditions": {
          "time": 5000
        },
        "type": "FLOW",
        "skip": false
      },
      {
        "target": {
          "end": 2,
          "curve": "INSTANT"
        },
        "stopConditions": {},
        "type": "FLOW",
        "skip": false,
        "restriction": 9
      }
    ],
    "globalStopConditions": {
      "weight": 32
    },
    "waterTemperature": 85,
    "recipe": {
      "coffeeIn": 18,
      "ratio": 2
    }
  }
}