{
  "id": 7,
  "duration": 438,
  "timestamp": 6409,
  "datapoints": [
    {
      "timeInShot": 400,
      "pressure": 0.2,
      "pumpFlow": 4,
      "weightFlow": 3.5,
      "temperature": 86.80000000000001,
      "shotWeight": 0,
      "waterPumped": 1.8,
      "targetTemperature": 87,
      "targetPumpFlow": 4,
      "targetPressure": 7
    },
    {
      "timeInShot": 500,
      "pressure": 0.2,
      "pumpFlow": 4,
      "weightFlow": 3,
      "temperature": 86.80000000000001,
      "shotWeight": 0,
      "waterPumped": 1.8,
      "targetTemperature": 87,
      "targetPumpFlow": 4,
      "targetPressure": 7
    },
    {
      "timeInShot": 700,
      "pressure": 0.2,
      "pumpFlow": 3.9000000000000004,
      "weightFlow": 2.4000000000000004,
      "temperature": 86.80000000000001,
      "shotWeight": 0,
      "waterPumped": 2.8000000000000003,
      "targetTemperature": 87,
      "targetPumpFlow": 4,
      "targetPressure": 7
    },
    {
      "timeInShot": 900,
      "pressure": 0.1,
      "pumpFlow": 3.9000000000000004,
      "weightFlow": 2.4000000000000004,
      "temperature": 86.80000000000001,
      "shotWeight": 0,
      "waterPumped": 2.8000000000000003,
      "targetTemperature": 87,
      "targetPumpFlow": 4,
      "targetPressure": 7
    },
    {
      "timeInShot": 1000,
      "pressure": 0.2,
      "pumpFlow": 4,
      "weightFlow": 2,
      "temperature": 86.80000000000001,
      "shotWeight": 0,
      "waterPumped": 3.8000000000000003,
      "targetTemperature": 87,
      "targetPumpFlow": 4,
      "targetPressure": 7
    },
    {
      "timeInShot": 1200,
      "pressure": 0.2,
      "pumpFlow": 3.9000000000000004,
      "weightFlow": 1.5,
      "temperature": 86.80000000000001,
      "shotWeight": 0,
      "waterPumped": 4.800000000000001,
      "targetTemperature": 87,
      "targetPumpFlow": 4,
      "targetPressure": 7
    },
    {
      "timeInShot": 1300,
      "pressure": 0.1,
      "pumpFlow": 3.9000000000000004,
      "weightFlow": 1.5,
      "temperature": 86.80000000000001,
      "shotWeight": 0,
      "waterPumped": 4.800000000000001,
      "targetTemperature": 87,
      "targetPumpFlow": 4,
      "targetPressure": 7
    },
    {
      "timeInShot": 1500,
      "pressure": 0.2,
      "pumpFlow": 4,
      "weightFlow": 1.2000000000000002,
      "temperature": 86.80000000000001,
      "shotWeight": 0,
      "waterPumped": 5.800000000000001,
      "targetTemperature": 87,
      "targetPumpFlow": 4,
      "targetPressure": 7
    },
    {
      "timeInShot": 1600,
      "pressure": 0.2,
      "pumpFlow": 4,
      "weightFlow": 1.2000000000000002,
      "temperature": 86.80000000000001,
      "shotWeight": 0,
      "waterPumped": 5.800000000000001,
      "targetTemperature": 87,
      "targetPumpFlow": 4,
      "targetPressure": 7
    },
    {
      "timeInShot": 1800,
      "pressure": 0.1,
      "pumpFlow": 3.9000000000000004,
      "weightFlow": 1,
      "temperature": 86.80000000000001,
      "shotWeight": 0,
      "waterPumped": 6.800000000000001,
      "targetTemperature": 87,
      "targetPumpFlow": 4,
      "targetPressure": 7
    },
    {
      "timeInShot": 1900,
      "pressure": 0.1,
      "pumpFlow": 4,
      "weightFlow": 0.8,
      "temperature": 86.80000000000001,
      "shotWeight": 0,
      "waterPumped": 7.800000000000001,
      "targetTemperature": 87,
      "targetPumpFlow": 4,
      "targetPressure": 7
    },
    {
      "timeInShot": 2100,
      "pressure": 0.2,
      "pumpFlow": 4,
      "weightFlow": 0.8,
      "temperature": 86.80000000000001,
      "shotWeight": 0,
      "waterPumped": 7.800000000000001,
      "targetTemperature": 87,
      "targetPumpFlow": 4,
      "targetPressure": 7
    },
    {
      "timeInShot": 2200,
      "pressure": 0.30000000000000004,
      "pumpFlow": 4.1000000000000005,
      "weightFlow": 0.7000000000000001,
      "temperature": 86.80000000000001,
      "shotWeight": 0,
      "waterPumped": 8.8,
      "targetTemperature": 87,
      "targetPumpFlow": 4,
      "targetPressure": 7
    },
    {
      "timeInShot": 2400,
      "pressure": 0.1,
      "pumpFlow": 4.1000000000000005,
      "weightFlow": 0.7000000000000001,
      "temperature": 86.80000000000001,
      "shotWeight": 0,
      "waterPumped": 8.8,
      "targetTemperature": 87,
      "targetPumpFlow": 4,
      "targetPressure": 7
    },
    {
      "timeInShot": 2500,
      "pressure": 0.1,
      "pumpFlow": 4,
      "weightFlow": 0.6000000000000001,
      "temperature": 86.80000000000001,
      "shotWeight": 0,
      "waterPumped": 9.8,
      "targetTemperature": 87,
      "targetPumpFlow": 4,
      "targetPressure": 7
    },
    {
      "timeInShot": 2700,
      "pressure": 0.2,
      "pumpFlow": 3.9000000000000004,
      "weightFlow": 0.5,
      "temperature": 86.80000000000001,
      "shotWeight": 0,
      "waterPumped": 10.8,
      "targetTemperature": 87,
      "targetPumpFlow": 4,
      "targetPressure": 7
    },
    {
      "timeInShot": 2800,
      "pressure": 0.2,
      "pumpFlow": 3.9000000000000004,
      "weightFlow": 0.5,
      "temperature": 86.80000000000001,
      "shotWeight": 0,
      "waterPumped": 10.8,
      "targetTemperature": 87,
      "targetPumpFlow": 4,
      "targetPressure": 7
    },
    {
      "timeInShot": 3000,
      "pressure": 0.1,
      "pumpFlow": 4,
      "weightFlow": 0.4,
      "temperature": 86.80000000000001,
      "shotWeight": 0,
      "waterPumped": 11.8,
      "targetTemperature": 87,
      "targetPumpFlow": 4,
      "targetPressure": 7
    },
    {
      "timeInShot": 3100,
      "pressure": 0.1,
      "pumpFlow": 4,
      "weightFlow": 0.4,
      "temperature": 86.80000000000001,
      "shotWeight": 0,
      "waterPumped": 11.8,
      "targetTemperature": 87,
      "targetPumpFlow": 4,
      "targetPressure": 7
    },
    {
      "timeInShot": 3300,
      "pressure": 0.2,
      "pumpFlow": 3.9000000000000004,
      "weightFlow": 0.4,
      "temperature": 86.80000000000001,
      "shotWeight": 0,
      "waterPumped": 12.8,
      "targetTemperature": 87,
      "targetPumpFlow": 4,
      "targetPressure": 7
    },
    {
      "timeInShot": 3400,
      "pressure": 0.1,
      "pumpFlow": 4,
      "weightFlow": 0.30000000000000004,
      "temperature": 86.80000000000001,
      "shotWeight": 0,
      "waterPumped": 13.8,
      "targetTemperature": 87,
      "targetPumpFlow": 4,
      "targetPressure": 7
    },
    {
      "timeInShot": 3600,
      "pressure": 0.1,
      "pumpFlow": 4,
      "weightFlow": 0.30000000000000004,
      "temperature": 86.80000000000001,
      "shotWeight": 0,
      "waterPumped": 13.8,
      "targetTemperature": 87,
      "targetPumpFlow": 4,
      "targetPressure": 7
    },
    {
      "timeInShot": 3700,
      "pressure": 0.1,
      "pumpFlow": 3.9000000000000004,
      "weightFlow": 0.30000000000000004,
      "temperature": 86.80000000000001,
      "shotWeight": 0,
      "waterPumped": 14.8,
      "targetTemperature": 87,
      "targetPumpFlow": 4,
      "targetPressure": 7
    },
    {
      "timeInShot": 3900,
      "pressure": 0.2,
      "pumpFlow": 3.9000000000000004,
      "weightFlow": 0.30000000000000004,
      "temperature": 86.5,
      "shotWeight": 0,
      "waterPumped": 14.8,
      "targetTemperature": 87,
      "targetPumpFlow": 4,
      "targetPressure": 7
    },
    {
      "timeInShot": 4000,
      "pressure": 0.2,
      "pumpFlow": 4,
      "weightFlow": 0.30000000000000004,
      "temperature": 86.80000000000001,
      "shotWeight": 0,
      "waterPumped": 15.8,
      "targetTemperature": 87,
      "targetPumpFlow": 4,
      "targetPressure": 7
    },
    {
      "timeInShot": 4200,
      "pressure": 0.2,
      "pumpFlow": 3.9000000000000004,
      "weightFlow": 0.2,
      "temperature": 86.5,
      "shotWeight": 0,
      "waterPumped": 16.8,
      "targetTemperature": 87,
      "targetPumpFlow": 4,
      "targetPressure": 7
    },
    {
      "timeInShot": 4300,
      "pressure": 0.2,
      "pumpFlow": 3.9000000000000004,
      "weightFlow": 0.2,
      "temperature": 86.5,
      "shotWeight": 0,
      "waterPumped": 16.8,
      "targetTemperature": 87,
      "targetPumpFlow": 4,
      "targetPressure": 7
    },
    {
      "timeInShot": 4500,
      "pressure": 0.30000000000000004,
      "pumpFlow": 4,
      "weightFlow": 0.2,
      "temperature": 86.5,
      "shotWeight": 0,
      "waterPumped": 17.8,
      "targetTemperature": 87,
      "targetPumpFlow": 4,
      "targetPressure": 7
    },
    {
      "timeInShot": 4600,
      "pressure": 0.4,
      "pumpFlow": 4,
      "weightFlow": 0.2,
      "temperature": 86.5,
      "shotWeight": 0,
      "waterPumped": 17.8,
      "targetTemperature": 87,
      "targetPumpFlow": 4,
      "targetPressure": 7
    },
    {
      "timeInShot": 4800,
      "pressure": 0.5,
      "pumpFlow": 3.9000000000000004,
      "weightFlow": 0.2,
      "temperature": 86.5,
      "shotWeight": 0,
      "waterPumped": 18.8,
      "targetTemperature": 87,
      "targetPumpFlow": 4,
      "targetPressure": 7
    },
    {
      "timeInShot": 4900,
      "pressure": 0.5,
      "pumpFlow": 4,
      "weightFlow": 0.2,
      "temperature": 86.5,
      "shotWeight": 0,
      "waterPumped": 19.8,
      "targetTemperature": 87,
      "targetPumpFlow": 4,
      "targetPressure": 7
    },
    {
      "timeInShot": 5100,
      "pressure": 0.4,
      "pumpFlow": 4,
      "weightFlow": 0.2,
      "temperature": 86.5,
      "shotWeight": 0,
      "waterPumped": 19.8,
      "targetTemperature": 87,
      "targetPumpFlow": 4,
      "targetPressure": 7
    },
    {
      "timeInShot": 5300,
      "pressure": 0.6000000000000001,
      "pumpFlow": 4,
      "weightFlow": 0.2,
      "temperature": 86.30000000000001,
      "shotWeight": 0,
      "waterPumped": 20.8,
      "targetTemperature": 87,
      "targetPumpFlow": 4,
      "targetPressure": 7
    },
    {
      "timeInShot": 5400,
      "pressure": 0.4,
      "pumpFlow": 4,
      "weightFlow": 0.2,
      "temperature": 86.5,
      "shotWeight": 0,
      "waterPumped": 20.8,
      "targetTemperature": 87,
      "targetPumpFlow": 4,
      "targetPressure": 7
    },
    {
      "timeInShot": 5600,
      "pressure": 0.7000000000000001,
      "pumpFlow": 4.1000000000000005,
      "weightFlow": 0.2,
      "temperature": 86.30000000000001,
      "shotWeight": 0,
      "waterPumped": 21.8,
      "targetTemperature": 87,
      "targetPumpFlow": 4,
      "targetPressure": 7
    },
    {
      "timeInShot": 5700,
      "pressure": 0.7000000000000001,
      "pumpFlow": 3.9000000000000004,
      "weightFlow": 0.2,
      "temperature": 86.5,
      "shotWeight": 0,
      "waterPumped": 22.8,
      "targetTemperature": 87,
      "targetPumpFlow": 4,
      "targetPressure": 7
    },
    {
      "timeInShot": 5900,
      "pressure": 0.6000000000000001,
      "pumpFlow": 3.9000000000000004,
      "weightFlow": 0.2,
      "temperature": 86.30000000000001,
      "shotWeight": 0,
      "waterPumped": 22.8,
      "targetTemperature": 87,
      "targetPumpFlow": 4,
      "targetPressure": 7
    },
    {
      "timeInShot": 6000,
      "pressure": 0.7000000000000001,
      "pumpFlow": 4,
      "weightFlow": 0.2,
      "temperature": 86.30000000000001,
      "shotWeight": 0,
      "waterPumped": 23.8,
      "targetTemperature": 87,
      "targetPumpFlow": 4,
      "targetPressure": 7
    },
    {
      "timeInShot": 6200,
      "pressure": 0.8,
      "pumpFlow": 4,
      "weightFlow": 0.2,
      "temperature": 86.5,
      "shotWeight": 0,
      "waterPumped": 23.8,
      "targetTemperature": 87,
      "targetPumpFlow": 4,
      "targetPressure": 7
    },
    {
      "timeInShot": 6300,
      "pressure": 0.8,
      "pumpFlow": 4,
      "weightFlow": 0.2,
      "temperature": 86.5,
      "shotWeight": 0,
      "waterPumped": 24.8,
      "targetTemperature": 87,
      "targetPumpFlow": 4,
      "targetPressure": 7
    },
    {
      "timeInShot": 6500,
      "pressure": 0.9,
      "pumpFlow": 4,
      "weightFlow": 0.2,
      "temperature": 86.5,
      "shotWeight": 0,
      "waterPumped": 25.8,
      "targetTemperature": 87,
      "targetPumpFlow": 4,
      "targetPressure": 7
    },
    {
      "timeInShot": 6600,
      "pressure": 1.2000000000000002,
      "pumpFlow": 4,
      "weightFlow": 0.2,
      "temperature": 86.5,
      "shotWeight": 0,
      "waterPumped": 25.8,
      "targetTemperature": 87,
      "targetPumpFlow": 4,
      "targetPressure": 7
    },
    {
      "timeInShot": 6800,
      "pressure": 1.1,
      "pumpFlow": 4,
      "weightFlow": 0.2,
      "temperature": 86.5,
      "shotWeight": 0,
      "waterPumped": 26.8,
      "targetTemperature": 87,
      "targetPumpFlow": 4,
      "targetPressure": 7
    },
    {
      "timeInShot": 6900,
      "pressure": 1.5,
      "pumpFlow": 4,
      "weightFlow": 0.2,
      "temperature": 86.5,
      "shotWeight": 0,
      "waterPumped": 26.8,
      "targetTemperature": 87,
      "targetPumpFlow": 4,
      "targetPressure": 7
    },
    {
      "timeInShot": 7100,
      "pressure": 1.5,
      "pumpFlow": 3.9000000000000004,
      "weightFlow": 0.2,
      "temperature": 86.80000000000001,
      "shotWeight": 0,
      "waterPumped": 27.8,
      "targetTemperature": 87,
      "targetPumpFlow": 4,
      "targetPressure": 7
    },
    {
      "timeInShot": 7200,
      "pressure": 1.3,
      "pumpFlow": 4,
      "weightFlow": 0.2,
      "temperature": 86.80000000000001,
      "shotWeight": 0,
      "waterPumped": 28.8,
      "targetTemperature": 87,
      "targetPumpFlow": 4,
      "targetPressure": 7
    },
    {
      "timeInShot": 7400,
      "pressure": 1.8,
      "pumpFlow": 4,
      "weightFlow": 0.2,
      "temperature": 86.80000000000001,
      "shotWeight": 0,
      "waterPumped": 28.8,
      "targetTemperature": 87,
      "targetPumpFlow": 4,
      "targetPressure": 7
    },
    {
      "timeInShot": 7500,
      "pressure": 2,
      "pumpFlow": 3.9000000000000004,
      "weightFlow": 0.1,
      "temperature": 86.80000000000001,
      "shotWeight": 0,
      "waterPumped": 29.8,
      "targetTemperature": 87,
      "targetPumpFlow": 4,
      "targetPressure": 7
    },
    {
      "timeInShot": 7700,
      "pressure": 2.2,
      "pumpFlow": 3.9000000000000004,
      "weightFlow": 0.1,
      "temperature": 86.80000000000001,
      "shotWeight": 0,
      "waterPumped": 30.8,
      "targetTemperature": 87,
      "targetPumpFlow": 4,
      "targetPressure": 7
    },
    {
      "timeInShot": 7800,
      "pressure": 2.5,
      "pumpFlow": 3.9000000000000004,
      "weightFlow": 0.2,
      "temperature": 87.9,
      "shotWeight": 0,
      "waterPumped": 30.8,
      "targetTemperature": 87,
      "targetPumpFlow": 4,
      "targetPressure": 7
    },
    {
      "timeInShot": 8000,
      "pressure": 3.1,
      "pumpFlow": 3.9000000000000004,
      "weightFlow": 0.2,
      "temperature": 87,
      "shotWeight": 0,
      "waterPumped": 31.700000000000003,
      "targetTemperature": 87,
      "targetPumpFlow": 4,
      "targetPressure": 7
    },
    {
      "timeInShot": 8100,
      "pressure": 3.7,
      "pumpFlow": 3.9000000000000004,
      "weightFlow": 0.2,
      "temperature": 87.9,
      "shotWeight": 0,
      "waterPumped": 31.700000000000003,
      "targetTemperature": 87,
      "targetPumpFlow": 4,
      "targetPressure": 7
    },
    {
      "timeInShot": 8300,
      "pressure": 4.800000000000001,
      "pumpFlow": 3.9000000000000004,
      "weightFlow": 0.1,
      "temperature": 87.9,
      "shotWeight": 0,
      "waterPumped": 32.7,
      "targetTemperature": 87,
      "targetPumpFlow": 4,
      "targetPressure": 7
    },
    {
      "timeInShot": 8400,
      "pressure": 6.4,
      "pumpFlow": 3.8000000000000003,
      "weightFlow": 0.1,
      "temperature": 87.9,
      "shotWeight": 0,
      "waterPumped": 33.7,
      "targetTemperature": 87,
      "targetPumpFlow": 4,
      "targetPressure": 7
    },
    {
      "timeInShot": 8600,
      "pressure": 7.5,
      "pumpFlow": 3.8000000000000003,
      "weightFlow": 0.1,
      "temperature": 87.9,
      "shotWeight": 0,
      "waterPumped": 33.7,
      "targetTemperature": 87,
      "targetPumpFlow": 0,
      "targetPressure": 0
    },
    {
      "timeInShot": 8700,
      "pressure": 7.5,
      "pumpFlow": 3.6,
      "weightFlow": 0.1,
      "temperature": 87.9,
      "shotWeight": 0,
      "waterPumped": 34.6,
      "targetTemperature": 87,
      "targetPumpFlow": 0,
      "targetPressure": 0
    },
    {
      "timeInShot": 8900,
      "pressure": 7.300000000000001,
      "pumpFlow": 3.6,
      "weightFlow": 0.1,
      "temperature": 87.9,
      "shotWeight": 0,
      "waterPumped": 34.6,
      "targetTemperature": 87,
      "targetPumpFlow": 0,
      "targetPressure": 0
    },
    {
      "timeInShot": 9000,
      "pressure": 7,
      "pumpFlow": 2.7,
      "weightFlow": 0.1,
      "temperature": 87.9,
      "shotWeight": 0,
      "waterPumped": 35.2,
      "targetTemperature": 87,
      "targetPumpFlow": 0,
      "targetPressure": 0
    },
    {
      "timeInShot": 9200,
      "pressure": 6.7,
      "pumpFlow": 1.7000000000000002,
      "weightFlow": 0.1,
      "temperature": 87.9,
      "shotWeight": 0,
      "waterPumped": 35.7,
      "targetTemperature": 87,
      "targetPumpFlow": 0,
      "targetPressure": 0
    },
    {
      "timeInShot": 9400,
      "pressure": 6.5,
      "pumpFlow": 1.7000000000000002,
      "weightFlow": 0.1,
      "temperature": 87.9,
      "shotWeight": 0,
      "waterPumped": 35.7,
      "targetTemperature": 87,
      "targetPumpFlow": 0,
      "targetPressure": 0
    },
    {
      "timeInShot": 9500,
      "pressure": 6.2,
      "pumpFlow": 0.9,
      "weightFlow": 0.1,
      "temperature": 87.9,
      "shotWeight": 0,
      "waterPumped": 35.9,
      "targetTemperature": 87,
      "targetPumpFlow": 0,
      "targetPressure": 0
    },
    {
      "timeInShot": 9700,
      "pressure": 6,
      "pumpFlow": 0.9,
      "weightFlow": 0.1,
      "temperature": 87.9,
      "shotWeight": 0,
      "waterPumped": 35.9,
      "targetTemperature": 87,
      "targetPumpFlow": 0,
      "targetPressure": 0
    },
    {
      "timeInShot": 9800,
      "pressure": 5.800000000000001,
      "pumpFlow": 0.5,
      "weightFlow": 0.1,
      "temperature": 87.9,
      "shotWeight": 0,
      "waterPumped": 36,
      "targetTemperature": 87,
      "targetPumpFlow": 0,
      "targetPressure": 0
    },
    {
      "timeInShot": 10000,
      "pressure": 5.6000000000000005,
      "pumpFlow": 0.30000000000000004,
      "weightFlow": 0.2,
      "temperature": 87.9,
      "shotWeight": 0,
      "waterPumped": 36.1,
      "targetTemperature": 87,
      "targetPumpFlow": 0,
      "targetPressure": 0
    },
    {
      "timeInShot": 10100,
      "pressure": 5.4,
      "pumpFlow": 0.30000000000000004,
      "weightFlow": 0.2,
      "temperature": 87.9,
      "shotWeight": 0,
      "waterPumped": 36.1,
      "targetTemperature": 87,
      "targetPumpFlow": 0,
      "targetPressure": 0
    },
    {
      "timeInShot": 10300,
      "pressure": 5.300000000000001,
      "pumpFlow": 0.4,
      "weightFlow": 0.2,
      "temperature": 87.9,
      "shotWeight": 0,
      "waterPumped": 36.2,
      "targetTemperature": 87,
      "targetPumpFlow": 0,
      "targetPressure": 0
    },
    {
      "timeInShot": 10400,
      "pressure": 5.1000000000000005,
      "pumpFlow": 0.4,
      "weightFlow": 0.2,
      "temperature": 87.9,
      "shotWeight": 0,
      "waterPumped": 36.2,
      "targetTemperature": 87,
      "targetPumpFlow": 0,
      "targetPressure": 0
    },
    {
      "timeInShot": 10600,
      "pressure": 4.9,
      "pumpFlow": 0.30000000000000004,
      "weightFlow": 0.2,
      "temperature": 87.9,
      "shotWeight": 0.1,
      "waterPumped": 36.300000000000004,
      "targetTemperature": 87,
      "targetPumpFlow": 0,
      "targetPressure": 0
    },
    {
      "timeInShot": 10700,
      "pressure": 4.800000000000001,
      "pumpFlow": 0.1,
      "weightFlow": 0.2,
      "temperature": 87.9,
      "shotWeight": 0.2,
      "waterPumped": 36.300000000000004,
      "targetTemperature": 87,
      "targetPumpFlow": 0,
      "targetPressure": 0
    },
    {
      "timeInShot": 10900,
      "pressure": 4.6000000000000005,
      "pumpFlow": 0.1,
      "weightFlow": 0.2,
      "temperature": 87.9,
      "shotWeight": 0.2,
      "waterPumped": 36.300000000000004,
      "targetTemperature": 87,
      "targetPumpFlow": 0,
      "targetPressure": 0
    },
    {
      "timeInShot": 11000,
      "pressure": 4.5,
      "pumpFlow": 0.1,
      "weightFlow": 0.2,
      "temperature": 87.9,
      "shotWeight": 0.30000000000000004,
      "waterPumped": 36.300000000000004,
      "targetTemperature": 87,
      "targetPumpFlow": 0,
      "targetPressure": 0
    },
    {
      "timeInShot": 11200,
      "pressure": 4.4,
      "pumpFlow": 0.1,
      "weightFlow": 0.2,
      "temperature": 87.9,
      "shotWeight": 0.30000000000000004,
      "waterPumped": 36.300000000000004,
      "targetTemperature": 87,
      "targetPumpFlow": 0,
      "targetPressure": 0
    },
    {
      "timeInShot": 11300,
      "pressure": 4.3,
      "pumpFlow": 0.1,
      "weightFlow": 0.2,
      "temperature": 87.9,
      "shotWeight": 0.4,
      "waterPumped": 36.300000000000004,
      "targetTemperature": 87,
      "targetPumpFlow": 0,
      "targetPressure": 0
    },
    {
      "timeInShot": 11500,
      "pressure": 4.1000000000000005,
      "pumpFlow": 0.1,
      "weightFlow": 0.2,
      "temperature": 87.9,
      "shotWeight": 0.30000000000000004,
      "waterPumped": 36.300000000000004,
      "targetTemperature": 87,
      "targetPumpFlow": 0,
      "targetPressure": 0
    },
    {
      "timeInShot": 11600,
      "pressure": 4,
      "pumpFlow": 0.1,
      "weightFlow": 0.2,
      "temperature": 87.9,
      "shotWeight": 0.30000000000000004,
      "waterPumped": 36.300000000000004,
      "targetTemperature": 87,
      "targetPumpFlow": 0,
      "targetPressure": 0
    },
    {
      "timeInShot": 11800,
      "pressure": 3.9000000000000004,
      "pumpFlow": 0.1,
      "weightFlow": 0.2,
      "temperature": 87.9,
      "shotWeight": 0.6000000000000001,
      "waterPumped": 36.300000000000004,
      "targetTemperature": 87,
      "targetPumpFlow": 0,
      "targetPressure": 0
    },
    {
      "timeInShot": 11900,
      "pressure": 3.8000000000000003,
      "pumpFlow": 0.1,
      "weightFlow": 0.2,
      "temperature": 87.9,
      "shotWeight": 0.6000000000000001,
      "waterPumped": 36.300000000000004,
      "targetTemperature": 87,
      "targetPumpFlow": 0,
      "targetPressure": 0
    },
    {
      "timeInShot": 12100,
      "pressure": 3.7,
      "pumpFlow": 0,
      "weightFlow": 0.2,
      "temperature": 87.9,
      "shotWeight": 0.7000000000000001,
      "waterPumped": 36.4,
      "targetTemperature": 87,
      "targetPumpFlow": 0,
      "targetPressure": 0
    },
    {
      "timeInShot": 12200,
      "pressure": 3.6,
      "pumpFlow": 0,
      "weightFlow": 0.2,
      "temperature": 87.9,
      "shotWeight": 0.7000000000000001,
      "waterPumped": 36.4,
      "targetTemperature": 87,
      "targetPumpFlow": 0,
      "targetPressure": 0
    },
    {
      "timeInShot": 12400,
      "pressure": 3.5,
      "pumpFlow": 0,
      "weightFlow": 0.2,
      "temperature": 87.9,
      "shotWeight": 0.7000000000000001,
      "waterPumped": 36.4,
      "targetTemperature": 87,
      "targetPumpFlow": 0,
      "targetPressure": 0
    },
    {
      "timeInShot": 12500,
      "pressure": 3.4000000000000004,
      "pumpFlow": 0,
      "weightFlow": 0.30000000000000004,
      "temperature": 88,
      "shotWeight": 0.9,
      "waterPumped": 36.4,
      "targetTemperature": 87,
      "targetPumpFlow": 0,
      "targetPressure": 0
    },
    {
      "timeInShot": 12700,
      "pressure": 3.3000000000000003,
      "pumpFlow": 0,
      "weightFlow": 0.30000000000000004,
      "temperature": 88,
      "shotWeight": 0.9,
      "waterPumped": 36.4,
      "targetTemperature": 87,
      "targetPumpFlow": 0,
      "targetPressure": 0
    },
    {
      "timeInShot": 12800,
      "pressure": 3.2,
      "pumpFlow": 0,
      "weightFlow": 0.30000000000000004,
      "temperature": 88,
      "shotWeight": 0.9,
      "waterPumped": 36.4,
      "targetTemperature": 87,
      "targetPumpFlow": 0,
      "targetPressure": 0
    },
    {
      "timeInShot": 13000,
      "pressure": 3.1,
      "pumpFlow": 0,
      "weightFlow": 0.30000000000000004,
      "temperature": 88,
      "shotWeight": 1.3,
      "waterPumped": 36.4,
      "targetTemperature": 87,
      "targetPumpFlow": 0,
      "targetPressure": 0
    },
    {
      "timeInShot": 13100,
      "pressure": 3.1,
      "pumpFlow": 0,
      "weightFlow": 0.30000000000000004,
      "temperature": 88,
      "shotWeight": 1.3,
      "waterPumped": 36.4,
      "targetTemperature": 87,
      "targetPumpFlow": 0,
      "targetPressure": 0
    },
    {
      "timeInShot": 13300,
      "pressure": 3,
      "pumpFlow": 0,
      "weightFlow": 0.30000000000000004,
      "temperature": 88,
      "shotWeight": 1.2000000000000002,
      "waterPumped": 36.4,
      "targetTemperature": 87,
      "targetPumpFlow": 0,
      "targetPressure": 0
    },
    {
      "timeInShot": 13500,
      "pressure": 2.9000000000000004,
      "pumpFlow": 0,
      "weightFlow": 0.30000000000000004,
      "temperature": 88,
      "shotWeight": 1.2000000000000002,
      "waterPumped": 36.4,
      "targetTemperature": 87,
      "targetPumpFlow": 0,
      "targetPressure": 0
    },
    {
      "timeInShot": 13600,
      "pressure": 2.8000000000000003,
      "pumpFlow": 0,
      "weightFlow": 0.30000000000000004,
      "temperature": 88,
      "shotWeight": 1.2000000000000002,
      "waterPumped": 36.4,
      "targetTemperature": 87,
      "targetPumpFlow": 0,
      "targetPressure": 0
    },
    {
      "timeInShot": 13800,
      "pressure": 2.8000000000000003,
      "pumpFlow": 0,
      "weightFlow": 0.30000000000000004,
      "temperature": 88,
      "shotWeight": 1.4000000000000001,
      "waterPumped": 36.4,
      "targetTemperature": 87,
      "targetPumpFlow": 0,
      "targetPressure": 0
    },
    {
      "timeInShot": 13900,
      "pressure": 2.7,
      "pumpFlow": 0,
      "weightFlow": 0.30000000000000004,
      "temperature": 88,
      "shotWeight": 1.4000000000000001,
      "waterPumped": 36.4,
      "targetTemperature": 87,
      "targetPumpFlow": 0,
      "targetPressure": 0
    },
    {
      "timeInShot": 14100,
      "pressure": 2.6,
      "pumpFlow": 0,
      "weightFlow": 0.30000000000000004,
      "temperature": 88,
      "shotWeight": 1.5,
      "waterPumped": 36.4,
      "targetTemperature": 87,
      "targetPumpFlow": 0,
      "targetPressure": 0
    },
    {
      "timeInShot": 14200,
      "pressure": 2.6,
      "pumpFlow": 0,
      "weightFlow": 0.30000000000000004,
      "temperature": 88,
      "shotWeight": 1.5,
      "waterPumped": 36.4,
      "targetTemperature": 87,
      "targetPumpFlow": 0,
      "targetPressure": 0
    },
    {
      "timeInShot": 14400,
      "pressure": 2.5,
      "pumpFlow": 0,
      "weightFlow": 0.4,
      "temperature": 88,
      "shotWeight": 1.7000000000000002,
      "waterPumped": 36.4,
      "targetTemperature": 87,
      "targetPumpFlow": 0,
      "targetPressure": 0
    },
    {
      "timeInShot": 14500,
      "pressure": 2.4000000000000004,
      "pumpFlow": 0,
      "weightFlow": 0.4,
      "temperature": 88,
      "shotWeight": 1.7000000000000002,
      "waterPumped": 36.4,
      "targetTemperature": 87,
      "targetPumpFlow": 0,
      "targetPressure": 0
    },
    {
      "timeInShot": 14700,
      "pressure": 2.4000000000000004,
      "pumpFlow": 0,
      "weightFlow": 0.4,
      "temperature": 88,
      "shotWeight": 1.7000000000000002,
      "waterPumped": 36.4,
      "targetTemperature": 87,
      "targetPumpFlow": 0,
      "targetPressure": 0
    },
    {
      "timeInShot": 14800,
      "pressure": 2.3000000000000003,
      "pumpFlow": 0,
      "weightFlow": 0.4,
      "temperature": 88,
      "shotWeight": 1.8,
      "waterPumped": 36.4,
      "targetTemperature": 87,
      "targetPumpFlow": 0,
      "targetPressure": 0
    },
    {
      "timeInShot": 15000,
      "pressure": 2.3000000000000003,
      "pumpFlow": 0,
      "weightFlow": 0.4,
      "temperature": 88,
      "shotWeight": 1.8,
      "waterPumped": 36.4,
      "targetTemperature": 87,
      "targetPumpFlow": 0,
      "targetPressure": 0
    },
    {
      "timeInShot": 15100,
      "pressure": 2.2,
      "pumpFlow": 0,
      "weightFlow": 0.4,
      "temperature": 88,
      "shotWeight": 2,
      "waterPumped": 36.4,
      "targetTemperature": 87,
      "targetPumpFlow": 0,
      "targetPressure": 0
    },
    {
      "timeInShot": 15300,
      "pressure": 2.2,
      "pumpFlow": 0,
      "weightFlow": 0.4,
      "temperature": 88,
      "shotWeight": 2.1,
      "waterPumped": 36.4,
      "targetTemperature": 87,
      "targetPumpFlow": 0,
      "targetPressure": 0
    },
    {
      "timeInShot": 15400,
      "pressure": 2.1,
      "pumpFlow": 0,
      "weightFlow": 0.4,
      "temperature": 88,
      "shotWeight": 2.1,
      "waterPumped": 36.4,
      "targetTemperature": 87,
      "targetPumpFlow": 0,
      "targetPressure": 0
    },
    {
      "timeInShot": 15600,
      "pressure": 2.1,
      "pumpFlow": 0,
      "weightFlow": 0.4,
      "temperature": 88,
      "shotWeight": 2.2,
      "waterPumped": 36.4,
      "targetTemperature": 87,
      "targetPumpFlow": 0,
      "targetPressure": 0
    },
    {
      "timeInShot": 15700,
      "pressure": 2.1,
      "pumpFlow": 0,
      "weightFlow": 0.4,
      "temperature": 88,
      "shotWeight": 2.2,
      "waterPumped": 36.4,
      "targetTemperature": 87,
      "targetPumpFlow": 0,
      "targetPressure": 0
    },
    {
      "timeInShot": 15900,
      "pressure": 2,
      "pumpFlow": 0,
      "weightFlow": 0.4,
      "temperature": 88,
      "shotWeight": 2.2,
      "waterPumped": 36.4,
      "targetTemperature": 87,
      "targetPumpFlow": 0,
      "targetPressure": 0
    },
    {
      "timeInShot": 16000,
      "pressure": 2,
      "pumpFlow": 0,
      "weightFlow": 0.4,
      "temperature": 88,
      "shotWeight": 2.3000000000000003,
      "waterPumped": 36.4,
      "targetTemperature": 87,
      "targetPumpFlow": 0,
      "targetPressure": 0
    },
    {
      "timeInShot": 16200,
      "pressure": 1.9000000000000001,
      "pumpFlow": 0,
      "weightFlow": 0.4,
      "temperature": 88,
      "shotWeight": 2.3000000000000003,
      "waterPumped": 36.4,
      "targetTemperature": 87,
      "targetPumpFlow": 0,
      "targetPressure": 0
    },
    {
      "timeInShot": 16300,
      "pressure": 1.9000000000000001,
      "pumpFlow": 0,
      "weightFlow": 0.4,
      "temperature": 88,
      "shotWeight": 2.5,
      "waterPumped": 36.5,
      "targetTemperature": 87,
      "targetPumpFlow": 0,
      "targetPressure": 0
    },
    {
      "timeInShot": 16500,
      "pressure": 1.9000000000000001,
      "pumpFlow": 0,
      "weightFlow": 0.4,
      "temperature": 88,
      "shotWeight": 2.7,
      "waterPumped": 36.5,
      "targetTemperature": 87,
      "targetPumpFlow": 0,
      "targetPressure": 0
    },
    {
      "timeInShot": 16600,
      "pressure": 1.8,
      "pumpFlow": 0,
      "weightFlow": 0.4,
      "temperature": 88,
      "shotWeight": 2.7,
      "waterPumped": 36.5,
      "targetTemperature": 87,
      "targetPumpFlow": 0,
      "targetPressure": 0
    },
    {
      "timeInShot": 16800,
      "pressure": 1.8,
      "pumpFlow": 0,
      "weightFlow": 0.4,
      "temperature": 88,
      "shotWeight": 2.7,
      "waterPumped": 36.5,
      "targetTemperature": 87,
      "targetPumpFlow": 0,
      "targetPressure": 0
    },
    {
      "timeInShot": 16900,
      "pressure": 1.8,
      "pumpFlow": 0,
      "weightFlow": 0.4,
      "temperature": 88,
      "shotWeight": 2.7,
      "waterPumped": 36.5,
      "targetTemperature": 87,
      "targetPumpFlow": 0,
      "targetPressure": 0
    },
    {
      "timeInShot": 17100,
      "pressure": 1.7000000000000002,
      "pumpFlow": 0,
      "weightFlow": 0.5,
      "temperature": 88,
      "shotWeight": 2.7,
      "waterPumped": 36.5,
      "targetTemperature": 87,
      "targetPumpFlow": 0,
      "targetPressure": 0
    },
    {
      "timeInShot": 17200,
      "pressure": 1.7000000000000002,
      "pumpFlow": 0,
      "weightFlow": 0.4,
      "temperature": 88,
      "shotWeight": 2.7,
      "waterPumped": 36.5,
      "targetTemperature": 87,
      "targetPumpFlow": 0,
      "targetPressure": 0
    },
    {
      "timeInShot": 17400,
      "pressure": 1.7000000000000002,
      "pumpFlow": 0,
      "weightFlow": 0.4,
      "temperature": 88,
      "shotWeight": 2.7,
      "waterPumped": 36.5,
      "targetTemperature": 87,
      "targetPumpFlow": 0,
      "targetPressure": 0
    },
    {
      "timeInShot": 17500,
      "pressure": 1.6,
      "pumpFlow": 0,
      "weightFlow": 0.4,
      "temperature": 88,
      "shotWeight": 2.9000000000000004,
      "waterPumped": 36.5,
      "targetTemperature": 87,
      "targetPumpFlow": 0,
      "targetPressure": 0
    },
    {
      "timeInShot": 17700,
      "pressure": 1.6,
      "pumpFlow": 0,
      "weightFlow": 0.4,
      "temperature": 88,
      "shotWeight": 2.9000000000000004,
      "waterPumped": 36.5,
      "targetTemperature": 87,
      "targetPumpFlow": 0,
      "targetPressure": 0
    },
    {
      "timeInShot": 17800,
      "pressure": 1.6,
      "pumpFlow": 0,
      "weightFlow": 0.5,
      "temperature": 88,
      "shotWeight": 3.2,
      "waterPumped": 36.5,
      "targetTemperature": 87,
      "targetPumpFlow": 0,
      "targetPressure": 0
    },
    {
      "timeInShot": 18000,
      "pressure": 1.6,
      "pumpFlow": 0,
      "weightFlow": 0.5,
      "temperature": 88,
      "shotWeight": 3.1,
      "waterPumped": 36.5,
      "targetTemperature": 87,
      "targetPumpFlow": 0,
      "targetPressure": 0
    },
    {
      "timeInShot": 18200,
      "pressure": 1.6,
      "pumpFlow": 0,
      "weightFlow": 0.5,
      "temperature": 88,
      "shotWeight": 3.1,
      "waterPumped": 36.5,
      "targetTemperature": 87,
      "targetPumpFlow": 0,
      "targetPressure": 0
    },
    {
      "timeInShot": 18300,
      "pressure": 1.5,
      "pumpFlow": 0,
      "weightFlow": 0.5,
      "temperature": 88,
      "shotWeight": 3.2,
      "waterPumped": 36.5,
      "targetTemperature": 87,
      "targetPumpFlow": 0,
      "targetPressure": 0
    },
    {
      "timeInShot": 18500,
      "pressure": 1.5,
      "pumpFlow": 0,
      "weightFlow": 0.5,
      "temperature": 88,
      "shotWeight": 3.2,
      "waterPumped": 36.5,
      "targetTemperature": 87,
      "targetPumpFlow": 0,
      "targetPressure": 0
    },
    {
      "timeInShot": 18600,
      "pressure": 1.5,
      "pumpFlow": 0,
      "weightFlow": 0.5,
      "temperature": 88,
      "shotWeight": 3.2,
      "waterPumped": 36.5,
      "targetTemperature": 87,
      "targetPumpFlow": 0,
      "targetPressure": 0
    },
    {
      "timeInShot": 18800,
      "pressure": 1.5,
      "pumpFlow": 0,
      "weightFlow": 0.5,
      "temperature": 88,
      "shotWeight": 3.4000000000000004,
      "waterPumped": 36.5,
      "targetTemperature": 87,
      "targetPumpFlow": 0,
      "targetPressure": 0
    },
    {
      "timeInShot": 18900,
      "pressure": 1.5,
      "pumpFlow": 0,
      "weightFlow": 0.5,
      "temperature": 88,
      "shotWeight": 3.4000000000000004,
      "waterPumped": 36.5,
      "targetTemperature": 87,
      "targetPumpFlow": 0,
      "targetPressure": 0
    },
    {
      "timeInShot": 19100,
      "pressure": 1.4000000000000001,
      "pumpFlow": 0,
      "weightFlow": 0.5,
      "temperature": 88,
      "shotWeight": 3.7,
      "waterPumped": 36.5,
      "targetTemperature": 87,
      "targetPumpFlow": 0,
      "targetPressure": 0
    },
    {
      "timeInShot": 19200,
      "pressure": 1.4000000000000001,
      "pumpFlow": 0,
      "weightFlow": 0.5,
      "temperature": 88,
      "shotWeight": 3.7,
      "waterPumped": 36.5,
      "targetTemperature": 87,
      "targetPumpFlow": 0,
      "targetPressure": 0
    },
    {
      "timeInShot": 19400,
      "pressure": 1.4000000000000001,
      "pumpFlow": 0,
      "weightFlow": 0.5,
      "temperature": 88,
      "shotWeight": 3.6,
      "waterPumped": 36.5,
      "targetTemperature": 87,
      "targetPumpFlow": 0,
      "targetPressure": 0
    },
    {
      "timeInShot": 19500,
      "pressure": 1.4000000000000001,
      "pumpFlow": 0,
      "weightFlow": 0.5,
      "temperature": 88,
      "shotWeight": 3.7,
      "waterPumped": 36.5,
      "targetTemperature": 87,
      "targetPumpFlow": 0,
      "targetPressure": 0
    },
    {
      "timeInShot": 19700,
      "pressure": 1.4000000000000001,
      "pumpFlow": 0,
      "weightFlow": 0.5,
      "temperature": 88,
      "shotWeight": 3.7,
      "waterPumped": 36.5,
      "targetTemperature": 87,
      "targetPumpFlow": 0,
      "targetPressure": 0
    },
    {
      "timeInShot": 19800,
      "pressure": 1.4000000000000001,
      "pumpFlow": 0,
      "weightFlow": 0.5,
      "temperature": 88,
      "shotWeight": 3.7,
      "waterPumped": 36.5,
      "targetTemperature": 87,
      "targetPumpFlow": 0,
      "targetPressure": 0
    },
    {
      "timeInShot": 20000,
      "pressure": 1.3,
      "pumpFlow": 0,
      "weightFlow": 0.5,
      "temperature": 88,
      "shotWeight": 3.7,
      "waterPumped": 36.5,
      "targetTemperature": 87,
      "targetPumpFlow": 0,
      "targetPressure": 0
    },
    {
      "timeInShot": 20100,
      "pressure": 1.3,
      "pumpFlow": 0,
      "weightFlow": 0.5,
      "temperature": 88,
      "shotWeight": 3.9000000000000004,
      "waterPumped": 36.5,
      "targetTemperature": 87,
      "targetPumpFlow": 0,
      "targetPressure": 0
    },
    {
      "timeInShot": 20300,
      "pressure": 1.3,
      "pumpFlow": 0,
      "weightFlow": 0.5,
      "temperature": 88,
      "shotWeight": 3.9000000000000004,
      "waterPumped": 36.5,
      "targetTemperature": 87,
      "targetPumpFlow": 0,
      "targetPressure": 0
    },
    {
      "timeInShot": 20400,
      "pressure": 1.3,
      "pumpFlow": 0,
      "weightFlow": 0.5,
      "temperature": 88,
      "shotWeight": 3.9000000000000004,
      "waterPumped": 36.5,
      "targetTemperature": 87,
      "targetPumpFlow": 0,
      "targetPressure": 0
    },
    {
      "timeInShot": 20600,
      "pressure": 1.3,
      "pumpFlow": 0,
      "weightFlow": 0.5,
      "temperature": 88,
      "shotWeight": 4,
      "waterPumped": 36.5,
      "targetTemperature": 87,
      "targetPumpFlow": 0,
      "targetPressure": 0
    },
    {
      "timeInShot": 20700,
      "pressure": 1.3,
      "pumpFlow": 0,
      "weightFlow": 0.5,
      "temperature": 88,
      "shotWeight": 4,
      "waterPumped": 36.5,
      "targetTemperature": 87,
      "targetPumpFlow": 0,
      "targetPressure": 0
    },
    {
      "timeInShot": 20900,
      "pressure": 1.3,
      "pumpFlow": 0,
      "weightFlow": 0.5,
      "temperature": 88,
      "shotWeight": 4.2,
      "waterPumped": 36.5,
      "targetTemperature": 87,
      "targetPumpFlow": 0,
      "targetPressure": 0
    },
    {
      "timeInShot": 21000,
      "pressure": 1.3,
      "pumpFlow": 0,
      "weightFlow": 0.5,
      "temperature": 88,
      "shotWeight": 4.1000000000000005,
      "waterPumped": 36.5,
      "targetTemperature": 87,
      "targetPumpFlow": 0,
      "targetPressure": 0
    },
    {
      "timeInShot": 21200,
      "pressure": 1.2000000000000002,
      "pumpFlow": 0,
      "weightFlow": 0.5,
      "temperature": 88,
      "shotWeight": 4.1000000000000005,
      "waterPumped": 36.5,
      "targetTemperature": 87,
      "targetPumpFlow": 0,
      "targetPressure": 0
    },
    {
      "timeInShot": 21300,
      "pressure": 1.2000000000000002,
      "pumpFlow": 0,
      "weightFlow": 0.5,
      "temperature": 88,
      "shotWeight": 4.2,
      "waterPumped": 36.5,
      "targetTemperature": 87,
      "targetPumpFlow": 0,
      "targetPressure": 0
    },
    {
      "timeInShot": 21500,
      "pressure": 1.2000000000000002,
      "pumpFlow": 0,
      "weightFlow": 0.5,
      "temperature": 88,
      "shotWeight": 4.2,
      "waterPumped": 36.5,
      "targetTemperature": 87,
      "targetPumpFlow": 0,
      "targetPressure": 0
    },
    {
      "timeInShot": 21600,
      "pressure": 1.2000000000000002,
      "pumpFlow": 0,
      "weightFlow": 0.5,
      "temperature": 88,
      "shotWeight": 4.3,
      "waterPumped": 36.5,
      "targetTemperature": 87,
      "targetPumpFlow": 0,
      "targetPressure": 0
    },
    {
      "timeInShot": 21800,
      "pressure": 1.2000000000000002,
      "pumpFlow": 0,
      "weightFlow": 0.5,
      "temperature": 0,
      "shotWeight": 4.4,
      "waterPumped": 36.5,
      "targetTemperature": 87,
      "targetPumpFlow": 0,
      "targetPressure": 0
    },
    {
      "timeInShot": 21900,
      "pressure": 1.2000000000000002,
      "pumpFlow": 0,
      "weightFlow": 0.5,
      "temperature": 87.9,
      "shotWeight": 4.4,
      "waterPumped": 36.5,
      "targetTemperature": 87,
      "targetPumpFlow": 0,
      "targetPressure": 0
    },
    {
      "timeInShot": 22100,
      "pressure": 1.2000000000000002,
      "pumpFlow": 0,
      "weightFlow": 0.5,
      "temperature": 87.9,
      "shotWeight": 4.4,
      "waterPumped": 36.5,
      "targetTemperature": 87,
      "targetPumpFlow": 0,
      "targetPressure": 0
    },
    {
      "timeInShot": 22200,
      "pressure": 1.2000000000000002,
      "pumpFlow": 0,
      "weightFlow": 0.5,
      "temperature": 87.9,
      "shotWeight": 4.4,
      "waterPumped": 36.5,
      "targetTemperature": 87,
      "targetPumpFlow": 0,
      "targetPressure": 0
    },
    {
      "timeInShot": 22400,
      "pressure": 1.2000000000000002,
      "pumpFlow": 0,
      "weightFlow": 0.5,
      "temperature": 0,
      "shotWeight": 4.4,
      "waterPumped": 36.5,
      "targetTemperature": 87,
      "targetPumpFlow": 0,
      "targetPressure": 0
    },
    {
      "timeInShot": 22500,
      "pressure": 1.2000000000000002,
      "pumpFlow": 0,
      "weightFlow": 0.5,
      "temperature": 87.9,
      "shotWeight": 4.800000000000001,
      "waterPumped": 36.5,
      "targetTemperature": 87,
      "targetPumpFlow": 0,
      "targetPressure": 0
    },
    {
      "timeInShot": 22700,
      "pressure": 1.1,
      "pumpFlow": 0,
      "weightFlow": 0.5,
      "temperature": 87.9,
      "shotWeight": 4.800000000000001,
      "waterPumped": 36.5,
      "targetTemperature": 87,
      "targetPumpFlow": 0,
      "targetPressure": 0
    },
    {
      "timeInShot": 22900,
      "pressure": 1.1,
      "pumpFlow": 0,
      "weightFlow": 0.5,
      "temperature": 87.9,
      "shotWeight": 4.800000000000001,
      "waterPumped": 36.5,
      "targetTemperature": 87,
      "targetPumpFlow": 0,
      "targetPressure": 0
    },
    {
      "timeInShot": 23000,
      "pressure": 1.1,
      "pumpFlow": 0,
      "weightFlow": 0.5,
      "temperature": 87.9,
      "shotWeight": 4.800000000000001,
      "waterPumped": 36.5,
      "targetTemperature": 87,
      "targetPumpFlow": 0,
      "targetPressure": 0
    },
    {
      "timeInShot": 23200,
      "pressure": 1.1,
      "pumpFlow": 0,
      "weightFlow": 0.6000000000000001,
      "temperature": 87.9,
      "shotWeight": 4.800000000000001,
      "waterPumped": 36.5,
      "targetTemperature": 87,
      "targetPumpFlow": 0,
      "targetPressure": 0
    },
    {
      "timeInShot": 23300,
      "pressure": 1.1,
      "pumpFlow": 0,
      "weightFlow": 0.6000000000000001,
      "temperature": 87.9,
      "shotWeight": 4.800000000000001,
      "waterPumped": 36.5,
      "targetTemperature": 87,
      "targetPumpFlow": 0,
      "targetPressure": 0
    },
    {
      "timeInShot": 23500,
      "pressure": 1.1,
      "pumpFlow": 0,
      "weightFlow": 0.6000000000000001,
      "temperature": 87.9,
      "shotWeight": 4.800000000000001,
      "waterPumped": 36.5,
      "targetTemperature": 87,
      "targetPumpFlow": 0,
      "targetPressure": 0
    },
    {
      "timeInShot": 23600,
      "pressure": 1.1,
      "pumpFlow": 0,
      "weightFlow": 0.6000000000000001,
      "temperature": 87.9,
      "shotWeight": 5,
      "waterPumped": 36.5,
      "targetTemperature": 87,
      "targetPumpFlow": 0,
      "targetPressure": 0
    },
    {
      "timeInShot": 23800,
      "pressure": 1.1,
      "pumpFlow": 0,
      "weightFlow": 0.6000000000000001,
      "temperature": 87.9,
      "shotWeight": 5,
      "waterPumped": 36.5,
      "targetTemperature": 87,
      "targetPumpFlow": 0,
      "targetPressure": 0
    },
    {
      "timeInShot": 23900,
      "pressure": 1.1,
      "pumpFlow": 0,
      "weightFlow": 0.6000000000000001,
      "temperature": 87.9,
      "shotWeight": 5,
      "waterPumped": 36.5,
      "targetTemperature": 87,
      "targetPumpFlow": 0,
      "targetPressure": 0
    },
    {
      "timeInShot": 24100,
      "pressure": 1.1,
      "pumpFlow": 0,
      "weightFlow": 0.6000000000000001,
      "temperature": 87.9,
      "shotWeight": 5,
      "waterPumped": 36.5,
      "targetTemperature": 87,
      "targetPumpFlow": 0,
      "targetPressure": 0
    },
    {
      "timeInShot": 24200,
      "pressure": 1.1,
      "pumpFlow": 0,
      "weightFlow": 0.6000000000000001,
      "temperature": 87.9,
      "shotWeight": 5,
      "waterPumped": 36.5,
      "targetTemperature": 87,
      "targetPumpFlow": 0,
      "targetPressure": 0
    },
    {
      "timeInShot": 24400,
      "pressure": 1.1,
      "pumpFlow": 0,
      "weightFlow": 0.6000000000000001,
      "temperature": 87.9,
      "shotWeight": 5.1000000000000005,
      "waterPumped": 36.5,
      "targetTemperature": 87,
      "targetPumpFlow": 0.1,
      "targetPressure": 0
    },
    {
      "timeInShot": 24500,
      "pressure": 1.1,
      "pumpFlow": 0,
      "weightFlow": 0.6000000000000001,
      "temperature": 87.9,
      "shotWeight": 5.2,
      "waterPumped": 36.5,
      "targetTemperature": 87,
      "targetPumpFlow": 0.2,
      "targetPressure": 0
    },
    {
      "timeInShot": 24700,
      "pressure": 1.1,
      "pumpFlow": 0,
      "weightFlow": 0.6000000000000001,
      "temperature": 87.9,
      "shotWeight": 5.2,
      "waterPumped": 36.5,
      "targetTemperature": 87,
      "targetPumpFlow": 0.30000000000000004,
      "targetPressure": 0
    },
    {
      "timeInShot": 24800,
      "pressure": 1,
      "pumpFlow": 0,
      "weightFlow": 0.6000000000000001,
      "temperature": 87.9,
      "shotWeight": 5.2,
      "waterPumped": 36.5,
      "targetTemperature": 87,
      "targetPumpFlow": 0.4,
      "targetPressure": 0
    },
    {
      "timeInShot": 25000,
      "pressure": 1.1,
      "pumpFlow": 0,
      "weightFlow": 0.6000000000000001,
      "temperature": 87.9,
      "shotWeight": 5.2,
      "waterPumped": 36.5,
      "targetTemperature": 87,
      "targetPumpFlow": 0.5,
      "targetPressure": 0
    },
    {
      "timeInShot": 25100,
      "pressure": 1.1,
      "pumpFlow": 0,
      "weightFlow": 0.6000000000000001,
      "temperature": 87.9,
      "shotWeight": 5.2,
      "waterPumped": 36.5,
      "targetTemperature": 87,
      "targetPumpFlow": 0.5,
      "targetPressure": 0
    },
    {
      "timeInShot": 25300,
      "pressure": 1.1,
      "pumpFlow": 0,
      "weightFlow": 0.6000000000000001,
      "temperature": 87.9,
      "shotWeight": 5.300000000000001,
      "waterPumped": 36.5,
      "targetTemperature": 87,
      "targetPumpFlow": 0.6000000000000001,
      "targetPressure": 0
    },
    {
      "timeInShot": 25400,
      "pressure": 1,
      "pumpFlow": 0,
      "weightFlow": 0.6000000000000001,
      "temperature": 87.9,
      "shotWeight": 5.300000000000001,
      "waterPumped": 36.5,
      "targetTemperature": 87,
      "targetPumpFlow": 0.7000000000000001,
      "targetPressure": 0
    },
    {
      "timeInShot": 25600,
      "pressure": 1.1,
      "pumpFlow": 0.1,
      "weightFlow": 0.5,
      "temperature": 87.9,
      "shotWeight": 5.4,
      "waterPumped": 36.5,
      "targetTemperature": 87,
      "targetPumpFlow": 0.8,
      "targetPressure": 0
    },
    {
      "timeInShot": 25700,
      "pressure": 1.1,
      "pumpFlow": 0.1,
      "weightFlow": 0.5,
      "temperature": 87.9,
      "shotWeight": 5.4,
      "waterPumped": 36.5,
      "targetTemperature": 87,
      "targetPumpFlow": 0.9,
      "targetPressure": 0
    },
    {
      "timeInShot": 25900,
      "pressure": 1.1,
      "pumpFlow": 0.1,
      "weightFlow": 0.5,
      "temperature": 87.9,
      "shotWeight": 5.5,
      "waterPumped": 36.6,
      "targetTemperature": 87,
      "targetPumpFlow": 1,
      "targetPressure": 0
    },
    {
      "timeInShot": 26000,
      "pressure": 1.1,
      "pumpFlow": 0.1,
      "weightFlow": 0.5,
      "temperature": 0,
      "shotWeight": 5.6000000000000005,
      "waterPumped": 36.6,
      "targetTemperature": 87,
      "targetPumpFlow": 1,
      "targetPressure": 0
    },
    {
      "timeInShot": 26200,
      "pressure": 1.1,
      "pumpFlow": 0.1,
      "weightFlow": 0.5,
      "temperature": 87.9,
      "shotWeight": 5.6000000000000005,
      "waterPumped": 36.6,
      "targetTemperature": 87,
      "targetPumpFlow": 1.1,
      "targetPressure": 0
    },
    {
      "timeInShot": 26300,
      "pressure": 1.3,
      "pumpFlow": 0.2,
      "weightFlow": 0.5,
      "temperature": 87.9,
      "shotWeight": 5.6000000000000005,
      "waterPumped": 36.7,
      "targetTemperature": 87,
      "targetPumpFlow": 1.2000000000000002,
      "targetPressure": 0
    },
    {
      "timeInShot": 26500,
      "pressure": 1.3,
      "pumpFlow": 0.2,
      "weightFlow": 0.5,
      "temperature": 87.9,
      "shotWeight": 5.6000000000000005,
      "waterPumped": 36.7,
      "targetTemperature": 87,
      "targetPumpFlow": 1.3,
      "targetPressure": 0
    },
    {
      "timeInShot": 26600,
      "pressure": 1.3,
      "pumpFlow": 0.30000000000000004,
      "weightFlow": 0.5,
      "temperature": 87.9,
      "shotWeight": 5.6000000000000005,
      "waterPumped": 36.7,
      "targetTemperature": 87,
      "targetPumpFlow": 1.3,
      "targetPressure": 0
    },
    {
      "timeInShot": 26800,
      "pressure": 1.5,
      "pumpFlow": 0.30000000000000004,
      "weightFlow": 0.5,
      "temperature": 87.9,
      "shotWeight": 5.800000000000001,
      "waterPumped": 36.800000000000004,
      "targetTemperature": 87,
      "targetPumpFlow": 1.4000000000000001,
      "targetPressure": 0
    },
    {
      "timeInShot": 26900,
      "pressure": 1.4000000000000001,
      "pumpFlow": 0.30000000000000004,
      "weightFlow": 0.5,
      "temperature": 87.9,
      "shotWeight": 5.800000000000001,
      "waterPumped": 36.800000000000004,
      "targetTemperature": 87,
      "targetPumpFlow": 1.5,
      "targetPressure": 0
    },
    {
      "timeInShot": 27100,
      "pressure": 1.5,
      "pumpFlow": 0.5,
      "weightFlow": 0.5,
      "temperature": 87.9,
      "shotWeight": 5.800000000000001,
      "waterPumped": 36.9,
      "targetTemperature": 87,
      "targetPumpFlow": 1.5,
      "targetPressure": 0
    },
    {
      "timeInShot": 27300,
      "pressure": 1.5,
      "pumpFlow": 0.5,
      "weightFlow": 0.5,
      "temperature": 87.9,
      "shotWeight": 5.800000000000001,
      "waterPumped": 36.9,
      "targetTemperature": 87,
      "targetPumpFlow": 1.6,
      "targetPressure": 0
    },
    {
      "timeInShot": 27400,
      "pressure": 1.6,
      "pumpFlow": 0.6000000000000001,
      "weightFlow": 0.6000000000000001,
      "temperature": 87.9,
      "shotWeight": 6,
      "waterPumped": 37.1,
      "targetTemperature": 87,
      "targetPumpFlow": 1.6,
      "targetPressure": 0
    },
    {
      "timeInShot": 27600,
      "pressure": 1.7000000000000002,
      "pumpFlow": 0.7000000000000001,
      "weightFlow": 0.6000000000000001,
      "temperature": 87.9,
      "shotWeight": 6,
      "waterPumped": 37.300000000000004,
      "targetTemperature": 87,
      "targetPumpFlow": 1.7000000000000002,
      "targetPressure": 0
    },
    {
      "timeInShot": 27700,
      "pressure": 1.9000000000000001,
      "pumpFlow": 0.7000000000000001,
      "weightFlow": 0.6000000000000001,
      "temperature": 87.9,
      "shotWeight": 6,
      "waterPumped": 37.300000000000004,
      "targetTemperature": 87,
      "targetPumpFlow": 1.7000000000000002,
      "targetPressure": 0
    },
    {
      "timeInShot": 27900,
      "pressure": 2,
      "pumpFlow": 0.9,
      "weightFlow": 0.6000000000000001,
      "temperature": 87.9,
      "shotWeight": 6,
      "waterPumped": 37.5,
      "targetTemperature": 87,
      "targetPumpFlow": 1.8,
      "targetPressure": 0
    },
    {
      "timeInShot": 28000,
      "pressure": 2,
      "pumpFlow": 0.9,
      "weightFlow": 0.6000000000000001,
      "temperature": 87.9,
      "shotWeight": 6,
      "waterPumped": 37.5,
      "targetTemperature": 87,
      "targetPumpFlow": 1.8,
      "targetPressure": 0
    },
    {
      "timeInShot": 28200,
      "pressure": 2,
      "pumpFlow": 1.1,
      "weightFlow": 0.6000000000000001,
      "temperature": 87.9,
      "shotWeight": 6.2,
      "waterPumped": 37.800000000000004,
      "targetTemperature": 87,
      "targetPumpFlow": 1.8,
      "targetPressure": 0
    },
    {
      "timeInShot": 28300,
      "pressure": 2.1,
      "pumpFlow": 1.2000000000000002,
      "weightFlow": 0.6000000000000001,
      "temperature": 87.9,
      "shotWeight": 6.300000000000001,
      "waterPumped": 38.1,
      "targetTemperature": 87,
      "targetPumpFlow": 1.9000000000000001,
      "targetPressure": 0
    },
    {
      "timeInShot": 28500,
      "pressure": 2.2,
      "pumpFlow": 1.2000000000000002,
      "weightFlow": 0.6000000000000001,
      "temperature": 87.9,
      "shotWeight": 6.300000000000001,
      "waterPumped": 38.1,
      "targetTemperature": 87,
      "targetPumpFlow": 1.9000000000000001,
      "targetPressure": 0
    },
    {
      "timeInShot": 28600,
      "pressure": 2.4000000000000004,
      "pumpFlow": 1.4000000000000001,
      "weightFlow": 0.6000000000000001,
      "temperature": 87.9,
      "shotWeight": 6.4,
      "waterPumped": 38.400000000000006,
      "targetTemperature": 87,
      "targetPumpFlow": 1.9000000000000001,
      "targetPressure": 0
    },
    {
      "timeInShot": 28800,
      "pressure": 2.6,
      "pumpFlow": 1.4000000000000001,
      "weightFlow": 0.6000000000000001,
      "temperature": 87.9,
      "shotWeight": 6.4,
      "waterPumped": 38.400000000000006,
      "targetTemperature": 87,
      "targetPumpFlow": 2,
      "targetPressure": 0
    },
    {
      "timeInShot": 28900,
      "pressure": 2.9000000000000004,
      "pumpFlow": 1.5,
      "weightFlow": 0.6000000000000001,
      "temperature": 87.9,
      "shotWeight": 6.6000000000000005,
      "waterPumped": 38.800000000000004,
      "targetTemperature": 87,
      "targetPumpFlow": 2,
      "targetPressure": 0
    },
    {
      "timeInShot": 29100,
      "pressure": 3.2,
      "pumpFlow": 1.6,
      "weightFlow": 0.6000000000000001,
      "temperature": 87.9,
      "shotWeight": 6.7,
      "waterPumped": 39.2,
      "targetTemperature": 87,
      "targetPumpFlow": 2,
      "targetPressure": 0
    },
    {
      "timeInShot": 29200,
      "pressure": 3.4000000000000004,
      "pumpFlow": 1.6,
      "weightFlow": 0.6000000000000001,
      "temperature": 87.9,
      "shotWeight": 6.7,
      "waterPumped": 39.2,
      "targetTemperature": 87,
      "targetPumpFlow": 2,
      "targetPressure": 0
    },
    {
      "timeInShot": 29400,
      "pressure": 3.8000000000000003,
      "pumpFlow": 1.7000000000000002,
      "weightFlow": 0.6000000000000001,
      "temperature": 87.9,
      "shotWeight": 7.1000000000000005,
      "waterPumped": 39.6,
      "targetTemperature": 87,
      "targetPumpFlow": 2,
      "targetPressure": 9
    },
    {
      "timeInShot": 29500,
      "pressure": 4.1000000000000005,
      "pumpFlow": 1.7000000000000002,
      "weightFlow": 0.6000000000000001,
      "temperature": 87.9,
      "shotWeight": 7.1000000000000005,
      "waterPumped": 39.6,
      "targetTemperature": 87,
      "targetPumpFlow": 2,
      "targetPressure": 9
    },
    {
      "timeInShot": 29700,
      "pressure": 4.4,
      "pumpFlow": 1.8,
      "weightFlow": 0.6000000000000001,
      "temperature": 87.9,
      "shotWeight": 7.300000000000001,
      "waterPumped": 40.1,
      "targetTemperature": 87,
      "targetPumpFlow": 2,
      "targetPressure": 9
    },
    {
      "timeInShot": 29800,
      "pressure": 4.800000000000001,
      "pumpFlow": 1.8,
      "weightFlow": 0.7000000000000001,
      "temperature": 87.9,
      "shotWeight": 7.800000000000001,
      "waterPumped": 40.5,
      "targetTemperature": 87,
      "targetPumpFlow": 2,
      "targetPressure": 9
    },
    {
      "timeInShot": 30000,
      "pressure": 5,
      "pumpFlow": 1.8,
      "weightFlow": 0.7000000000000001,
      "temperature": 87.9,
      "shotWeight": 7.800000000000001,
      "waterPumped": 40.5,
      "targetTemperature": 87,
      "targetPumpFlow": 2,
      "targetPressure": 9
    },
    {
      "timeInShot": 30100,
      "pressure": 5.300000000000001,
      "pumpFlow": 1.8,
      "weightFlow": 0.7000000000000001,
      "temperature": 87.9,
      "shotWeight": 8,
      "waterPumped": 41,
      "targetTemperature": 87,
      "targetPumpFlow": 2,
      "targetPressure": 9
    },
    {
      "timeInShot": 30300,
      "pressure": 5.7,
      "pumpFlow": 1.8,
      "weightFlow": 0.7000000000000001,
      "temperature": 87.9,
      "shotWeight": 8,
      "waterPumped": 41,
      "targetTemperature": 87,
      "targetPumpFlow": 2,
      "targetPressure": 9
    },
    {
      "timeInShot": 30400,
      "pressure": 6.2,
      "pumpFlow": 1.8,
      "weightFlow": 0.7000000000000001,
      "temperature": 87.9,
      "shotWeight": 8.200000000000001,
      "waterPumped": 41.400000000000006,
      "targetTemperature": 87,
      "targetPumpFlow": 2,
      "targetPressure": 9
    },
    {
      "timeInShot": 30600,
      "pressure": 6.7,
      "pumpFlow": 1.8,
      "weightFlow": 0.7000000000000001,
      "temperature": 87.9,
      "shotWeight": 8.8,
      "waterPumped": 41.900000000000006,
      "targetTemperature": 87,
      "targetPumpFlow": 2,
      "targetPressure": 9
    },
    {
      "timeInShot": 30700,
      "pressure": 7.300000000000001,
      "pumpFlow": 1.8,
      "weightFlow": 0.7000000000000001,
      "temperature": 0,
      "shotWeight": 8.8,
      "waterPumped": 41.900000000000006,
      "targetTemperature": 87,
      "targetPumpFlow": 2,
      "targetPressure": 9
    },
    {
      "timeInShot": 30900,
      "pressure": 7.800000000000001,
      "pumpFlow": 1.9000000000000001,
      "weightFlow": 0.8,
      "temperature": 87.9,
      "shotWeight": 9.1,
      "waterPumped": 42.300000000000004,
      "targetTemperature": 87,
      "targetPumpFlow": 2,
      "targetPressure": 9
    },
    {
      "timeInShot": 31000,
      "pressure": 8,
      "pumpFlow": 1.8,
      "weightFlow": 0.8,
      "temperature": 87.9,
      "shotWeight": 9.700000000000001,
      "waterPumped": 42.800000000000004,
      "targetTemperature": 87,
      "targetPumpFlow": 2,
      "targetPressure": 9
    },
    {
      "timeInShot": 31200,
      "pressure": 8.4,
      "pumpFlow": 1.8,
      "weightFlow": 0.8,
      "temperature": 87.9,
      "shotWeight": 9.700000000000001,
      "waterPumped": 42.800000000000004,
      "targetTemperature": 87,
      "targetPumpFlow": 2,
      "targetPressure": 9
    },
    {
      "timeInShot": 31300,
      "pressure": 8.8,
      "pumpFlow": 1.9000000000000001,
      "weightFlow": 0.8,
      "temperature": 87.9,
      "shotWeight": 10,
      "waterPumped": 43.300000000000004,
      "targetTemperature": 87,
      "targetPumpFlow": 2,
      "targetPressure": 9
    },
    {
      "timeInShot": 31500,
      "pressure": 9.200000000000001,
      "pumpFlow": 1.9000000000000001,
      "weightFlow": 0.8,
      "temperature": 87.9,
      "shotWeight": 10,
      "waterPumped": 43.300000000000004,
      "targetTemperature": 87,
      "targetPumpFlow": 2,
      "targetPressure": 9
    },
    {
      "timeInShot": 31700,
      "pressure": 9,
      "pumpFlow": 1.8,
      "weightFlow": 0.9,
      "temperature": 87.9,
      "shotWeight": 10.4,
      "waterPumped": 43.7,
      "targetTemperature": 87,
      "targetPumpFlow": 2,
      "targetPressure": 9
    },
    {
      "timeInShot": 31800,
      "pressure": 9,
      "pumpFlow": 1.7000000000000002,
      "weightFlow": 0.9,
      "temperature": 87.9,
      "shotWeight": 10.9,
      "waterPumped": 44.2,
      "targetTemperature": 87,
      "targetPumpFlow": 2,
      "targetPressure": 9
    },
    {
      "timeInShot": 32000,
      "pressure": 9,
      "pumpFlow": 1.7000000000000002,
      "weightFlow": 0.9,
      "temperature": 87.9,
      "shotWeight": 10.9,
      "waterPumped": 44.2,
      "targetTemperature": 87,
      "targetPumpFlow": 2,
      "targetPressure": 9
    },
    {
      "timeInShot": 32100,
      "pressure": 8.9,
      "pumpFlow": 1.6,
      "weightFlow": 1,
      "temperature": 87.9,
      "shotWeight": 11.4,
      "waterPumped": 44.6,
      "targetTemperature": 87,
      "targetPumpFlow": 2,
      "targetPressure": 9
    },
    {
      "timeInShot": 32300,
      "pressure": 9,
      "pumpFlow": 1.6,
      "weightFlow": 1,
      "temperature": 87.9,
      "shotWeight": 11.4,
      "waterPumped": 44.6,
      "targetTemperature": 87,
      "targetPumpFlow": 2,
      "targetPressure": 9
    },
    {
      "timeInShot": 32400,
      "pressure": 9.1,
      "pumpFlow": 1.6,
      "weightFlow": 1.1,
      "temperature": 87.9,
      "shotWeight": 11.9,
      "waterPumped": 44.900000000000006,
      "targetTemperature": 87,
      "targetPumpFlow": 2,
      "targetPressure": 9
    },
    {
      "timeInShot": 32600,
      "pressure": 9,
      "pumpFlow": 1.5,
      "weightFlow": 1.1,
      "temperature": 87.9,
      "shotWeight": 12.200000000000001,
      "waterPumped": 45.300000000000004,
      "targetTemperature": 87,
      "targetPumpFlow": 2,
      "targetPressure": 9
    },
    {
      "timeInShot": 32700,
      "pressure": 9,
      "pumpFlow": 1.5,
      "weightFlow": 1.1,
      "temperature": 87.9,
      "shotWeight": 12.200000000000001,
      "waterPumped": 45.300000000000004,
      "targetTemperature": 87,
      "targetPumpFlow": 2,
      "targetPressure": 9
    },
    {
      "timeInShot": 32900,
      "pressure": 9,
      "pumpFlow": 1.5,
      "weightFlow": 1.1,
      "temperature": 87.9,
      "shotWeight": 12.600000000000001,
      "waterPumped": 45.7,
      "targetTemperature": 87,
      "targetPumpFlow": 2,
      "targetPressure": 9
    },
    {
      "timeInShot": 33000,
      "pressure": 9,
      "pumpFlow": 1.5,
      "weightFlow": 1.1,
      "temperature": 87.9,
      "shotWeight": 12.600000000000001,
      "waterPumped": 45.7,
      "targetTemperature": 87,
      "targetPumpFlow": 2,
      "targetPressure": 9
    },
    {
      "timeInShot": 33200,
      "pressure": 9,
      "pumpFlow": 1.4000000000000001,
      "weightFlow": 1.2000000000000002,
      "temperature": 87.9,
      "shotWeight": 13.200000000000001,
      "waterPumped": 46,
      "targetTemperature": 87,
      "targetPumpFlow": 2,
      "targetPressure": 9
    },
    {
      "timeInShot": 33300,
      "pressure": 8.9,
      "pumpFlow": 1.4000000000000001,
      "weightFlow": 1.2000000000000002,
      "temperature": 87.9,
      "shotWeight": 13.5,
      "waterPumped": 46.400000000000006,
      "targetTemperature": 87,
      "targetPumpFlow": 2,
      "targetPressure": 9
    },
    {
      "timeInShot": 33500,
      "pressure": 8.9,
      "pumpFlow": 1.4000000000000001,
      "weightFlow": 1.2000000000000002,
      "temperature": 87.9,
      "shotWeight": 13.5,
      "waterPumped": 46.400000000000006,
      "targetTemperature": 87,
      "targetPumpFlow": 2,
      "targetPressure": 9
    },
    {
      "timeInShot": 33600,
      "pressure": 9.1,
      "pumpFlow": 1.4000000000000001,
      "weightFlow": 1.3,
      "temperature": 87.9,
      "shotWeight": 14.100000000000001,
      "waterPumped": 46.7,
      "targetTemperature": 87,
      "targetPumpFlow": 2,
      "targetPressure": 9
    },
    {
      "timeInShot": 33800,
      "pressure": 9,
      "pumpFlow": 1.4000000000000001,
      "weightFlow": 1.3,
      "temperature": 87.9,
      "shotWeight": 14.100000000000001,
      "waterPumped": 46.7,
      "targetTemperature": 87,
      "targetPumpFlow": 2,
      "targetPressure": 9
    },
    {
      "timeInShot": 33900,
      "pressure": 8.9,
      "pumpFlow": 1.3,
      "weightFlow": 1.2000000000000002,
      "temperature": 87.9,
      "shotWeight": 14.4,
      "waterPumped": 47.1,
      "targetTemperature": 87,
      "targetPumpFlow": 2,
      "targetPressure": 9
    },
    {
      "timeInShot": 34100,
      "pressure": 9,
      "pumpFlow": 1.3,
      "weightFlow": 1.2000000000000002,
      "temperature": 87.9,
      "shotWeight": 14.700000000000001,
      "waterPumped": 47.400000000000006,
      "targetTemperature": 87,
      "targetPumpFlow": 2,
      "targetPressure": 9
    },
    {
      "timeInShot": 34200,
      "pressure": 9,
      "pumpFlow": 1.3,
      "weightFlow": 1.2000000000000002,
      "temperature": 87.9,
      "shotWeight": 14.700000000000001,
      "waterPumped": 47.400000000000006,
      "targetTemperature": 87,
      "targetPumpFlow": 2,
      "targetPressure": 9
    },
    {
      "timeInShot": 34400,
      "pressure": 9.1,
      "pumpFlow": 1.3,
      "weightFlow": 1.3,
      "temperature": 87.9,
      "shotWeight": 15.3,
      "waterPumped": 47.7,
      "targetTemperature": 87,
      "targetPumpFlow": 2,
      "targetPressure": 9
    },
    {
      "timeInShot": 34500,
      "pressure": 8.8,
      "pumpFlow": 1.3,
      "weightFlow": 1.3,
      "temperature": 87.9,
      "shotWeight": 15.3,
      "waterPumped": 47.7,
      "targetTemperature": 87,
      "targetPumpFlow": 2,
      "targetPressure": 9
    },
    {
      "timeInShot": 34700,
      "pressure": 9,
      "pumpFlow": 1.3,
      "weightFlow": 1.3,
      "temperature": 87.9,
      "shotWeight": 15.700000000000001,
      "waterPumped": 48.1,
      "targetTemperature": 87,
      "targetPumpFlow": 2,
      "targetPressure": 9
    },
    {
      "timeInShot": 34800,
      "pressure": 9.1,
      "pumpFlow": 1.3,
      "weightFlow": 1.4000000000000001,
      "temperature": 87.9,
      "shotWeight": 16.3,
      "waterPumped": 48.400000000000006,
      "targetTemperature": 87,
      "targetPumpFlow": 2,
      "targetPressure": 9
    },
    {
      "timeInShot": 35000,
      "pressure": 9,
      "pumpFlow": 1.3,
      "weightFlow": 1.4000000000000001,
      "temperature": 87.9,
      "shotWeight": 16.3,
      "waterPumped": 48.400000000000006,
      "targetTemperature": 87,
      "targetPumpFlow": 2,
      "targetPressure": 9
    },
    {
      "timeInShot": 35100,
      "pressure": 9,
      "pumpFlow": 1.3,
      "weightFlow": 1.4000000000000001,
      "temperature": 87.9,
      "shotWeight": 16.6,
      "waterPumped": 48.7,
      "targetTemperature": 87,
      "targetPumpFlow": 2,
      "targetPressure": 9
    },
    {
      "timeInShot": 35300,
      "pressure": 9,
      "pumpFlow": 1.3,
      "weightFlow": 1.4000000000000001,
      "temperature": 87.9,
      "shotWeight": 16.6,
      "waterPumped": 48.7,
      "targetTemperature": 87,
      "targetPumpFlow": 2,
      "targetPressure": 9
    },
    {
      "timeInShot": 35400,
      "pressure": 8.9,
      "pumpFlow": 1.3,
      "weightFlow": 1.4000000000000001,
      "temperature": 87.9,
      "shotWeight": 16.900000000000002,
      "waterPumped": 49,
      "targetTemperature": 87,
      "targetPumpFlow": 2,
      "targetPressure": 9
    },
    {
      "timeInShot": 35600,
      "pressure": 9,
      "pumpFlow": 1.3,
      "weightFlow": 1.5,
      "temperature": 87.9,
      "shotWeight": 17.6,
      "waterPumped": 49.300000000000004,
      "targetTemperature": 87,
      "targetPumpFlow": 2,
      "targetPressure": 9
    },
    {
      "timeInShot": 35700,
      "pressure": 9,
      "pumpFlow": 1.3,
      "weightFlow": 1.5,
      "temperature": 87.9,
      "shotWeight": 17.6,
      "waterPumped": 49.300000000000004,
      "targetTemperature": 87,
      "targetPumpFlow": 2,
      "targetPressure": 9
    },
    {
      "timeInShot": 35900,
      "pressure": 9,
      "pumpFlow": 1.3,
      "weightFlow": 1.4000000000000001,
      "temperature": 87.9,
      "shotWeight": 17.900000000000002,
      "waterPumped": 49.7,
      "targetTemperature": 87,
      "targetPumpFlow": 2,
      "targetPressure": 9
    },
    {
      "timeInShot": 36000,
      "pressure": 9,
      "pumpFlow": 1.3,
      "weightFlow": 1.4000000000000001,
      "temperature": 87.9,
      "shotWeight": 17.900000000000002,
      "waterPumped": 49.7,
      "targetTemperature": 87,
      "targetPumpFlow": 2,
      "targetPressure": 9
    },
    {
      "timeInShot": 36200,
      "pressure": 9,
      "pumpFlow": 1.3,
      "weightFlow": 1.5,
      "temperature": 87.9,
      "shotWeight": 18.400000000000002,
      "waterPumped": 50,
      "targetTemperature": 87,
      "targetPumpFlow": 2,
      "targetPressure": 9
    },
    {
      "timeInShot": 36400,
      "pressure": 9.1,
      "pumpFlow": 1.3,
      "weightFlow": 1.5,
      "temperature": 87.9,
      "shotWeight": 18.7,
      "waterPumped": 50.300000000000004,
      "targetTemperature": 87,
      "targetPumpFlow": 2,
      "targetPressure": 9
    },
    {
      "timeInShot": 36500,
      "pressure": 8.9,
      "pumpFlow": 1.3,
      "weightFlow": 1.5,
      "temperature": 87.9,
      "shotWeight": 18.7,
      "waterPumped": 50.300000000000004,
      "targetTemperature": 87,
      "targetPumpFlow": 2,
      "targetPressure": 9
    },
    {
      "timeInShot": 36700,
      "pressure": 8.9,
      "pumpFlow": 1.2000000000000002,
      "weightFlow": 1.5,
      "temperature": 87.9,
      "shotWeight": 19.1,
      "waterPumped": 50.6,
      "targetTemperature": 87,
      "targetPumpFlow": 2,
      "targetPressure": 9
    },
    {
      "timeInShot": 36800,
      "pressure": 9,
      "pumpFlow": 1.2000000000000002,
      "weightFlow": 1.5,
      "temperature": 87.9,
      "shotWeight": 19.1,
      "waterPumped": 50.6,
      "targetTemperature": 87,
      "targetPumpFlow": 2,
      "targetPressure": 9
    },
    {
      "timeInShot": 37000,
      "pressure": 8.9,
      "pumpFlow": 1.2000000000000002,
      "weightFlow": 1.5,
      "temperature": 87.9,
      "shotWeight": 19.700000000000003,
      "waterPumped": 50.900000000000006,
      "targetTemperature": 87,
      "targetPumpFlow": 2,
      "targetPressure": 9
    },
    {
      "timeInShot": 37100,
      "pressure": 9.1,
      "pumpFlow": 1.2000000000000002,
      "weightFlow": 1.5,
      "temperature": 87.9,
      "shotWeight": 20,
      "waterPumped": 51.2,
      "targetTemperature": 87,
      "targetPumpFlow": 2,
      "targetPressure": 9
    },
    {
      "timeInShot": 37300,
      "pressure": 8.9,
      "pumpFlow": 1.2000000000000002,
      "weightFlow": 1.5,
      "temperature": 87.9,
      "shotWeight": 20,
      "waterPumped": 51.2,
      "targetTemperature": 87,
      "targetPumpFlow": 2,
      "targetPressure": 9
    },
    {
      "timeInShot": 37400,
      "pressure": 8.8,
      "pumpFlow": 1.2000000000000002,
      "weightFlow": 1.6,
      "temperature": 87.9,
      "shotWeight": 20.6,
      "waterPumped": 51.5,
      "targetTemperature": 87,
      "targetPumpFlow": 2,
      "targetPressure": 9
    },
    {
      "timeInShot": 37600,
      "pressure": 9,
      "pumpFlow": 1.2000000000000002,
      "weightFlow": 1.6,
      "temperature": 87.9,
      "shotWeight": 20.6,
      "waterPumped": 51.5,
      "targetTemperature": 87,
      "targetPumpFlow": 2,
      "targetPressure": 9
    },
    {
      "timeInShot": 37700,
      "pressure": 8.9,
      "pumpFlow": 1.2000000000000002,
      "weightFlow": 1.5,
      "temperature": 87.9,
      "shotWeight": 20.900000000000002,
      "waterPumped": 51.900000000000006,
      "targetTemperature": 87,
      "targetPumpFlow": 2,
      "targetPressure": 9
    },
    {
      "timeInShot": 37900,
      "pressure": 9,
      "pumpFlow": 1.2000000000000002,
      "weightFlow": 1.5,
      "temperature": 87.9,
      "shotWeight": 21.3,
      "waterPumped": 52.2,
      "targetTemperature": 87,
      "targetPumpFlow": 2,
      "targetPressure": 9
    },
    {
      "timeInShot": 38000,
      "pressure": 9.1,
      "pumpFlow": 1.2000000000000002,
      "weightFlow": 1.5,
      "temperature": 87.9,
      "shotWeight": 21.3,
      "waterPumped": 52.2,
      "targetTemperature": 87,
      "targetPumpFlow": 2,
      "targetPressure": 9
    },
    {
      "timeInShot": 38200,
      "pressure": 9,
      "pumpFlow": 1.2000000000000002,
      "weightFlow": 1.6,
      "temperature": 87.9,
      "shotWeight": 21.900000000000002,
      "waterPumped": 52.5,
      "targetTemperature": 87,
      "targetPumpFlow": 2,
      "targetPressure": 9
    },
    {
      "timeInShot": 38300,
      "pressure": 9,
      "pumpFlow": 1.2000000000000002,
      "weightFlow": 1.6,
      "temperature": 87.9,
      "shotWeight": 21.900000000000002,
      "waterPumped": 52.5,
      "targetTemperature": 87,
      "targetPumpFlow": 2,
      "targetPressure": 9
    },
    {
      "timeInShot": 38500,
      "pressure": 9.1,
      "pumpFlow": 1.2000000000000002,
      "weightFlow": 1.6,
      "temperature": 87.9,
      "shotWeight": 22.200000000000003,
      "waterPumped": 52.800000000000004,
      "targetTemperature": 87,
      "targetPumpFlow": 2,
      "targetPressure": 9
    },
    {
      "timeInShot": 38600,
      "pressure": 9,
      "pumpFlow": 1.2000000000000002,
      "weightFlow": 1.6,
      "temperature": 88,
      "shotWeight": 22.700000000000003,
      "waterPumped": 53.1,
      "targetTemperature": 87,
      "targetPumpFlow": 2,
      "targetPressure": 9
    },
    {
      "timeInShot": 38800,
      "pressure": 9.1,
      "pumpFlow": 1.2000000000000002,
      "weightFlow": 1.6,
      "temperature": 0,
      "shotWeight": 22.700000000000003,
      "waterPumped": 53.1,
      "targetTemperature": 87,
      "targetPumpFlow": 2,
      "targetPressure": 9
    },
    {
      "timeInShot": 38900,
      "pressure": 8.8,
      "pumpFlow": 1.2000000000000002,
      "weightFlow": 1.6,
      "temperature": 88,
      "shotWeight": 23,
      "waterPumped": 53.400000000000006,
      "targetTemperature": 87,
      "targetPumpFlow": 2,
      "targetPressure": 9
    },
    {
      "timeInShot": 39100,
      "pressure": 8.9,
      "pumpFlow": 1.2000000000000002,
      "weightFlow": 1.6,
      "temperature": 88,
      "shotWeight": 23,
      "waterPumped": 53.400000000000006,
      "targetTemperature": 87,
      "targetPumpFlow": 2,
      "targetPressure": 9
    },
    {
      "timeInShot": 39200,
      "pressure": 9,
      "pumpFlow": 1.2000000000000002,
      "weightFlow": 1.6,
      "temperature": 88,
      "shotWeight": 23.5,
      "waterPumped": 53.7,
      "targetTemperature": 87,
      "targetPumpFlow": 2,
      "targetPressure": 9
    },
    {
      "timeInShot": 39400,
      "pressure": 9,
      "pumpFlow": 1.2000000000000002,
      "weightFlow": 1.6,
      "temperature": 88,
      "shotWeight": 24,
      "waterPumped": 54,
      "targetTemperature": 87,
      "targetPumpFlow": 2,
      "targetPressure": 9
    },
    {
      "timeInShot": 39500,
      "pressure": 9,
      "pumpFlow": 1.2000000000000002,
      "weightFlow": 1.6,
      "temperature": 88,
      "shotWeight": 24,
      "waterPumped": 54,
      "targetTemperature": 87,
      "targetPumpFlow": 2,
      "targetPressure": 9
    },
    {
      "timeInShot": 39700,
      "pressure": 8.9,
      "pumpFlow": 1.2000000000000002,
      "weightFlow": 1.6,
      "temperature": 88,
      "shotWeight": 24.3,
      "waterPumped": 54.300000000000004,
      "targetTemperature": 87,
      "targetPumpFlow": 2,
      "targetPressure": 9
    },
    {
      "timeInShot": 39800,
      "pressure": 9,
      "pumpFlow": 1.2000000000000002,
      "weightFlow": 1.6,
      "temperature": 88,
      "shotWeight": 24.3,
      "waterPumped": 54.300000000000004,
      "targetTemperature": 87,
      "targetPumpFlow": 2,
      "targetPressure": 9
    },
    {
      "timeInShot": 40000,
      "pressure": 8.8,
      "pumpFlow": 1.2000000000000002,
      "weightFlow": 1.6,
      "temperature": 88,
      "shotWeight": 24.8,
      "waterPumped": 54.6,
      "targetTemperature": 87,
      "targetPumpFlow": 2,
      "targetPressure": 9
    },
    {
      "timeInShot": 40100,
      "pressure": 9.1,
      "pumpFlow": 1.2000000000000002,
      "weightFlow": 1.6,
      "temperature": 88,
      "shotWeight": 25.1,
      "waterPumped": 54.900000000000006,
      "targetTemperature": 87,
      "targetPumpFlow": 2,
      "targetPressure": 9
    },
    {
      "timeInShot": 40300,
      "pressure": 9,
      "pumpFlow": 1.2000000000000002,
      "weightFlow": 1.6,
      "temperature": 88,
      "shotWeight": 25.1,
      "waterPumped": 54.900000000000006,
      "targetTemperature": 87,
      "targetPumpFlow": 2,
      "targetPressure": 9
    },
    {
      "timeInShot": 40400,
      "pressure": 8.9,
      "pumpFlow": 1.2000000000000002,
      "weightFlow": 1.6,
      "temperature": 88,
      "shotWeight": 25.5,
      "waterPumped": 55.2,
      "targetTemperature": 87,
      "targetPumpFlow": 2,
      "targetPressure": 9
    },
    {
      "timeInShot": 40600,
      "pressure": 9,
      "pumpFlow": 1.2000000000000002,
      "weightFlow": 1.6,
      "temperature": 88,
      "shotWeight": 26,
      "waterPumped": 55.2,
      "targetTemperature": 87,
      "targetPumpFlow": 2,
      "targetPressure": 9
    },
    {
      "timeInShot": 40700,
      "pressure": 9,
      "pumpFlow": 1.2000000000000002,
      "weightFlow": 1.6,
      "temperature": 88,
      "shotWeight": 26,
      "waterPumped": 55.5,
      "targetTemperature": 87,
      "targetPumpFlow": 2,
      "targetPressure": 9
    },
    {
      "timeInShot": 40900,
      "pressure": 8.8,
      "pumpFlow": 1.2000000000000002,
      "weightFlow": 1.6,
      "temperature": 88,
      "shotWeight": 26.400000000000002,
      "waterPumped": 55.800000000000004,
      "targetTemperature": 87,
      "targetPumpFlow": 2,
      "targetPressure": 9
    },
    {
      "timeInShot": 41000,
      "pressure": 8.9,
      "pumpFlow": 1.2000000000000002,
      "weightFlow": 1.6,
      "temperature": 88,
      "shotWeight": 26.400000000000002,
      "waterPumped": 55.800000000000004,
      "targetTemperature": 87,
      "targetPumpFlow": 2,
      "targetPressure": 9
    },
    {
      "timeInShot": 41200,
      "pressure": 9,
      "pumpFlow": 1.2000000000000002,
      "weightFlow": 1.6,
      "temperature": 88,
      "shotWeight": 26.900000000000002,
      "waterPumped": 56.1,
      "targetTemperature": 87,
      "targetPumpFlow": 2,
      "targetPressure": 9
    },
    {
      "timeInShot": 41300,
      "pressure": 8.9,
      "pumpFlow": 1.2000000000000002,
      "weightFlow": 1.6,
      "temperature": 88,
      "shotWeight": 27.200000000000003,
      "waterPumped": 56.400000000000006,
      "targetTemperature": 87,
      "targetPumpFlow": 2,
      "targetPressure": 9
    },
    {
      "timeInShot": 41500,
      "pressure": 9.1,
      "pumpFlow": 1.2000000000000002,
      "weightFlow": 1.6,
      "temperature": 88,
      "shotWeight": 27.200000000000003,
      "waterPumped": 56.400000000000006,
      "targetTemperature": 87,
      "targetPumpFlow": 2,
      "targetPressure": 9
    },
    {
      "timeInShot": 41700,
      "pressure": 8.9,
      "pumpFlow": 1.2000000000000002,
      "weightFlow": 1.6,
      "temperature": 88,
      "shotWeight": 27.5,
      "waterPumped": 56.7,
      "targetTemperature": 87,
      "targetPumpFlow": 2,
      "targetPressure": 9
    },
    {
      "timeInShot": 41800,
      "pressure": 9,
      "pumpFlow": 1.2000000000000002,
      "weightFlow": 1.6,
      "temperature": 88,
      "shotWeight": 27.5,
      "waterPumped": 56.7,
      "targetTemperature": 87,
      "targetPumpFlow": 2,
      "targetPressure": 9
    },
    {
      "timeInShot": 42000,
      "pressure": 9,
      "pumpFlow": 1.2000000000000002,
      "weightFlow": 1.6,
      "temperature": 88,
      "shotWeight": 28.1,
      "waterPumped": 57,
      "targetTemperature": 87,
      "targetPumpFlow": 2,
      "targetPressure": 9
    },
    {
      "timeInShot": 42100,
      "pressure": 8.9,
      "pumpFlow": 1.1,
      "weightFlow": 1.6,
      "temperature": 0,
      "shotWeight": 28.400000000000002,
      "waterPumped": 57.300000000000004,
      "targetTemperature": 87,
      "targetPumpFlow": 2,
      "targetPressure": 9
    },
    {
      "timeInShot": 42300,
      "pressure": 9,
      "pumpFlow": 1.1,
      "weightFlow": 1.6,
      "temperature": 88,
      "shotWeight": 28.400000000000002,
      "waterPumped": 57.300000000000004,
      "targetTemperature": 87,
      "targetPumpFlow": 2,
      "targetPressure": 9
    },
    {
      "timeInShot": 42400,
      "pressure": 9,
      "pumpFlow": 1.2000000000000002,
      "weightFlow": 1.6,
      "temperature": 88,
      "shotWeight": 28.900000000000002,
      "waterPumped": 57.6,
      "targetTemperature": 87,
      "targetPumpFlow": 2,
      "targetPressure": 9
    },
    {
      "timeInShot": 42600,
      "pressure": 8.9,
      "pumpFlow": 1.2000000000000002,
      "weightFlow": 1.6,
      "temperature": 88,
      "shotWeight": 28.900000000000002,
      "waterPumped": 57.6,
      "targetTemperature": 87,
      "targetPumpFlow": 2,
      "targetPressure": 9
    },
    {
      "timeInShot": 42700,
      "pressure": 9.1,
      "pumpFlow": 1.2000000000000002,
      "weightFlow": 1.6,
      "temperature": 88,
      "shotWeight": 29.3,
      "waterPumped": 57.900000000000006,
      "targetTemperature": 87,
      "targetPumpFlow": 2,
      "targetPressure": 9
    },
    {
      "timeInShot": 42900,
      "pressure": 8.9,
      "pumpFlow": 1.1,
      "weightFlow": 1.6,
      "temperature": 88,
      "shotWeight": 29.6,
      "waterPumped": 58.1,
      "targetTemperature": 87,
      "targetPumpFlow": 2,
      "targetPressure": 9
    },
    {
      "timeInShot": 43000,
      "pressure": 8.9,
      "pumpFlow": 1.1,
      "weightFlow": 1.6,
      "temperature": 88,
      "shotWeight": 29.6,
      "waterPumped": 58.1,
      "targetTemperature": 87,
      "targetPumpFlow": 2,
      "targetPressure": 9
    },
    {
      "timeInShot": 43200,
      "pressure": 9.1,
      "pumpFlow": 1.1,
      "weightFlow": 1.6,
      "temperature": 88,
      "shotWeight": 30.1,
      "waterPumped": 58.400000000000006,
      "targetTemperature": 87,
      "targetPumpFlow": 2,
      "targetPressure": 9
    },
    {
      "timeInShot": 43300,
      "pressure": 8.9,
      "pumpFlow": 1.1,
      "weightFlow": 1.6,
      "temperature": 88,
      "shotWeight": 30.1,
      "waterPumped": 58.400000000000006,
      "targetTemperature": 87,
      "targetPumpFlow": 2,
      "targetPressure": 9
    },
    {
      "timeInShot": 43500,
      "pressure": 8.9,
      "pumpFlow": 1.1,
      "weightFlow": 1.6,
      "temperature": 88,
      "shotWeight": 30.400000000000002,
      "waterPumped": 58.7,
      "targetTemperature": 87,
      "targetPumpFlow": 2,
      "targetPressure": 9
    },
    {
      "timeInShot": 43600,
      "pressure": 9,
      "pumpFlow": 1.1,
      "weightFlow": 1.6,
      "temperature": 88,
      "shotWeight": 30.900000000000002,
      "waterPumped": 59,
      "targetTemperature": 87,
      "targetPumpFlow": 2,
      "targetPressure": 9
    },
    {
      "timeInShot": 43800,
      "pressure": 8.9,
      "pumpFlow": 1.1,
      "weightFlow": 1.6,
      "temperature": 88,
      "shotWeight": 30.900000000000002,
      "waterPumped": 59,
      "targetTemperature": 87,
      "targetPumpFlow": 2,
      "targetPressure": 9
    }
  ],
  "profile": {
    "id": 5,
    "name": "Blooming espresso",
    "phases": [
      {
        "target": {
          "end": 4,
          "curve": "INSTANT"
        },
        "stopConditions": {
          "time": 20000,
          "pressureAbove": 7,
          "waterPumpedInPhase": 65
        },
        "type": "FLOW",
        "skip": false,
        "restriction": 7
      },
      {
        "target": {
          "end": 0,
          "curve": "INSTANT"
        },
        "stopConditions": {
          "time": 30000,
          "pressureBelow": 0.600000024,
          "weight": 5
        },
        "type": "FLOW",
        "skip": false
      },
      {
        "target": {
          "end": 2,
          "curve": "EASE_OUT",
          "time": 5000
        },
        "stopConditions": {
          "time": 5000
        },
        "type": "FLOW",
        "skip": false
      },
      {
        "target": {
          "end": 2,
          "curve": "INSTANT"
        },
        "stopConditions": {},
        "type": "FLOW",
        "skip": false,
        "restriction": 9
      }
    ],
    "globalStopConditions": {
      "weight": 32
    },
    "waterTemperature": 87,
    "recipe": {
      "coffeeIn": 18,
      "ratio": 2
    }
  }
}